hour,protein,strain,OD
0,PmrR,pStop,0.1
0,PmrR,pStop,0.099
0,PmrR,pStop,0.097
0,PmrR,pStop,0.099
0,PmrR,pSmall,0.098
0,PmrR,pSmall,0.097
0,PmrR,pSmall,0.099
0,PmrR,pSmall,0.096
0,MgtS,pStop,0.1
0,MgtS,pStop,0.098
0,MgtS,pStop,0.097
0,MgtS,pStop,0.097
0,MgtS,pSmall,0.098
0,MgtS,pSmall,0.095
0,MgtS,pSmall,0.099
0,MgtS,pSmall,0.1
0,YoaI,pStop,0.097
0,YoaI,pStop,0.097
0,YoaI,pStop,0.098
0,YoaI,pStop,0.098
0,YoaI,pSmall,0.1
0,YoaI,pSmall,0.101
0,YoaI,pSmall,0.1
0,YoaI,pSmall,0.097
0,YmiA,pStop,0.098
0,YmiA,pStop,0.098
0,YmiA,pStop,0.099
0,YmiA,pStop,0.099
0,YmiA,pSmall,0.105
0,YmiA,pSmall,0.101
0,YmiA,pSmall,0.099
0,YmiA,pSmall,0.098
0,YkgS,pStop,0.097
0,YkgS,pStop,0.096
0,YkgS,pStop,0.099
0,YkgS,pStop,0.098
0,YkgS,pSmall,0.1
0,YkgS,pSmall,0.098
0,YkgS,pSmall,0.097
0,YkgS,pSmall,0.096
1,PmrR,pStop,0.112
1,PmrR,pStop,0.112
1,PmrR,pStop,0.108
1,PmrR,pStop,0.11
1,PmrR,pSmall,0.1
1,PmrR,pSmall,0.1
1,PmrR,pSmall,0.1
1,PmrR,pSmall,0.097
1,MgtS,pStop,0.11
1,MgtS,pStop,0.109
1,MgtS,pStop,0.11
1,MgtS,pStop,0.111
1,MgtS,pSmall,0.1
1,MgtS,pSmall,0.096
1,MgtS,pSmall,0.1
1,MgtS,pSmall,0.102
1,YoaI,pStop,0.106
1,YoaI,pStop,0.106
1,YoaI,pStop,0.108
1,YoaI,pStop,0.108
1,YoaI,pSmall,0.1
1,YoaI,pSmall,0.1
1,YoaI,pSmall,0.1
1,YoaI,pSmall,0.097
1,YmiA,pStop,0.112
1,YmiA,pStop,0.112
1,YmiA,pStop,0.112
1,YmiA,pStop,0.111
1,YmiA,pSmall,0.11
1,YmiA,pSmall,0.107
1,YmiA,pSmall,0.106
1,YmiA,pSmall,0.106
1,YkgS,pStop,0.109
1,YkgS,pStop,0.107
1,YkgS,pStop,0.111
1,YkgS,pStop,0.111
1,YkgS,pSmall,0.103
1,YkgS,pSmall,0.102
1,YkgS,pSmall,0.105
1,YkgS,pSmall,0.101
2,PmrR,pStop,0.132
2,PmrR,pStop,0.132
2,PmrR,pStop,0.13
2,PmrR,pStop,0.134
2,PmrR,pSmall,0.101
2,PmrR,pSmall,0.097
2,PmrR,pSmall,0.1
2,PmrR,pSmall,0.097
2,MgtS,pStop,0.13
2,MgtS,pStop,0.131
2,MgtS,pStop,0.133
2,MgtS,pStop,0.138
2,MgtS,pSmall,0.1
2,MgtS,pSmall,0.096
2,MgtS,pSmall,0.1
2,MgtS,pSmall,0.101
2,YoaI,pStop,0.127
2,YoaI,pStop,0.128
2,YoaI,pStop,0.129
2,YoaI,pStop,0.132
2,YoaI,pSmall,0.1
2,YoaI,pSmall,0.098
2,YoaI,pSmall,0.099
2,YoaI,pSmall,0.096
2,YmiA,pStop,0.129
2,YmiA,pStop,0.129
2,YmiA,pStop,0.132
2,YmiA,pStop,0.136
2,YmiA,pSmall,0.112
2,YmiA,pSmall,0.109
2,YmiA,pSmall,0.107
2,YmiA,pSmall,0.108
2,YkgS,pStop,0.135
2,YkgS,pStop,0.132
2,YkgS,pStop,0.131
2,YkgS,pStop,0.134
2,YkgS,pSmall,0.111
2,YkgS,pSmall,0.11
2,YkgS,pSmall,0.112
2,YkgS,pSmall,0.111
3,PmrR,pStop,0.16
3,PmrR,pStop,0.162
3,PmrR,pStop,0.147
3,PmrR,pStop,0.152
3,PmrR,pSmall,0.103
3,PmrR,pSmall,0.098
3,PmrR,pSmall,0.099
3,PmrR,pSmall,0.097
3,MgtS,pStop,0.151
3,MgtS,pStop,0.152
3,MgtS,pStop,0.165
3,MgtS,pStop,0.171
3,MgtS,pSmall,0.101
3,MgtS,pSmall,0.096
3,MgtS,pSmall,0.099
3,MgtS,pSmall,0.101
3,YoaI,pStop,0.142
3,YoaI,pStop,0.143
3,YoaI,pStop,0.145
3,YoaI,pStop,0.147
3,YoaI,pSmall,0.099
3,YoaI,pSmall,0.099
3,YoaI,pSmall,0.099
3,YoaI,pSmall,0.097
3,YmiA,pStop,0.159
3,YmiA,pStop,0.159
3,YmiA,pStop,0.157
3,YmiA,pStop,0.16
3,YmiA,pSmall,0.111
3,YmiA,pSmall,0.109
3,YmiA,pSmall,0.112
3,YmiA,pSmall,0.113
3,YkgS,pStop,0.156
3,YkgS,pStop,0.153
3,YkgS,pStop,0.149
3,YkgS,pStop,0.149
3,YkgS,pSmall,0.12
3,YkgS,pSmall,0.12
3,YkgS,pSmall,0.122
3,YkgS,pSmall,0.121
4,PmrR,pStop,0.234
4,PmrR,pStop,0.241
4,PmrR,pStop,0.213
4,PmrR,pStop,0.223
4,PmrR,pSmall,0.102
4,PmrR,pSmall,0.098
4,PmrR,pSmall,0.099
4,PmrR,pSmall,0.099
4,MgtS,pStop,0.235
4,MgtS,pStop,0.242
4,MgtS,pStop,0.258
4,MgtS,pStop,0.285
4,MgtS,pSmall,0.1
4,MgtS,pSmall,0.097
4,MgtS,pSmall,0.098
4,MgtS,pSmall,0.101
4,YoaI,pStop,0.206
4,YoaI,pStop,0.213
4,YoaI,pStop,0.212
4,YoaI,pStop,0.222
4,YoaI,pSmall,0.098
4,YoaI,pSmall,0.099
4,YoaI,pSmall,0.097
4,YoaI,pSmall,0.096
4,YmiA,pStop,0.276
4,YmiA,pStop,0.279
4,YmiA,pStop,0.262
4,YmiA,pStop,0.267
4,YmiA,pSmall,0.111
4,YmiA,pSmall,0.108
4,YmiA,pSmall,0.115
4,YmiA,pSmall,0.118
4,YkgS,pStop,0.225
4,YkgS,pStop,0.22
4,YkgS,pStop,0.224
4,YkgS,pStop,0.228
4,YkgS,pSmall,0.13
4,YkgS,pSmall,0.13
4,YkgS,pSmall,0.137
4,YkgS,pSmall,0.146
5,PmrR,pStop,0.388
5,PmrR,pStop,0.389
5,PmrR,pStop,0.361
5,PmrR,pStop,0.368
5,PmrR,pSmall,0.1
5,PmrR,pSmall,0.098
5,PmrR,pSmall,0.1
5,PmrR,pSmall,0.097
5,MgtS,pStop,0.4
5,MgtS,pStop,0.398
5,MgtS,pStop,0.407
5,MgtS,pStop,0.408
5,MgtS,pSmall,0.101
5,MgtS,pSmall,0.096
5,MgtS,pSmall,0.098
5,MgtS,pSmall,0.1
5,YoaI,pStop,0.36
5,YoaI,pStop,0.367
5,YoaI,pStop,0.357
5,YoaI,pStop,0.356
5,YoaI,pSmall,0.099
5,YoaI,pSmall,0.098
5,YoaI,pSmall,0.097
5,YoaI,pSmall,0.096
5,YmiA,pStop,0.417
5,YmiA,pStop,0.417
5,YmiA,pStop,0.407
5,YmiA,pStop,0.408
5,YmiA,pSmall,0.11
5,YmiA,pSmall,0.105
5,YmiA,pSmall,0.111
5,YmiA,pSmall,0.117
5,YkgS,pStop,0.384
5,YkgS,pStop,0.375
5,YkgS,pStop,0.372
5,YkgS,pStop,0.371
5,YkgS,pSmall,0.144
5,YkgS,pSmall,0.144
5,YkgS,pSmall,0.156
5,YkgS,pSmall,0.169
6,PmrR,pStop,0.548
6,PmrR,pStop,0.557
6,PmrR,pStop,0.557
6,PmrR,pStop,0.564
6,PmrR,pSmall,0.1
6,PmrR,pSmall,0.097
6,PmrR,pSmall,0.099
6,PmrR,pSmall,0.097
6,MgtS,pStop,0.606
6,MgtS,pStop,0.603
6,MgtS,pStop,0.629
6,MgtS,pStop,0.631
6,MgtS,pSmall,0.1
6,MgtS,pSmall,0.097
6,MgtS,pSmall,0.099
6,MgtS,pSmall,0.1
6,YoaI,pStop,0.553
6,YoaI,pStop,0.568
6,YoaI,pStop,0.565
6,YoaI,pStop,0.563
6,YoaI,pSmall,0.099
6,YoaI,pSmall,0.097
6,YoaI,pSmall,0.097
6,YoaI,pSmall,0.096
6,YmiA,pStop,0.643
6,YmiA,pStop,0.642
6,YmiA,pStop,0.655
6,YmiA,pStop,0.709
6,YmiA,pSmall,0.109
6,YmiA,pSmall,0.106
6,YmiA,pSmall,0.112
6,YmiA,pSmall,0.121
6,YkgS,pStop,0.574
6,YkgS,pStop,0.573
6,YkgS,pStop,0.585
6,YkgS,pStop,0.58
6,YkgS,pSmall,0.153
6,YkgS,pSmall,0.153
6,YkgS,pSmall,0.171
6,YkgS,pSmall,0.184
7,PmrR,pStop,0.603
7,PmrR,pStop,0.612
7,PmrR,pStop,0.614
7,PmrR,pStop,0.644
7,PmrR,pSmall,0.1
7,PmrR,pSmall,0.097
7,PmrR,pSmall,0.098
7,PmrR,pSmall,0.097
7,MgtS,pStop,0.695
7,MgtS,pStop,0.691
7,MgtS,pStop,0.714
7,MgtS,pStop,0.73
7,MgtS,pSmall,0.1
7,MgtS,pSmall,0.097
7,MgtS,pSmall,0.098
7,MgtS,pSmall,0.099
7,YoaI,pStop,0.652
7,YoaI,pStop,0.659
7,YoaI,pStop,0.671
7,YoaI,pStop,0.691
7,YoaI,pSmall,0.098
7,YoaI,pSmall,0.1
7,YoaI,pSmall,0.096
7,YoaI,pSmall,0.096
7,YmiA,pStop,0.736
7,YmiA,pStop,0.745
7,YmiA,pStop,0.771
7,YmiA,pStop,0.816
7,YmiA,pSmall,0.108
7,YmiA,pSmall,0.106
7,YmiA,pSmall,0.111
7,YmiA,pSmall,0.12
7,YkgS,pStop,0.698
7,YkgS,pStop,0.702
7,YkgS,pStop,0.723
7,YkgS,pStop,0.737
7,YkgS,pSmall,0.164
7,YkgS,pSmall,0.167
7,YkgS,pSmall,0.179
7,YkgS,pSmall,0.191
8,PmrR,pStop,0.628
8,PmrR,pStop,0.634
8,PmrR,pStop,0.637
8,PmrR,pStop,0.693
8,PmrR,pSmall,0.101
8,PmrR,pSmall,0.097
8,PmrR,pSmall,0.099
8,PmrR,pSmall,0.098
8,MgtS,pStop,0.68
8,MgtS,pStop,0.681
8,MgtS,pStop,0.698
8,MgtS,pStop,0.716
8,MgtS,pSmall,0.1
8,MgtS,pSmall,0.097
8,MgtS,pSmall,0.098
8,MgtS,pSmall,0.099
8,YoaI,pStop,0.674
8,YoaI,pStop,0.67
8,YoaI,pStop,0.704
8,YoaI,pStop,0.749
8,YoaI,pSmall,0.098
8,YoaI,pSmall,0.098
8,YoaI,pSmall,0.095
8,YoaI,pSmall,0.095
8,YmiA,pStop,0.705
8,YmiA,pStop,0.709
8,YmiA,pStop,0.725
8,YmiA,pStop,0.765
8,YmiA,pSmall,0.109
8,YmiA,pSmall,0.106
8,YmiA,pSmall,0.112
8,YmiA,pSmall,0.117
8,YkgS,pStop,0.709
8,YkgS,pStop,0.703
8,YkgS,pStop,0.74
8,YkgS,pStop,0.803
8,YkgS,pSmall,0.177
8,YkgS,pSmall,0.182
8,YkgS,pSmall,0.185
8,YkgS,pSmall,0.208
9,PmrR,pStop,0.646
9,PmrR,pStop,0.65
9,PmrR,pStop,0.656
9,PmrR,pStop,0.71
9,PmrR,pSmall,0.102
9,PmrR,pSmall,0.098
9,PmrR,pSmall,0.1
9,PmrR,pSmall,0.099
9,MgtS,pStop,0.685
9,MgtS,pStop,0.679
9,MgtS,pStop,0.703
9,MgtS,pStop,0.718
9,MgtS,pSmall,0.1
9,MgtS,pSmall,0.097
9,MgtS,pSmall,0.098
9,MgtS,pSmall,0.099
9,YoaI,pStop,0.676
9,YoaI,pStop,0.677
9,YoaI,pStop,0.7
9,YoaI,pStop,0.761
9,YoaI,pSmall,0.098
9,YoaI,pSmall,0.097
9,YoaI,pSmall,0.096
9,YoaI,pSmall,0.095
9,YmiA,pStop,0.714
9,YmiA,pStop,0.711
9,YmiA,pStop,0.726
9,YmiA,pStop,0.76
9,YmiA,pSmall,0.11
9,YmiA,pSmall,0.106
9,YmiA,pSmall,0.11
9,YmiA,pSmall,0.117
9,YkgS,pStop,0.698
9,YkgS,pStop,0.693
9,YkgS,pStop,0.716
9,YkgS,pStop,0.784
9,YkgS,pSmall,0.199
9,YkgS,pSmall,0.206
9,YkgS,pSmall,0.191
9,YkgS,pSmall,0.209
10,PmrR,pStop,0.664
10,PmrR,pStop,0.669
10,PmrR,pStop,0.674
10,PmrR,pStop,0.728
10,PmrR,pSmall,0.104
10,PmrR,pSmall,0.098
10,PmrR,pSmall,0.101
10,PmrR,pSmall,0.103
10,MgtS,pStop,0.701
10,MgtS,pStop,0.695
10,MgtS,pStop,0.722
10,MgtS,pStop,0.737
10,MgtS,pSmall,0.099
10,MgtS,pSmall,0.096
10,MgtS,pSmall,0.099
10,MgtS,pSmall,0.099
10,YoaI,pStop,0.698
10,YoaI,pStop,0.69
10,YoaI,pStop,0.722
10,YoaI,pStop,0.77
10,YoaI,pSmall,0.097
10,YoaI,pSmall,0.099
10,YoaI,pSmall,0.098
10,YoaI,pSmall,0.097
10,YmiA,pStop,0.728
10,YmiA,pStop,0.73
10,YmiA,pStop,0.742
10,YmiA,pStop,0.797
10,YmiA,pSmall,0.11
10,YmiA,pSmall,0.106
10,YmiA,pSmall,0.11
10,YmiA,pSmall,0.12
10,YkgS,pStop,0.718
10,YkgS,pStop,0.712
10,YkgS,pStop,0.728
10,YkgS,pStop,0.789
10,YkgS,pSmall,0.233
10,YkgS,pSmall,0.239
10,YkgS,pSmall,0.197
10,YkgS,pSmall,0.209
11,PmrR,pStop,0.678
11,PmrR,pStop,0.682
11,PmrR,pStop,0.685
11,PmrR,pStop,0.742
11,PmrR,pSmall,0.11
11,PmrR,pSmall,0.099
11,PmrR,pSmall,0.108
11,PmrR,pSmall,0.116
11,MgtS,pStop,0.708
11,MgtS,pStop,0.705
11,MgtS,pStop,0.731
11,MgtS,pStop,0.758
11,MgtS,pSmall,0.1
11,MgtS,pSmall,0.096
11,MgtS,pSmall,0.103
11,MgtS,pSmall,0.1
11,YoaI,pStop,0.707
11,YoaI,pStop,0.701
11,YoaI,pStop,0.736
11,YoaI,pStop,0.779
11,YoaI,pSmall,0.098
11,YoaI,pSmall,0.1
11,YoaI,pSmall,0.106
11,YoaI,pSmall,0.104
11,YmiA,pStop,0.736
11,YmiA,pStop,0.735
11,YmiA,pStop,0.751
11,YmiA,pStop,0.812
11,YmiA,pSmall,0.111
11,YmiA,pSmall,0.106
11,YmiA,pSmall,0.108
11,YmiA,pSmall,0.126
11,YkgS,pStop,0.726
11,YkgS,pStop,0.725
11,YkgS,pStop,0.735
11,YkgS,pStop,0.804
11,YkgS,pSmall,0.279
11,YkgS,pSmall,0.281
11,YkgS,pSmall,0.205
11,YkgS,pSmall,0.205
12,PmrR,pStop,0.692
12,PmrR,pStop,0.696
12,PmrR,pStop,0.697
12,PmrR,pStop,0.752
12,PmrR,pSmall,0.12
12,PmrR,pSmall,0.103
12,PmrR,pSmall,0.127
12,PmrR,pSmall,0.148
12,MgtS,pStop,0.714
12,MgtS,pStop,0.71
12,MgtS,pStop,0.739
12,MgtS,pStop,0.767
12,MgtS,pSmall,0.1
12,MgtS,pSmall,0.096
12,MgtS,pSmall,0.116
12,MgtS,pSmall,0.106
12,YoaI,pStop,0.72
12,YoaI,pStop,0.712
12,YoaI,pStop,0.75
12,YoaI,pStop,0.793
12,YoaI,pSmall,0.098
12,YoaI,pSmall,0.1
12,YoaI,pSmall,0.121
12,YoaI,pSmall,0.122
12,YmiA,pStop,0.738
12,YmiA,pStop,0.738
12,YmiA,pStop,0.755
12,YmiA,pStop,0.821
12,YmiA,pSmall,0.115
12,YmiA,pSmall,0.106
12,YmiA,pSmall,0.108
12,YmiA,pSmall,0.135
12,YkgS,pStop,0.734
12,YkgS,pStop,0.733
12,YkgS,pStop,0.743
12,YkgS,pStop,0.823
12,YkgS,pSmall,0.349
12,YkgS,pSmall,0.351
12,YkgS,pSmall,0.209
12,YkgS,pSmall,0.214
13,PmrR,pStop,0.71
13,PmrR,pStop,0.708
13,PmrR,pStop,0.715
13,PmrR,pStop,0.768
13,PmrR,pSmall,0.144
13,PmrR,pSmall,0.111
13,PmrR,pSmall,0.163
13,PmrR,pSmall,0.197
13,MgtS,pStop,0.723
13,MgtS,pStop,0.719
13,MgtS,pStop,0.746
13,MgtS,pStop,0.773
13,MgtS,pSmall,0.1
13,MgtS,pSmall,0.095
13,MgtS,pSmall,0.133
13,MgtS,pSmall,0.124
13,YoaI,pStop,0.736
13,YoaI,pStop,0.728
13,YoaI,pStop,0.765
13,YoaI,pStop,0.81
13,YoaI,pSmall,0.097
13,YoaI,pSmall,0.102
13,YoaI,pSmall,0.144
13,YoaI,pSmall,0.169
13,YmiA,pStop,0.738
13,YmiA,pStop,0.742
13,YmiA,pStop,0.761
13,YmiA,pStop,0.837
13,YmiA,pSmall,0.128
13,YmiA,pSmall,0.106
13,YmiA,pSmall,0.109
13,YmiA,pSmall,0.171
13,YkgS,pStop,0.746
13,YkgS,pStop,0.747
13,YkgS,pStop,0.755
13,YkgS,pStop,0.84
13,YkgS,pSmall,0.436
13,YkgS,pSmall,0.444
13,YkgS,pSmall,0.225
13,YkgS,pSmall,0.243
14,PmrR,pStop,0.721
14,PmrR,pStop,0.722
14,PmrR,pStop,0.729
14,PmrR,pStop,0.789
14,PmrR,pSmall,0.177
14,PmrR,pSmall,0.129
14,PmrR,pSmall,0.246
14,PmrR,pSmall,0.291
14,MgtS,pStop,0.724
14,MgtS,pStop,0.721
14,MgtS,pStop,0.747
14,MgtS,pStop,0.784
14,MgtS,pSmall,0.1
14,MgtS,pSmall,0.096
14,MgtS,pSmall,0.193
14,MgtS,pSmall,0.152
14,YoaI,pStop,0.746
14,YoaI,pStop,0.738
14,YoaI,pStop,0.774
14,YoaI,pStop,0.82
14,YoaI,pSmall,0.098
14,YoaI,pSmall,0.11
14,YoaI,pSmall,0.209
14,YoaI,pSmall,0.207
14,YmiA,pStop,0.739
14,YmiA,pStop,0.742
14,YmiA,pStop,0.765
14,YmiA,pStop,0.858
14,YmiA,pSmall,0.158
14,YmiA,pSmall,0.12
14,YmiA,pSmall,0.112
14,YmiA,pSmall,0.283
14,YkgS,pStop,0.751
14,YkgS,pStop,0.752
14,YkgS,pStop,0.765
14,YkgS,pStop,0.863
14,YkgS,pSmall,0.58
14,YkgS,pSmall,0.524
14,YkgS,pSmall,0.25
14,YkgS,pSmall,0.266
15,PmrR,pStop,0.73
15,PmrR,pStop,0.731
15,PmrR,pStop,0.742
15,PmrR,pStop,0.814
15,PmrR,pSmall,0.261
15,PmrR,pSmall,0.172
15,PmrR,pSmall,0.376
15,PmrR,pSmall,0.37
15,MgtS,pStop,0.727
15,MgtS,pStop,0.725
15,MgtS,pStop,0.748
15,MgtS,pStop,0.795
15,MgtS,pSmall,0.191
15,MgtS,pSmall,0.195
15,MgtS,pSmall,0.318
15,MgtS,pSmall,0.256
15,YoaI,pStop,0.747
15,YoaI,pStop,0.74
15,YoaI,pStop,0.778
15,YoaI,pStop,0.838
15,YoaI,pSmall,0.197
15,YoaI,pSmall,0.127
15,YoaI,pSmall,0.339
15,YoaI,pSmall,0.286
15,YmiA,pStop,0.736
15,YmiA,pStop,0.741
15,YmiA,pStop,0.765
15,YmiA,pStop,0.867
15,YmiA,pSmall,0.22
15,YmiA,pSmall,0.18
15,YmiA,pSmall,0.121
15,YmiA,pSmall,0.393
15,YkgS,pStop,0.753
15,YkgS,pStop,0.755
15,YkgS,pStop,0.766
15,YkgS,pStop,0.898
15,YkgS,pSmall,0.684
15,YkgS,pSmall,0.63
15,YkgS,pSmall,0.295
15,YkgS,pSmall,0.339
16,PmrR,pStop,0.732
16,PmrR,pStop,0.735
16,PmrR,pStop,0.744
16,PmrR,pStop,0.828
16,PmrR,pSmall,0.347
16,PmrR,pSmall,0.245
16,PmrR,pSmall,0.477
16,PmrR,pSmall,0.475
16,MgtS,pStop,0.723
16,MgtS,pStop,0.724
16,MgtS,pStop,0.745
16,MgtS,pStop,0.811
16,MgtS,pSmall,0.201
16,MgtS,pSmall,0.23
16,MgtS,pSmall,0.473
16,MgtS,pSmall,0.367
16,YoaI,pStop,0.745
16,YoaI,pStop,0.738
16,YoaI,pStop,0.781
16,YoaI,pStop,0.856
16,YoaI,pSmall,0.297
16,YoaI,pSmall,0.247
16,YoaI,pSmall,0.512
16,YoaI,pSmall,0.414
16,YmiA,pStop,0.731
16,YmiA,pStop,0.741
16,YmiA,pStop,0.766
16,YmiA,pStop,0.866
16,YmiA,pSmall,0.303
16,YmiA,pSmall,0.2
16,YmiA,pSmall,0.14
16,YmiA,pSmall,0.577
16,YkgS,pStop,0.748
16,YkgS,pStop,0.753
16,YkgS,pStop,0.763
16,YkgS,pStop,0.894
16,YkgS,pSmall,0.688
16,YkgS,pSmall,0.686
16,YkgS,pSmall,0.378
16,YkgS,pSmall,0.463
17,PmrR,pStop,0.738
17,PmrR,pStop,0.741
17,PmrR,pStop,0.75
17,PmrR,pStop,0.836
17,PmrR,pSmall,0.439
17,PmrR,pSmall,0.348
17,PmrR,pSmall,0.655
17,PmrR,pSmall,0.625
17,MgtS,pStop,0.723
17,MgtS,pStop,0.723
17,MgtS,pStop,0.75
17,MgtS,pStop,0.814
17,MgtS,pSmall,0.251
17,MgtS,pSmall,0.395
17,MgtS,pSmall,0.578
17,MgtS,pSmall,0.513
17,YoaI,pStop,0.751
17,YoaI,pStop,0.743
17,YoaI,pStop,0.783
17,YoaI,pStop,0.877
17,YoaI,pSmall,0.397
17,YoaI,pSmall,0.359
17,YoaI,pSmall,0.658
17,YoaI,pSmall,0.54
17,YmiA,pStop,0.731
17,YmiA,pStop,0.739
17,YmiA,pStop,0.769
17,YmiA,pStop,0.858
17,YmiA,pSmall,0.387
17,YmiA,pSmall,0.309
17,YmiA,pSmall,0.192
17,YmiA,pSmall,0.917
17,YkgS,pStop,0.751
17,YkgS,pStop,0.752
17,YkgS,pStop,0.767
17,YkgS,pStop,0.907
17,YkgS,pSmall,0.701
17,YkgS,pSmall,0.731
17,YkgS,pSmall,0.491
17,YkgS,pSmall,0.544
18,PmrR,pStop,0.744
18,PmrR,pStop,0.746
18,PmrR,pStop,0.761
18,PmrR,pStop,0.84
18,PmrR,pSmall,0.657
18,PmrR,pSmall,0.412
18,PmrR,pSmall,0.771
18,PmrR,pSmall,0.784
18,MgtS,pStop,0.724
18,MgtS,pStop,0.725
18,MgtS,pStop,0.736
18,MgtS,pStop,0.8
18,MgtS,pSmall,0.399
18,MgtS,pSmall,0.405
18,MgtS,pSmall,0.699
18,MgtS,pSmall,0.625
18,YoaI,pStop,0.75
18,YoaI,pStop,0.743
18,YoaI,pStop,0.787
18,YoaI,pStop,0.876
18,YoaI,pSmall,0.497
18,YoaI,pSmall,0.48
18,YoaI,pSmall,0.739
18,YoaI,pSmall,0.622
18,YmiA,pStop,0.728
18,YmiA,pStop,0.733
18,YmiA,pStop,0.759
18,YmiA,pStop,0.865
18,YmiA,pSmall,0.689
18,YmiA,pSmall,0.509
18,YmiA,pSmall,0.307
18,YmiA,pSmall,1.011
18,YkgS,pStop,0.75
18,YkgS,pStop,0.757
18,YkgS,pStop,0.777
18,YkgS,pStop,0.913
18,YkgS,pSmall,0.713
18,YkgS,pSmall,0.743
18,YkgS,pSmall,0.585
18,YkgS,pSmall,0.601
19,PmrR,pStop,0.75
19,PmrR,pStop,0.749
19,PmrR,pStop,0.773
19,PmrR,pStop,0.852
19,PmrR,pSmall,0.628
19,PmrR,pSmall,0.674
19,PmrR,pSmall,0.815
19,PmrR,pSmall,0.891
19,MgtS,pStop,0.723
19,MgtS,pStop,0.727
19,MgtS,pStop,0.73
19,MgtS,pStop,0.807
19,MgtS,pSmall,0.5
19,MgtS,pSmall,0.592
19,MgtS,pSmall,0.789
19,MgtS,pSmall,0.773
19,YoaI,pStop,0.752
19,YoaI,pStop,0.748
19,YoaI,pStop,0.799
19,YoaI,pStop,0.882
19,YoaI,pSmall,0.527
19,YoaI,pSmall,0.624
19,YoaI,pSmall,0.77
19,YoaI,pSmall,0.64
19,YmiA,pStop,0.721
19,YmiA,pStop,0.724
19,YmiA,pStop,0.757
19,YmiA,pStop,0.85
19,YmiA,pSmall,0.854
19,YmiA,pSmall,0.79
19,YmiA,pSmall,0.412
19,YmiA,pSmall,0.977
19,YkgS,pStop,0.753
19,YkgS,pStop,0.763
19,YkgS,pStop,0.778
19,YkgS,pStop,0.907
19,YkgS,pSmall,0.724
19,YkgS,pSmall,0.745
19,YkgS,pSmall,0.661
19,YkgS,pSmall,0.631
20,PmrR,pStop,0.741
20,PmrR,pStop,0.748
20,PmrR,pStop,0.762
20,PmrR,pStop,0.837
20,PmrR,pSmall,0.637
20,PmrR,pSmall,0.702
20,PmrR,pSmall,0.804
20,PmrR,pSmall,0.884
20,MgtS,pStop,0.711
20,MgtS,pStop,0.716
20,MgtS,pStop,0.714
20,MgtS,pStop,0.8
20,MgtS,pSmall,0.599
20,MgtS,pSmall,0.695
20,MgtS,pSmall,0.815
20,MgtS,pSmall,0.929
20,YoaI,pStop,0.75
20,YoaI,pStop,0.748
20,YoaI,pStop,0.793
20,YoaI,pStop,0.876
20,YoaI,pSmall,0.067
20,YoaI,pSmall,0.692
20,YoaI,pSmall,0.769
20,YoaI,pSmall,0.66
20,YmiA,pStop,0.704
20,YmiA,pStop,0.709
20,YmiA,pStop,0.745
20,YmiA,pStop,0.839
20,YmiA,pSmall,0.812
20,YmiA,pSmall,0.8
20,YmiA,pSmall,0.588
20,YmiA,pSmall,0.897
20,YkgS,pStop,0.75
20,YkgS,pStop,0.758
20,YkgS,pStop,0.774
20,YkgS,pStop,0.892
20,YkgS,pSmall,0.737
20,YkgS,pSmall,0.749
20,YkgS,pSmall,0.726
20,YkgS,pSmall,0.661
0,PmrR,pEmpty,0.098
0,PmrR,pEmpty,0.097
0,PmrR,pEmpty,0.099
0,PmrR,pEmpty,0.098
0,MgtS,pEmpty,0.098
0,MgtS,pEmpty,0.097
0,MgtS,pEmpty,0.099
0,MgtS,pEmpty,0.098
0,YoaI,pEmpty,0.098
0,YoaI,pEmpty,0.097
0,YoaI,pEmpty,0.099
0,YoaI,pEmpty,0.098
0,YmiA,pEmpty,0.098
0,YmiA,pEmpty,0.097
0,YmiA,pEmpty,0.099
0,YmiA,pEmpty,0.098
0,YkgS,pEmpty,0.098
0,YkgS,pEmpty,0.097
0,YkgS,pEmpty,0.099
0,YkgS,pEmpty,0.098
1,PmrR,pEmpty,0.108
1,PmrR,pEmpty,0.109
1,PmrR,pEmpty,0.112
1,PmrR,pEmpty,0.11
1,MgtS,pEmpty,0.108
1,MgtS,pEmpty,0.109
1,MgtS,pEmpty,0.112
1,MgtS,pEmpty,0.11
1,YoaI,pEmpty,0.108
1,YoaI,pEmpty,0.109
1,YoaI,pEmpty,0.112
1,YoaI,pEmpty,0.11
1,YmiA,pEmpty,0.108
1,YmiA,pEmpty,0.109
1,YmiA,pEmpty,0.112
1,YmiA,pEmpty,0.11
1,YkgS,pEmpty,0.108
1,YkgS,pEmpty,0.109
1,YkgS,pEmpty,0.112
1,YkgS,pEmpty,0.11
2,PmrR,pEmpty,0.132
2,PmrR,pEmpty,0.132
2,PmrR,pEmpty,0.132
2,PmrR,pEmpty,0.133
2,MgtS,pEmpty,0.132
2,MgtS,pEmpty,0.132
2,MgtS,pEmpty,0.132
2,MgtS,pEmpty,0.133
2,YoaI,pEmpty,0.132
2,YoaI,pEmpty,0.132
2,YoaI,pEmpty,0.132
2,YoaI,pEmpty,0.133
2,YmiA,pEmpty,0.132
2,YmiA,pEmpty,0.132
2,YmiA,pEmpty,0.132
2,YmiA,pEmpty,0.133
2,YkgS,pEmpty,0.132
2,YkgS,pEmpty,0.132
2,YkgS,pEmpty,0.132
2,YkgS,pEmpty,0.133
3,PmrR,pEmpty,0.151
3,PmrR,pEmpty,0.149
3,PmrR,pEmpty,0.162
3,PmrR,pEmpty,0.176
3,MgtS,pEmpty,0.151
3,MgtS,pEmpty,0.149
3,MgtS,pEmpty,0.162
3,MgtS,pEmpty,0.176
3,YoaI,pEmpty,0.151
3,YoaI,pEmpty,0.149
3,YoaI,pEmpty,0.162
3,YoaI,pEmpty,0.176
3,YmiA,pEmpty,0.151
3,YmiA,pEmpty,0.149
3,YmiA,pEmpty,0.162
3,YmiA,pEmpty,0.176
3,YkgS,pEmpty,0.151
3,YkgS,pEmpty,0.149
3,YkgS,pEmpty,0.162
3,YkgS,pEmpty,0.176
4,PmrR,pEmpty,0.209
4,PmrR,pEmpty,0.216
4,PmrR,pEmpty,0.269
4,PmrR,pEmpty,0.296
4,MgtS,pEmpty,0.209
4,MgtS,pEmpty,0.216
4,MgtS,pEmpty,0.269
4,MgtS,pEmpty,0.296
4,YoaI,pEmpty,0.209
4,YoaI,pEmpty,0.216
4,YoaI,pEmpty,0.269
4,YoaI,pEmpty,0.296
4,YmiA,pEmpty,0.209
4,YmiA,pEmpty,0.216
4,YmiA,pEmpty,0.269
4,YmiA,pEmpty,0.296
4,YkgS,pEmpty,0.209
4,YkgS,pEmpty,0.216
4,YkgS,pEmpty,0.269
4,YkgS,pEmpty,0.296
5,PmrR,pEmpty,0.359
5,PmrR,pEmpty,0.369
5,PmrR,pEmpty,0.418
5,PmrR,pEmpty,0.413
5,MgtS,pEmpty,0.359
5,MgtS,pEmpty,0.369
5,MgtS,pEmpty,0.418
5,MgtS,pEmpty,0.413
5,YoaI,pEmpty,0.359
5,YoaI,pEmpty,0.369
5,YoaI,pEmpty,0.418
5,YoaI,pEmpty,0.413
5,YmiA,pEmpty,0.359
5,YmiA,pEmpty,0.369
5,YmiA,pEmpty,0.418
5,YmiA,pEmpty,0.413
5,YkgS,pEmpty,0.359
5,YkgS,pEmpty,0.369
5,YkgS,pEmpty,0.418
5,YkgS,pEmpty,0.413
6,PmrR,pEmpty,0.555
6,PmrR,pEmpty,0.567
6,PmrR,pEmpty,0.665
6,PmrR,pEmpty,0.688
6,MgtS,pEmpty,0.555
6,MgtS,pEmpty,0.567
6,MgtS,pEmpty,0.665
6,MgtS,pEmpty,0.688
6,YoaI,pEmpty,0.555
6,YoaI,pEmpty,0.567
6,YoaI,pEmpty,0.665
6,YoaI,pEmpty,0.688
6,YmiA,pEmpty,0.555
6,YmiA,pEmpty,0.567
6,YmiA,pEmpty,0.665
6,YmiA,pEmpty,0.688
6,YkgS,pEmpty,0.555
6,YkgS,pEmpty,0.567
6,YkgS,pEmpty,0.665
6,YkgS,pEmpty,0.688
7,PmrR,pEmpty,0.554
7,PmrR,pEmpty,0.563
7,PmrR,pEmpty,0.716
7,PmrR,pEmpty,0.773
7,MgtS,pEmpty,0.554
7,MgtS,pEmpty,0.563
7,MgtS,pEmpty,0.716
7,MgtS,pEmpty,0.773
7,YoaI,pEmpty,0.554
7,YoaI,pEmpty,0.563
7,YoaI,pEmpty,0.716
7,YoaI,pEmpty,0.773
7,YmiA,pEmpty,0.554
7,YmiA,pEmpty,0.563
7,YmiA,pEmpty,0.716
7,YmiA,pEmpty,0.773
7,YkgS,pEmpty,0.554
7,YkgS,pEmpty,0.563
7,YkgS,pEmpty,0.716
7,YkgS,pEmpty,0.773
8,PmrR,pEmpty,0.553
8,PmrR,pEmpty,0.564
8,PmrR,pEmpty,0.692
8,PmrR,pEmpty,0.755
8,MgtS,pEmpty,0.553
8,MgtS,pEmpty,0.564
8,MgtS,pEmpty,0.692
8,MgtS,pEmpty,0.755
8,YoaI,pEmpty,0.553
8,YoaI,pEmpty,0.564
8,YoaI,pEmpty,0.692
8,YoaI,pEmpty,0.755
8,YmiA,pEmpty,0.553
8,YmiA,pEmpty,0.564
8,YmiA,pEmpty,0.692
8,YmiA,pEmpty,0.755
8,YkgS,pEmpty,0.553
8,YkgS,pEmpty,0.564
8,YkgS,pEmpty,0.692
8,YkgS,pEmpty,0.755
9,PmrR,pEmpty,0.562
9,PmrR,pEmpty,0.571
9,PmrR,pEmpty,0.703
9,PmrR,pEmpty,0.768
9,MgtS,pEmpty,0.562
9,MgtS,pEmpty,0.571
9,MgtS,pEmpty,0.703
9,MgtS,pEmpty,0.768
9,YoaI,pEmpty,0.562
9,YoaI,pEmpty,0.571
9,YoaI,pEmpty,0.703
9,YoaI,pEmpty,0.768
9,YmiA,pEmpty,0.562
9,YmiA,pEmpty,0.571
9,YmiA,pEmpty,0.703
9,YmiA,pEmpty,0.768
9,YkgS,pEmpty,0.562
9,YkgS,pEmpty,0.571
9,YkgS,pEmpty,0.703
9,YkgS,pEmpty,0.768
10,PmrR,pEmpty,0.564
10,PmrR,pEmpty,0.579
10,PmrR,pEmpty,0.713
10,PmrR,pEmpty,0.787
10,MgtS,pEmpty,0.564
10,MgtS,pEmpty,0.579
10,MgtS,pEmpty,0.713
10,MgtS,pEmpty,0.787
10,YoaI,pEmpty,0.564
10,YoaI,pEmpty,0.579
10,YoaI,pEmpty,0.713
10,YoaI,pEmpty,0.787
10,YmiA,pEmpty,0.564
10,YmiA,pEmpty,0.579
10,YmiA,pEmpty,0.713
10,YmiA,pEmpty,0.787
10,YkgS,pEmpty,0.564
10,YkgS,pEmpty,0.579
10,YkgS,pEmpty,0.713
10,YkgS,pEmpty,0.787
11,PmrR,pEmpty,0.574
11,PmrR,pEmpty,0.59
11,PmrR,pEmpty,0.726
11,PmrR,pEmpty,0.803
11,MgtS,pEmpty,0.574
11,MgtS,pEmpty,0.59
11,MgtS,pEmpty,0.726
11,MgtS,pEmpty,0.803
11,YoaI,pEmpty,0.574
11,YoaI,pEmpty,0.59
11,YoaI,pEmpty,0.726
11,YoaI,pEmpty,0.803
11,YmiA,pEmpty,0.574
11,YmiA,pEmpty,0.59
11,YmiA,pEmpty,0.726
11,YmiA,pEmpty,0.803
11,YkgS,pEmpty,0.574
11,YkgS,pEmpty,0.59
11,YkgS,pEmpty,0.726
11,YkgS,pEmpty,0.803
12,PmrR,pEmpty,0.582
12,PmrR,pEmpty,0.597
12,PmrR,pEmpty,0.732
12,PmrR,pEmpty,0.817
12,MgtS,pEmpty,0.582
12,MgtS,pEmpty,0.597
12,MgtS,pEmpty,0.732
12,MgtS,pEmpty,0.817
12,YoaI,pEmpty,0.582
12,YoaI,pEmpty,0.597
12,YoaI,pEmpty,0.732
12,YoaI,pEmpty,0.817
12,YmiA,pEmpty,0.582
12,YmiA,pEmpty,0.597
12,YmiA,pEmpty,0.732
12,YmiA,pEmpty,0.817
12,YkgS,pEmpty,0.582
12,YkgS,pEmpty,0.597
12,YkgS,pEmpty,0.732
12,YkgS,pEmpty,0.817
13,PmrR,pEmpty,0.59
13,PmrR,pEmpty,0.611
13,PmrR,pEmpty,0.74
13,PmrR,pEmpty,0.828
13,MgtS,pEmpty,0.59
13,MgtS,pEmpty,0.611
13,MgtS,pEmpty,0.74
13,MgtS,pEmpty,0.828
13,YoaI,pEmpty,0.59
13,YoaI,pEmpty,0.611
13,YoaI,pEmpty,0.74
13,YoaI,pEmpty,0.828
13,YmiA,pEmpty,0.59
13,YmiA,pEmpty,0.611
13,YmiA,pEmpty,0.74
13,YmiA,pEmpty,0.828
13,YkgS,pEmpty,0.59
13,YkgS,pEmpty,0.611
13,YkgS,pEmpty,0.74
13,YkgS,pEmpty,0.828
14,PmrR,pEmpty,0.603
14,PmrR,pEmpty,0.615
14,PmrR,pEmpty,0.747
14,PmrR,pEmpty,0.861
14,MgtS,pEmpty,0.603
14,MgtS,pEmpty,0.615
14,MgtS,pEmpty,0.747
14,MgtS,pEmpty,0.861
14,YoaI,pEmpty,0.603
14,YoaI,pEmpty,0.615
14,YoaI,pEmpty,0.747
14,YoaI,pEmpty,0.861
14,YmiA,pEmpty,0.603
14,YmiA,pEmpty,0.615
14,YmiA,pEmpty,0.747
14,YmiA,pEmpty,0.861
14,YkgS,pEmpty,0.603
14,YkgS,pEmpty,0.615
14,YkgS,pEmpty,0.747
14,YkgS,pEmpty,0.861
15,PmrR,pEmpty,0.611
15,PmrR,pEmpty,0.612
15,PmrR,pEmpty,0.763
15,PmrR,pEmpty,0.875
15,MgtS,pEmpty,0.611
15,MgtS,pEmpty,0.612
15,MgtS,pEmpty,0.763
15,MgtS,pEmpty,0.875
15,YoaI,pEmpty,0.611
15,YoaI,pEmpty,0.612
15,YoaI,pEmpty,0.763
15,YoaI,pEmpty,0.875
15,YmiA,pEmpty,0.611
15,YmiA,pEmpty,0.612
15,YmiA,pEmpty,0.763
15,YmiA,pEmpty,0.875
15,YkgS,pEmpty,0.611
15,YkgS,pEmpty,0.612
15,YkgS,pEmpty,0.763
15,YkgS,pEmpty,0.875
16,PmrR,pEmpty,0.61
16,PmrR,pEmpty,0.604
16,PmrR,pEmpty,0.759
16,PmrR,pEmpty,0.866
16,MgtS,pEmpty,0.61
16,MgtS,pEmpty,0.604
16,MgtS,pEmpty,0.759
16,MgtS,pEmpty,0.866
16,YoaI,pEmpty,0.61
16,YoaI,pEmpty,0.604
16,YoaI,pEmpty,0.759
16,YoaI,pEmpty,0.866
16,YmiA,pEmpty,0.61
16,YmiA,pEmpty,0.604
16,YmiA,pEmpty,0.759
16,YmiA,pEmpty,0.866
16,YkgS,pEmpty,0.61
16,YkgS,pEmpty,0.604
16,YkgS,pEmpty,0.759
16,YkgS,pEmpty,0.866
17,PmrR,pEmpty,0.607
17,PmrR,pEmpty,0.609
17,PmrR,pEmpty,0.746
17,PmrR,pEmpty,0.863
17,MgtS,pEmpty,0.607
17,MgtS,pEmpty,0.609
17,MgtS,pEmpty,0.746
17,MgtS,pEmpty,0.863
17,YoaI,pEmpty,0.607
17,YoaI,pEmpty,0.609
17,YoaI,pEmpty,0.746
17,YoaI,pEmpty,0.863
17,YmiA,pEmpty,0.607
17,YmiA,pEmpty,0.609
17,YmiA,pEmpty,0.746
17,YmiA,pEmpty,0.863
17,YkgS,pEmpty,0.607
17,YkgS,pEmpty,0.609
17,YkgS,pEmpty,0.746
17,YkgS,pEmpty,0.863
18,PmrR,pEmpty,0.604
18,PmrR,pEmpty,0.607
18,PmrR,pEmpty,0.756
18,PmrR,pEmpty,0.853
18,MgtS,pEmpty,0.604
18,MgtS,pEmpty,0.607
18,MgtS,pEmpty,0.756
18,MgtS,pEmpty,0.853
18,YoaI,pEmpty,0.604
18,YoaI,pEmpty,0.607
18,YoaI,pEmpty,0.756
18,YoaI,pEmpty,0.853
18,YmiA,pEmpty,0.604
18,YmiA,pEmpty,0.607
18,YmiA,pEmpty,0.756
18,YmiA,pEmpty,0.853
18,YkgS,pEmpty,0.604
18,YkgS,pEmpty,0.607
18,YkgS,pEmpty,0.756
18,YkgS,pEmpty,0.853
19,PmrR,pEmpty,0.606
19,PmrR,pEmpty,0.608
19,PmrR,pEmpty,0.741
19,PmrR,pEmpty,0.838
19,MgtS,pEmpty,0.606
19,MgtS,pEmpty,0.608
19,MgtS,pEmpty,0.741
19,MgtS,pEmpty,0.838
19,YoaI,pEmpty,0.606
19,YoaI,pEmpty,0.608
19,YoaI,pEmpty,0.741
19,YoaI,pEmpty,0.838
19,YmiA,pEmpty,0.606
19,YmiA,pEmpty,0.608
19,YmiA,pEmpty,0.741
19,YmiA,pEmpty,0.838
19,YkgS,pEmpty,0.606
19,YkgS,pEmpty,0.608
19,YkgS,pEmpty,0.741
19,YkgS,pEmpty,0.838
20,PmrR,pEmpty,0.598
20,PmrR,pEmpty,0.605
20,PmrR,pEmpty,0.744
20,PmrR,pEmpty,0.828
20,MgtS,pEmpty,0.598
20,MgtS,pEmpty,0.605
20,MgtS,pEmpty,0.744
20,MgtS,pEmpty,0.828
20,YoaI,pEmpty,0.598
20,YoaI,pEmpty,0.605
20,YoaI,pEmpty,0.744
20,YoaI,pEmpty,0.828
20,YmiA,pEmpty,0.598
20,YmiA,pEmpty,0.605
20,YmiA,pEmpty,0.744
20,YmiA,pEmpty,0.828
20,YkgS,pEmpty,0.598
20,YkgS,pEmpty,0.605
20,YkgS,pEmpty,0.744
20,YkgS,pEmpty,0.828
0,DinQ,pEmpty,0.12
0,DinQ,pEmpty,0.119
0,DinQ,pEmpty,0.118
0,DinQ,pEmpty,0.118
0,DinQ,pEmpty,0.121
0,DinQ,pEmpty,0.12
0,DinQ,pEmpty,0.118
0,DinQ,pEmpty,0.119
0,DinQ,pSmall,0.118
0,DinQ,pSmall,0.117
0,DinQ,pSmall,0.116
0,DinQ,pSmall,0.117
0,DinQ,pSmall,0.118
0,DinQ,pSmall,0.118
0,DinQ,pSmall,0.115
0,DinQ,pSmall,0.116
0,DinQ,pStop,0.121
0,DinQ,pStop,0.12
0,DinQ,pStop,0.118
0,DinQ,pStop,0.118
0,DinQ,pStop,0.121
0,DinQ,pStop,0.119
0,DinQ,pStop,0.12
0,DinQ,pStop,0.12
1,DinQ,pEmpty,0.161
1,DinQ,pEmpty,0.161
1,DinQ,pEmpty,0.161
1,DinQ,pEmpty,0.16
1,DinQ,pEmpty,0.167
1,DinQ,pEmpty,0.162
1,DinQ,pEmpty,0.159
1,DinQ,pEmpty,0.162
1,DinQ,pSmall,0.146
1,DinQ,pSmall,0.145
1,DinQ,pSmall,0.155
1,DinQ,pSmall,0.155
1,DinQ,pSmall,0.15
1,DinQ,pSmall,0.148
1,DinQ,pSmall,0.15
1,DinQ,pSmall,0.151
1,DinQ,pStop,0.166
1,DinQ,pStop,0.164
1,DinQ,pStop,0.161
1,DinQ,pStop,0.163
1,DinQ,pStop,0.166
1,DinQ,pStop,0.164
1,DinQ,pStop,0.159
1,DinQ,pStop,0.161
2,DinQ,pEmpty,0.245
2,DinQ,pEmpty,0.239
2,DinQ,pEmpty,0.244
2,DinQ,pEmpty,0.237
2,DinQ,pEmpty,0.258
2,DinQ,pEmpty,0.25
2,DinQ,pEmpty,0.242
2,DinQ,pEmpty,0.25
2,DinQ,pSmall,0.188
2,DinQ,pSmall,0.182
2,DinQ,pSmall,0.186
2,DinQ,pSmall,0.187
2,DinQ,pSmall,0.188
2,DinQ,pSmall,0.182
2,DinQ,pSmall,0.18
2,DinQ,pSmall,0.184
2,DinQ,pStop,0.241
2,DinQ,pStop,0.249
2,DinQ,pStop,0.246
2,DinQ,pStop,0.257
2,DinQ,pStop,0.262
2,DinQ,pStop,0.254
2,DinQ,pStop,0.239
2,DinQ,pStop,0.246
3,DinQ,pEmpty,0.344
3,DinQ,pEmpty,0.301
3,DinQ,pEmpty,0.31
3,DinQ,pEmpty,0.312
3,DinQ,pEmpty,0.326
3,DinQ,pEmpty,0.31
3,DinQ,pEmpty,0.33
3,DinQ,pEmpty,0.368
3,DinQ,pSmall,0.208
3,DinQ,pSmall,0.194
3,DinQ,pSmall,0.179
3,DinQ,pSmall,0.179
3,DinQ,pSmall,0.185
3,DinQ,pSmall,0.195
3,DinQ,pSmall,0.192
3,DinQ,pSmall,0.2
3,DinQ,pStop,0.322
3,DinQ,pStop,0.326
3,DinQ,pStop,0.307
3,DinQ,pStop,0.32
3,DinQ,pStop,0.312
3,DinQ,pStop,0.311
3,DinQ,pStop,0.338
3,DinQ,pStop,0.36
4,DinQ,pEmpty,0.47
4,DinQ,pEmpty,0.396
4,DinQ,pEmpty,0.404
4,DinQ,pEmpty,0.404
4,DinQ,pEmpty,0.42
4,DinQ,pEmpty,0.424
4,DinQ,pEmpty,0.462
4,DinQ,pEmpty,0.487
4,DinQ,pSmall,0.224
4,DinQ,pSmall,0.205
4,DinQ,pSmall,0.183
4,DinQ,pSmall,0.183
4,DinQ,pSmall,0.191
4,DinQ,pSmall,0.201
4,DinQ,pSmall,0.197
4,DinQ,pSmall,0.204
4,DinQ,pStop,0.413
4,DinQ,pStop,0.425
4,DinQ,pStop,0.418
4,DinQ,pStop,0.457
4,DinQ,pStop,0.451
4,DinQ,pStop,0.435
4,DinQ,pStop,0.47
4,DinQ,pStop,0.469
5,DinQ,pEmpty,0.679
5,DinQ,pEmpty,0.607
5,DinQ,pEmpty,0.619
5,DinQ,pEmpty,0.627
5,DinQ,pEmpty,0.642
5,DinQ,pEmpty,0.635
5,DinQ,pEmpty,0.681
5,DinQ,pEmpty,0.67
5,DinQ,pSmall,0.23
5,DinQ,pSmall,0.216
5,DinQ,pSmall,0.185
5,DinQ,pSmall,0.188
5,DinQ,pSmall,0.212
5,DinQ,pSmall,0.215
5,DinQ,pSmall,0.199
5,DinQ,pSmall,0.212
5,DinQ,pStop,0.641
5,DinQ,pStop,0.638
5,DinQ,pStop,0.623
5,DinQ,pStop,0.629
5,DinQ,pStop,0.639
5,DinQ,pStop,0.641
5,DinQ,pStop,0.669
5,DinQ,pStop,0.666
6,DinQ,pEmpty,0.656
6,DinQ,pEmpty,0.656
6,DinQ,pEmpty,0.671
6,DinQ,pEmpty,0.675
6,DinQ,pEmpty,0.689
6,DinQ,pEmpty,0.684
6,DinQ,pEmpty,0.703
6,DinQ,pEmpty,0.648
6,DinQ,pSmall,0.275
6,DinQ,pSmall,0.257
6,DinQ,pSmall,0.192
6,DinQ,pSmall,0.199
6,DinQ,pSmall,0.255
6,DinQ,pSmall,0.257
6,DinQ,pSmall,0.206
6,DinQ,pSmall,0.22
6,DinQ,pStop,0.663
6,DinQ,pStop,0.631
6,DinQ,pStop,0.649
6,DinQ,pStop,0.677
6,DinQ,pStop,0.629
6,DinQ,pStop,0.637
6,DinQ,pStop,0.654
6,DinQ,pStop,0.648
7,DinQ,pEmpty,0.726
7,DinQ,pEmpty,0.776
7,DinQ,pEmpty,0.79
7,DinQ,pEmpty,0.789
7,DinQ,pEmpty,0.794
7,DinQ,pEmpty,0.792
7,DinQ,pEmpty,0.779
7,DinQ,pEmpty,0.722
7,DinQ,pSmall,0.329
7,DinQ,pSmall,0.321
7,DinQ,pSmall,0.209
7,DinQ,pSmall,0.233
7,DinQ,pSmall,0.319
7,DinQ,pSmall,0.319
7,DinQ,pSmall,0.219
7,DinQ,pSmall,0.231
7,DinQ,pStop,0.726
7,DinQ,pStop,0.7
7,DinQ,pStop,0.651
7,DinQ,pStop,0.661
7,DinQ,pStop,0.705
7,DinQ,pStop,0.717
7,DinQ,pStop,0.672
7,DinQ,pStop,0.653
8,DinQ,pEmpty,0.781
8,DinQ,pEmpty,0.824
8,DinQ,pEmpty,0.829
8,DinQ,pEmpty,0.846
8,DinQ,pEmpty,0.838
8,DinQ,pEmpty,0.84
8,DinQ,pEmpty,0.823
8,DinQ,pEmpty,0.795
8,DinQ,pSmall,0.439
8,DinQ,pSmall,0.407
8,DinQ,pSmall,0.239
8,DinQ,pSmall,0.275
8,DinQ,pSmall,0.421
8,DinQ,pSmall,0.417
8,DinQ,pSmall,0.25
8,DinQ,pSmall,0.26
8,DinQ,pStop,0.76
8,DinQ,pStop,0.749
8,DinQ,pStop,0.709
8,DinQ,pStop,0.719
8,DinQ,pStop,0.75
8,DinQ,pStop,0.77
8,DinQ,pStop,0.704
8,DinQ,pStop,0.68
9,DinQ,pEmpty,0.775
9,DinQ,pEmpty,0.855
9,DinQ,pEmpty,0.854
9,DinQ,pEmpty,0.864
9,DinQ,pEmpty,0.849
9,DinQ,pEmpty,0.869
9,DinQ,pEmpty,0.845
9,DinQ,pEmpty,0.779
9,DinQ,pSmall,0.597
9,DinQ,pSmall,0.57
9,DinQ,pSmall,0.288
9,DinQ,pSmall,0.292
9,DinQ,pSmall,0.624
9,DinQ,pSmall,0.594
9,DinQ,pSmall,0.275
9,DinQ,pSmall,0.292
9,DinQ,pStop,0.769
9,DinQ,pStop,0.767
9,DinQ,pStop,0.74
9,DinQ,pStop,0.762
9,DinQ,pStop,0.783
9,DinQ,pStop,0.792
9,DinQ,pStop,0.717
9,DinQ,pStop,0.712
10,DinQ,pEmpty,0.764
10,DinQ,pEmpty,0.838
10,DinQ,pEmpty,0.838
10,DinQ,pEmpty,0.843
10,DinQ,pEmpty,0.842
10,DinQ,pEmpty,0.849
10,DinQ,pEmpty,0.824
10,DinQ,pEmpty,0.784
10,DinQ,pSmall,0.655
10,DinQ,pSmall,0.675
10,DinQ,pSmall,0.403
10,DinQ,pSmall,0.404
10,DinQ,pSmall,0.684
10,DinQ,pSmall,0.674
10,DinQ,pSmall,0.35
10,DinQ,pSmall,0.361
10,DinQ,pStop,0.765
10,DinQ,pStop,0.748
10,DinQ,pStop,0.754
10,DinQ,pStop,0.774
10,DinQ,pStop,0.78
10,DinQ,pStop,0.785
10,DinQ,pStop,0.721
10,DinQ,pStop,0.733
11,DinQ,pEmpty,0.751
11,DinQ,pEmpty,0.847
11,DinQ,pEmpty,0.834
11,DinQ,pEmpty,0.834
11,DinQ,pEmpty,0.835
11,DinQ,pEmpty,0.846
11,DinQ,pEmpty,0.807
11,DinQ,pEmpty,0.782
11,DinQ,pSmall,0.725
11,DinQ,pSmall,0.72
11,DinQ,pSmall,0.551
11,DinQ,pSmall,0.545
11,DinQ,pSmall,0.747
11,DinQ,pSmall,0.753
11,DinQ,pSmall,0.466
11,DinQ,pSmall,0.473
11,DinQ,pStop,0.774
11,DinQ,pStop,0.743
11,DinQ,pStop,0.738
11,DinQ,pStop,0.767
11,DinQ,pStop,0.779
11,DinQ,pStop,0.79
11,DinQ,pStop,0.715
11,DinQ,pStop,0.739
12,DinQ,pEmpty,0.744
12,DinQ,pEmpty,0.836
12,DinQ,pEmpty,0.824
12,DinQ,pEmpty,0.831
12,DinQ,pEmpty,0.826
12,DinQ,pEmpty,0.84
12,DinQ,pEmpty,0.804
12,DinQ,pEmpty,0.777
12,DinQ,pSmall,0.755
12,DinQ,pSmall,0.765
12,DinQ,pSmall,0.615
12,DinQ,pSmall,0.606
12,DinQ,pSmall,0.798
12,DinQ,pSmall,0.797
12,DinQ,pSmall,0.546
12,DinQ,pSmall,0.566
12,DinQ,pStop,0.772
12,DinQ,pStop,0.748
12,DinQ,pStop,0.735
12,DinQ,pStop,0.76
12,DinQ,pStop,0.781
12,DinQ,pStop,0.8
12,DinQ,pStop,0.715
12,DinQ,pStop,0.737
13,DinQ,pEmpty,0.727
13,DinQ,pEmpty,0.837
13,DinQ,pEmpty,0.816
13,DinQ,pEmpty,0.824
13,DinQ,pEmpty,0.823
13,DinQ,pEmpty,0.834
13,DinQ,pEmpty,0.814
13,DinQ,pEmpty,0.775
13,DinQ,pSmall,0.735
13,DinQ,pSmall,0.755
13,DinQ,pSmall,0.668
13,DinQ,pSmall,0.651
13,DinQ,pSmall,0.6
13,DinQ,pSmall,0.65
13,DinQ,pSmall,0.596
13,DinQ,pSmall,0.627
13,DinQ,pStop,0.753
13,DinQ,pStop,0.748
13,DinQ,pStop,0.729
13,DinQ,pStop,0.753
13,DinQ,pStop,0.781
13,DinQ,pStop,0.813
13,DinQ,pStop,0.719
13,DinQ,pStop,0.738
14,DinQ,pEmpty,0.726
14,DinQ,pEmpty,0.838
14,DinQ,pEmpty,0.812
14,DinQ,pEmpty,0.814
14,DinQ,pEmpty,0.819
14,DinQ,pEmpty,0.835
14,DinQ,pEmpty,0.813
14,DinQ,pEmpty,0.771
14,DinQ,pSmall,0.728
14,DinQ,pSmall,0.725
14,DinQ,pSmall,0.66
14,DinQ,pSmall,0.65
14,DinQ,pSmall,0.61
14,DinQ,pSmall,0.611
14,DinQ,pSmall,0.63
14,DinQ,pSmall,0.666
14,DinQ,pStop,0.753
14,DinQ,pStop,0.758
14,DinQ,pStop,0.725
14,DinQ,pStop,0.758
14,DinQ,pStop,0.787
14,DinQ,pStop,0.81
14,DinQ,pStop,0.718
14,DinQ,pStop,0.734
15,DinQ,pEmpty,0.729
15,DinQ,pEmpty,0.83
15,DinQ,pEmpty,0.809
15,DinQ,pEmpty,0.814
15,DinQ,pEmpty,0.818
15,DinQ,pEmpty,0.836
15,DinQ,pEmpty,0.818
15,DinQ,pEmpty,0.768
15,DinQ,pSmall,0.69
15,DinQ,pSmall,0.7
15,DinQ,pSmall,0.66
15,DinQ,pSmall,0.669
15,DinQ,pSmall,0.62
15,DinQ,pSmall,0.612
15,DinQ,pSmall,0.65
15,DinQ,pSmall,0.68
15,DinQ,pStop,0.751
15,DinQ,pStop,0.741
15,DinQ,pStop,0.72
15,DinQ,pStop,0.751
15,DinQ,pStop,0.784
15,DinQ,pStop,0.818
15,DinQ,pStop,0.718
15,DinQ,pStop,0.733
16,DinQ,pEmpty,0.727
16,DinQ,pEmpty,0.824
16,DinQ,pEmpty,0.798
16,DinQ,pEmpty,0.8
16,DinQ,pEmpty,0.817
16,DinQ,pEmpty,0.831
16,DinQ,pEmpty,0.825
16,DinQ,pEmpty,0.771
16,DinQ,pSmall,0.667
16,DinQ,pSmall,0.67
16,DinQ,pSmall,0.62
16,DinQ,pSmall,0.63
16,DinQ,pSmall,0.66
16,DinQ,pSmall,0.68
16,DinQ,pSmall,0.659
16,DinQ,pSmall,0.69
16,DinQ,pStop,0.747
16,DinQ,pStop,0.741
16,DinQ,pStop,0.719
16,DinQ,pStop,0.764
16,DinQ,pStop,0.783
16,DinQ,pStop,0.814
16,DinQ,pStop,0.72
16,DinQ,pStop,0.734
17,DinQ,pEmpty,0.735
17,DinQ,pEmpty,0.828
17,DinQ,pEmpty,0.791
17,DinQ,pEmpty,0.792
17,DinQ,pEmpty,0.815
17,DinQ,pEmpty,0.83
17,DinQ,pEmpty,0.832
17,DinQ,pEmpty,0.792
17,DinQ,pSmall,0.66
17,DinQ,pSmall,0.67
17,DinQ,pSmall,0.63
17,DinQ,pSmall,0.64
17,DinQ,pSmall,0.66
17,DinQ,pSmall,0.69
17,DinQ,pSmall,0.665
17,DinQ,pSmall,0.7
17,DinQ,pStop,0.748
17,DinQ,pStop,0.736
17,DinQ,pStop,0.718
17,DinQ,pStop,0.757
17,DinQ,pStop,0.779
17,DinQ,pStop,0.808
17,DinQ,pStop,0.718
17,DinQ,pStop,0.731
18,DinQ,pEmpty,0.747
18,DinQ,pEmpty,0.84
18,DinQ,pEmpty,0.794
18,DinQ,pEmpty,0.803
18,DinQ,pEmpty,0.813
18,DinQ,pEmpty,0.834
18,DinQ,pEmpty,0.832
18,DinQ,pEmpty,0.811
18,DinQ,pSmall,0.67
18,DinQ,pSmall,0.69
18,DinQ,pSmall,0.63
18,DinQ,pSmall,0.633
18,DinQ,pSmall,0.65
18,DinQ,pSmall,0.64
18,DinQ,pSmall,0.66
18,DinQ,pSmall,0.7
18,DinQ,pStop,0.737
18,DinQ,pStop,0.741
18,DinQ,pStop,0.724
18,DinQ,pStop,0.764
18,DinQ,pStop,0.784
18,DinQ,pStop,0.822
18,DinQ,pStop,0.722
18,DinQ,pStop,0.734
19,DinQ,pEmpty,0.757
19,DinQ,pEmpty,0.851
19,DinQ,pEmpty,0.806
19,DinQ,pEmpty,0.806
19,DinQ,pEmpty,0.816
19,DinQ,pEmpty,0.838
19,DinQ,pEmpty,0.833
19,DinQ,pEmpty,0.831
19,DinQ,pSmall,0.66
19,DinQ,pSmall,0.68
19,DinQ,pSmall,0.64
19,DinQ,pSmall,0.63
19,DinQ,pSmall,0.66
19,DinQ,pSmall,0.67
19,DinQ,pSmall,0.667
19,DinQ,pSmall,0.7
19,DinQ,pStop,0.752
19,DinQ,pStop,0.759
19,DinQ,pStop,0.724
19,DinQ,pStop,0.764
19,DinQ,pStop,0.798
19,DinQ,pStop,0.838
19,DinQ,pStop,0.737
19,DinQ,pStop,0.751
20,DinQ,pEmpty,0.765
20,DinQ,pEmpty,0.85
20,DinQ,pEmpty,0.81
20,DinQ,pEmpty,0.809
20,DinQ,pEmpty,0.821
20,DinQ,pEmpty,0.841
20,DinQ,pEmpty,0.833
20,DinQ,pEmpty,0.838
20,DinQ,pSmall,0.66
20,DinQ,pSmall,0.67
20,DinQ,pSmall,0.64
20,DinQ,pSmall,0.65
20,DinQ,pSmall,0.66
20,DinQ,pSmall,0.69
20,DinQ,pSmall,0.666
20,DinQ,pSmall,0.71
20,DinQ,pStop,0.762
20,DinQ,pStop,0.767
20,DinQ,pStop,0.726
20,DinQ,pStop,0.769
20,DinQ,pStop,0.802
20,DinQ,pStop,0.842
20,DinQ,pStop,0.762
20,DinQ,pStop,0.776
0,MgrB,pSmall,0.127
0,MgrB,pSmall,0.128
0,MgrB,pSmall,0.147
0,MgrB,pSmall,0.135
0,MgrB,pSmall,0.126
0,MgrB,pSmall,0.131
0,MgrB,pSmall,0.129
0,MgrB,pSmall,0.129
0,MgrB,pStop,0.137
0,MgrB,pStop,0.138
0,MgrB,pStop,0.137
0,MgrB,pStop,0.139
0,MgrB,pStop,0.137
0,MgrB,pStop,0.14
0,MgrB,pStop,0.136
0,MgrB,pStop,0.138
1,MgrB,pSmall,0.117
1,MgrB,pSmall,0.117
1,MgrB,pSmall,0.15
1,MgrB,pSmall,0.137
1,MgrB,pSmall,0.115
1,MgrB,pSmall,0.119
1,MgrB,pSmall,0.128
1,MgrB,pSmall,0.128
1,MgrB,pStop,0.182
1,MgrB,pStop,0.179
1,MgrB,pStop,0.18
1,MgrB,pStop,0.19
1,MgrB,pStop,0.181
1,MgrB,pStop,0.18
1,MgrB,pStop,0.181
1,MgrB,pStop,0.19
2,MgrB,pSmall,0.114
2,MgrB,pSmall,0.113
2,MgrB,pSmall,0.136
2,MgrB,pSmall,0.125
2,MgrB,pSmall,0.112
2,MgrB,pSmall,0.116
2,MgrB,pSmall,0.118
2,MgrB,pSmall,0.119
2,MgrB,pStop,0.253
2,MgrB,pStop,0.245
2,MgrB,pStop,0.24
2,MgrB,pStop,0.248
2,MgrB,pStop,0.253
2,MgrB,pStop,0.257
2,MgrB,pStop,0.259
2,MgrB,pStop,0.268
3,MgrB,pSmall,0.111
3,MgrB,pSmall,0.111
3,MgrB,pSmall,0.131
3,MgrB,pSmall,0.121
3,MgrB,pSmall,0.111
3,MgrB,pSmall,0.115
3,MgrB,pSmall,0.115
3,MgrB,pSmall,0.118
3,MgrB,pStop,0.321
3,MgrB,pStop,0.322
3,MgrB,pStop,0.326
3,MgrB,pStop,0.335
3,MgrB,pStop,0.316
3,MgrB,pStop,0.322
3,MgrB,pStop,0.325
3,MgrB,pStop,0.324
4,MgrB,pSmall,0.11
4,MgrB,pSmall,0.11
4,MgrB,pSmall,0.131
4,MgrB,pSmall,0.122
4,MgrB,pSmall,0.111
4,MgrB,pSmall,0.115
4,MgrB,pSmall,0.113
4,MgrB,pSmall,0.115
4,MgrB,pStop,0.404
4,MgrB,pStop,0.411
4,MgrB,pStop,0.404
4,MgrB,pStop,0.417
4,MgrB,pStop,0.41
4,MgrB,pStop,0.406
4,MgrB,pStop,0.424
4,MgrB,pStop,0.454
5,MgrB,pSmall,0.109
5,MgrB,pSmall,0.11
5,MgrB,pSmall,0.141
5,MgrB,pSmall,0.13
5,MgrB,pSmall,0.112
5,MgrB,pSmall,0.115
5,MgrB,pSmall,0.112
5,MgrB,pSmall,0.114
5,MgrB,pStop,0.51
5,MgrB,pStop,0.525
5,MgrB,pStop,0.537
5,MgrB,pStop,0.545
5,MgrB,pStop,0.513
5,MgrB,pStop,0.518
5,MgrB,pStop,0.546
5,MgrB,pStop,0.553
6,MgrB,pSmall,0.111
6,MgrB,pSmall,0.11
6,MgrB,pSmall,0.17
6,MgrB,pSmall,0.152
6,MgrB,pSmall,0.114
6,MgrB,pSmall,0.116
6,MgrB,pSmall,0.112
6,MgrB,pSmall,0.113
6,MgrB,pStop,0.52
6,MgrB,pStop,0.523
6,MgrB,pStop,0.534
6,MgrB,pStop,0.553
6,MgrB,pStop,0.526
6,MgrB,pStop,0.527
6,MgrB,pStop,0.549
6,MgrB,pStop,0.586
7,MgrB,pSmall,0.121
7,MgrB,pSmall,0.118
7,MgrB,pSmall,0.215
7,MgrB,pSmall,0.194
7,MgrB,pSmall,0.116
7,MgrB,pSmall,0.123
7,MgrB,pSmall,0.115
7,MgrB,pSmall,0.115
7,MgrB,pStop,0.551
7,MgrB,pStop,0.522
7,MgrB,pStop,0.548
7,MgrB,pStop,0.57
7,MgrB,pStop,0.542
7,MgrB,pStop,0.546
7,MgrB,pStop,0.553
7,MgrB,pStop,0.621
8,MgrB,pSmall,0.146
8,MgrB,pSmall,0.14
8,MgrB,pSmall,0.287
8,MgrB,pSmall,0.264
8,MgrB,pSmall,0.128
8,MgrB,pSmall,0.15
8,MgrB,pSmall,0.128
8,MgrB,pSmall,0.128
8,MgrB,pStop,0.568
8,MgrB,pStop,0.534
8,MgrB,pStop,0.551
8,MgrB,pStop,0.568
8,MgrB,pStop,0.553
8,MgrB,pStop,0.564
8,MgrB,pStop,0.567
8,MgrB,pStop,0.636
9,MgrB,pSmall,0.192
9,MgrB,pSmall,0.179
9,MgrB,pSmall,0.388
9,MgrB,pSmall,0.353
9,MgrB,pSmall,0.158
9,MgrB,pSmall,0.183
9,MgrB,pSmall,0.162
9,MgrB,pSmall,0.16
9,MgrB,pStop,0.555
9,MgrB,pStop,0.543
9,MgrB,pStop,0.562
9,MgrB,pStop,0.577
9,MgrB,pStop,0.57
9,MgrB,pStop,0.58
9,MgrB,pStop,0.578
9,MgrB,pStop,0.655
10,MgrB,pSmall,0.302
10,MgrB,pSmall,0.267
10,MgrB,pSmall,0.634
10,MgrB,pSmall,0.495
10,MgrB,pSmall,0.201
10,MgrB,pSmall,0.25
10,MgrB,pSmall,0.212
10,MgrB,pSmall,0.213
10,MgrB,pStop,0.534
10,MgrB,pStop,0.553
10,MgrB,pStop,0.57
10,MgrB,pStop,0.591
10,MgrB,pStop,0.581
10,MgrB,pStop,0.596
10,MgrB,pStop,0.591
10,MgrB,pStop,0.687
11,MgrB,pSmall,0.47
11,MgrB,pSmall,0.39
11,MgrB,pSmall,0.677
11,MgrB,pSmall,0.655
11,MgrB,pSmall,0.274
11,MgrB,pSmall,0.334
11,MgrB,pSmall,0.31
11,MgrB,pSmall,0.298
11,MgrB,pStop,0.507
11,MgrB,pStop,0.572
11,MgrB,pStop,0.578
11,MgrB,pStop,0.599
11,MgrB,pStop,0.589
11,MgrB,pStop,0.611
11,MgrB,pStop,0.611
11,MgrB,pStop,0.693
12,MgrB,pSmall,0.691
12,MgrB,pSmall,0.623
12,MgrB,pSmall,0.691
12,MgrB,pSmall,0.685
12,MgrB,pSmall,0.373
12,MgrB,pSmall,0.464
12,MgrB,pSmall,0.412
12,MgrB,pSmall,0.396
12,MgrB,pStop,0.491
12,MgrB,pStop,0.569
12,MgrB,pStop,0.594
12,MgrB,pStop,0.606
12,MgrB,pStop,0.603
12,MgrB,pStop,0.628
12,MgrB,pStop,0.624
12,MgrB,pStop,0.714
13,MgrB,pSmall,0.805
13,MgrB,pSmall,0.75
13,MgrB,pSmall,0.703
13,MgrB,pSmall,0.706
13,MgrB,pSmall,0.514
13,MgrB,pSmall,0.67
13,MgrB,pSmall,0.662
13,MgrB,pSmall,0.655
13,MgrB,pStop,0.484
13,MgrB,pStop,0.555
13,MgrB,pStop,0.607
13,MgrB,pStop,0.612
13,MgrB,pStop,0.613
13,MgrB,pStop,0.642
13,MgrB,pStop,0.635
13,MgrB,pStop,0.7
14,MgrB,pSmall,0.789
14,MgrB,pSmall,0.743
14,MgrB,pSmall,0.709
14,MgrB,pSmall,0.717
14,MgrB,pSmall,0.678
14,MgrB,pSmall,0.702
14,MgrB,pSmall,0.694
14,MgrB,pSmall,0.718
14,MgrB,pStop,0.478
14,MgrB,pStop,0.544
14,MgrB,pStop,0.597
14,MgrB,pStop,0.608
14,MgrB,pStop,0.606
14,MgrB,pStop,0.636
14,MgrB,pStop,0.619
14,MgrB,pStop,0.699
15,MgrB,pSmall,0.812
15,MgrB,pSmall,0.757
15,MgrB,pSmall,0.72
15,MgrB,pSmall,0.72
15,MgrB,pSmall,0.7
15,MgrB,pSmall,0.727
15,MgrB,pSmall,0.717
15,MgrB,pSmall,0.737
15,MgrB,pStop,0.472
15,MgrB,pStop,0.543
15,MgrB,pStop,0.601
15,MgrB,pStop,0.607
15,MgrB,pStop,0.61
15,MgrB,pStop,0.654
15,MgrB,pStop,0.628
15,MgrB,pStop,0.695
16,MgrB,pSmall,0.805
16,MgrB,pSmall,0.759
16,MgrB,pSmall,0.728
16,MgrB,pSmall,0.726
16,MgrB,pSmall,0.718
16,MgrB,pSmall,0.74
16,MgrB,pSmall,0.727
16,MgrB,pSmall,0.729
16,MgrB,pStop,0.478
16,MgrB,pStop,0.546
16,MgrB,pStop,0.613
16,MgrB,pStop,0.62
16,MgrB,pStop,0.623
16,MgrB,pStop,0.652
16,MgrB,pStop,0.634
16,MgrB,pStop,0.702
17,MgrB,pSmall,0.81
17,MgrB,pSmall,0.75
17,MgrB,pSmall,0.725
17,MgrB,pSmall,0.726
17,MgrB,pSmall,0.721
17,MgrB,pSmall,0.736
17,MgrB,pSmall,0.724
17,MgrB,pSmall,0.726
17,MgrB,pStop,0.479
17,MgrB,pStop,0.544
17,MgrB,pStop,0.601
17,MgrB,pStop,0.609
17,MgrB,pStop,0.615
17,MgrB,pStop,0.648
17,MgrB,pStop,0.621
17,MgrB,pStop,0.673
18,MgrB,pSmall,0.814
18,MgrB,pSmall,0.717
18,MgrB,pSmall,0.737
18,MgrB,pSmall,0.734
18,MgrB,pSmall,0.727
18,MgrB,pSmall,0.746
18,MgrB,pSmall,0.725
18,MgrB,pSmall,0.742
18,MgrB,pStop,0.477
18,MgrB,pStop,0.549
18,MgrB,pStop,0.615
18,MgrB,pStop,0.614
18,MgrB,pStop,0.628
18,MgrB,pStop,0.657
18,MgrB,pStop,0.636
18,MgrB,pStop,0.704
19,MgrB,pSmall,0.823
19,MgrB,pSmall,0.693
19,MgrB,pSmall,0.737
19,MgrB,pSmall,0.732
19,MgrB,pSmall,0.719
19,MgrB,pSmall,0.736
19,MgrB,pSmall,0.723
19,MgrB,pSmall,0.731
19,MgrB,pStop,0.476
19,MgrB,pStop,0.546
19,MgrB,pStop,0.604
19,MgrB,pStop,0.611
19,MgrB,pStop,0.619
19,MgrB,pStop,0.652
19,MgrB,pStop,0.618
19,MgrB,pStop,0.688
20,MgrB,pSmall,0.827
20,MgrB,pSmall,0.688
20,MgrB,pSmall,0.751
20,MgrB,pSmall,0.741
20,MgrB,pSmall,0.725
20,MgrB,pSmall,0.738
20,MgrB,pSmall,0.729
20,MgrB,pSmall,0.745
20,MgrB,pStop,0.485
20,MgrB,pStop,0.548
20,MgrB,pStop,0.607
20,MgrB,pStop,0.613
20,MgrB,pStop,0.621
20,MgrB,pStop,0.655
20,MgrB,pStop,0.62
20,MgrB,pStop,0.682
0,MgrB,pEmpty,0.136
0,MgrB,pEmpty,0.139
0,MgrB,pEmpty,0.138
0,MgrB,pEmpty,0.135
0,MgrB,pEmpty,0.137
0,MgrB,pEmpty,0.137
0,MgrB,pEmpty,0.138
0,MgrB,pEmpty,0.137
1,MgrB,pEmpty,0.185
1,MgrB,pEmpty,0.19
1,MgrB,pEmpty,0.188
1,MgrB,pEmpty,0.181
1,MgrB,pEmpty,0.184
1,MgrB,pEmpty,0.187
1,MgrB,pEmpty,0.191
1,MgrB,pEmpty,0.183
2,MgrB,pEmpty,0.258
2,MgrB,pEmpty,0.258
2,MgrB,pEmpty,0.263
2,MgrB,pEmpty,0.252
2,MgrB,pEmpty,0.256
2,MgrB,pEmpty,0.259
2,MgrB,pEmpty,0.266
2,MgrB,pEmpty,0.259
3,MgrB,pEmpty,0.32
3,MgrB,pEmpty,0.323
3,MgrB,pEmpty,0.323
3,MgrB,pEmpty,0.32
3,MgrB,pEmpty,0.336
3,MgrB,pEmpty,0.321
3,MgrB,pEmpty,0.275
3,MgrB,pEmpty,0.289
4,MgrB,pEmpty,0.427
4,MgrB,pEmpty,0.444
4,MgrB,pEmpty,0.452
4,MgrB,pEmpty,0.435
4,MgrB,pEmpty,0.454
4,MgrB,pEmpty,0.455
4,MgrB,pEmpty,0.422
4,MgrB,pEmpty,0.459
5,MgrB,pEmpty,0.533
5,MgrB,pEmpty,0.536
5,MgrB,pEmpty,0.559
5,MgrB,pEmpty,0.547
5,MgrB,pEmpty,0.555
5,MgrB,pEmpty,0.548
5,MgrB,pEmpty,0.477
5,MgrB,pEmpty,0.527
6,MgrB,pEmpty,0.58
6,MgrB,pEmpty,0.562
6,MgrB,pEmpty,0.58
6,MgrB,pEmpty,0.567
6,MgrB,pEmpty,0.575
6,MgrB,pEmpty,0.568
6,MgrB,pEmpty,0.488
6,MgrB,pEmpty,0.54
7,MgrB,pEmpty,0.614
7,MgrB,pEmpty,0.599
7,MgrB,pEmpty,0.595
7,MgrB,pEmpty,0.585
7,MgrB,pEmpty,0.588
7,MgrB,pEmpty,0.581
7,MgrB,pEmpty,0.498
7,MgrB,pEmpty,0.555
8,MgrB,pEmpty,0.63
8,MgrB,pEmpty,0.627
8,MgrB,pEmpty,0.613
8,MgrB,pEmpty,0.617
8,MgrB,pEmpty,0.613
8,MgrB,pEmpty,0.61
8,MgrB,pEmpty,0.508
8,MgrB,pEmpty,0.574
9,MgrB,pEmpty,0.653
9,MgrB,pEmpty,0.655
9,MgrB,pEmpty,0.634
9,MgrB,pEmpty,0.614
9,MgrB,pEmpty,0.639
9,MgrB,pEmpty,0.638
9,MgrB,pEmpty,0.521
9,MgrB,pEmpty,0.59
10,MgrB,pEmpty,0.671
10,MgrB,pEmpty,0.661
10,MgrB,pEmpty,0.653
10,MgrB,pEmpty,0.607
10,MgrB,pEmpty,0.663
10,MgrB,pEmpty,0.666
10,MgrB,pEmpty,0.533
10,MgrB,pEmpty,0.596
11,MgrB,pEmpty,0.677
11,MgrB,pEmpty,0.692
11,MgrB,pEmpty,0.672
11,MgrB,pEmpty,0.599
11,MgrB,pEmpty,0.693
11,MgrB,pEmpty,0.695
11,MgrB,pEmpty,0.539
11,MgrB,pEmpty,0.601
12,MgrB,pEmpty,0.653
12,MgrB,pEmpty,0.709
12,MgrB,pEmpty,0.677
12,MgrB,pEmpty,0.619
12,MgrB,pEmpty,0.699
12,MgrB,pEmpty,0.697
12,MgrB,pEmpty,0.544
12,MgrB,pEmpty,0.604
13,MgrB,pEmpty,0.639
13,MgrB,pEmpty,0.73
13,MgrB,pEmpty,0.683
13,MgrB,pEmpty,0.636
13,MgrB,pEmpty,0.71
13,MgrB,pEmpty,0.706
13,MgrB,pEmpty,0.544
13,MgrB,pEmpty,0.602
14,MgrB,pEmpty,0.638
14,MgrB,pEmpty,0.712
14,MgrB,pEmpty,0.698
14,MgrB,pEmpty,0.655
14,MgrB,pEmpty,0.713
14,MgrB,pEmpty,0.705
14,MgrB,pEmpty,0.54
14,MgrB,pEmpty,0.598
15,MgrB,pEmpty,0.614
15,MgrB,pEmpty,0.685
15,MgrB,pEmpty,0.695
15,MgrB,pEmpty,0.652
15,MgrB,pEmpty,0.716
15,MgrB,pEmpty,0.71
15,MgrB,pEmpty,0.536
15,MgrB,pEmpty,0.596
16,MgrB,pEmpty,0.609
16,MgrB,pEmpty,0.66
16,MgrB,pEmpty,0.69
16,MgrB,pEmpty,0.675
16,MgrB,pEmpty,0.703
16,MgrB,pEmpty,0.723
16,MgrB,pEmpty,0.532
16,MgrB,pEmpty,0.592
17,MgrB,pEmpty,0.6
17,MgrB,pEmpty,0.645
17,MgrB,pEmpty,0.68
17,MgrB,pEmpty,0.68
17,MgrB,pEmpty,0.69
17,MgrB,pEmpty,0.719
17,MgrB,pEmpty,0.528
17,MgrB,pEmpty,0.592
18,MgrB,pEmpty,0.595
18,MgrB,pEmpty,0.631
18,MgrB,pEmpty,0.666
18,MgrB,pEmpty,0.657
18,MgrB,pEmpty,0.685
18,MgrB,pEmpty,0.699
18,MgrB,pEmpty,0.526
18,MgrB,pEmpty,0.589
19,MgrB,pEmpty,0.598
19,MgrB,pEmpty,0.627
19,MgrB,pEmpty,0.673
19,MgrB,pEmpty,0.649
19,MgrB,pEmpty,0.682
19,MgrB,pEmpty,0.704
19,MgrB,pEmpty,0.523
19,MgrB,pEmpty,0.589
20,MgrB,pEmpty,0.631
20,MgrB,pEmpty,0.644
20,MgrB,pEmpty,0.667
20,MgrB,pEmpty,0.652
20,MgrB,pEmpty,0.7
20,MgrB,pEmpty,0.705
20,MgrB,pEmpty,0.52
20,MgrB,pEmpty,0.586