time,replicate,strain,OD,Empty_vector,stress
0,1,YoaI,0.132,No,no_mg
0,2,YoaI,0.136,No,no_mg
0,3,YoaI,0.124,No,no_mg
0,4,YoaI,0.122,No,no_mg
0,1,PmrR,0.135,No,no_mg
0,2,PmrR,0.135,No,no_mg
0,3,PmrR,0.127,No,no_mg
0,4,PmrR,0.126,No,no_mg
0,1,YmiA,0.139,No,no_mg
0,2,YmiA,0.184,No,no_mg
0,3,YmiA,0.136,No,no_mg
0,4,YmiA,0.138,No,no_mg
0,1,YkgS,0.134,No,no_mg
0,2,YkgS,0.133,No,no_mg
0,3,YkgS,0.134,No,no_mg
0,4,YkgS,0.136,No,no_mg
0,1,MgtS,0.124,No,no_mg
0,2,MgtS,0.126,No,no_mg
0,3,MgtS,0.123,No,no_mg
0,4,MgtS,0.126,No,no_mg
0,1,MgrB,0.135,No,no_mg
0,2,MgrB,0.136,No,no_mg
0,3,MgrB,0.132,No,no_mg
0,4,MgrB,0.13,No,no_mg
0,1,DinQ,0.129,No,no_mg
0,2,DinQ,0.13,No,no_mg
0,3,DinQ,0.128,No,no_mg
0,4,DinQ,0.131,No,no_mg
1,1,YoaI,0.17,No,no_mg
1,2,YoaI,0.177,No,no_mg
1,3,YoaI,0.117,No,no_mg
1,4,YoaI,0.116,No,no_mg
1,1,PmrR,0.136,No,no_mg
1,2,PmrR,0.136,No,no_mg
1,3,PmrR,0.124,No,no_mg
1,4,PmrR,0.125,No,no_mg
1,1,YmiA,0.174,No,no_mg
1,2,YmiA,0.21,No,no_mg
1,3,YmiA,0.174,No,no_mg
1,4,YmiA,0.178,No,no_mg
1,1,YkgS,0.16,No,no_mg
1,2,YkgS,0.162,No,no_mg
1,3,YkgS,0.158,No,no_mg
1,4,YkgS,0.167,No,no_mg
1,1,MgtS,0.13,No,no_mg
1,2,MgtS,0.135,No,no_mg
1,3,MgtS,0.131,No,no_mg
1,4,MgtS,0.132,No,no_mg
1,1,MgrB,0.126,No,no_mg
1,2,MgrB,0.127,No,no_mg
1,3,MgrB,0.126,No,no_mg
1,4,MgrB,0.123,No,no_mg
1,1,DinQ,0.16,No,no_mg
1,2,DinQ,0.158,No,no_mg
1,3,DinQ,0.162,No,no_mg
1,4,DinQ,0.164,No,no_mg
2,1,YoaI,0.202,No,no_mg
2,2,YoaI,0.224,No,no_mg
2,3,YoaI,0.114,No,no_mg
2,4,YoaI,0.114,No,no_mg
2,1,PmrR,0.125,No,no_mg
2,2,PmrR,0.125,No,no_mg
2,3,PmrR,0.117,No,no_mg
2,4,PmrR,0.118,No,no_mg
2,1,YmiA,0.174,No,no_mg
2,2,YmiA,0.235,No,no_mg
2,3,YmiA,0.172,No,no_mg
2,4,YmiA,0.173,No,no_mg
2,1,YkgS,0.181,No,no_mg
2,2,YkgS,0.184,No,no_mg
2,3,YkgS,0.185,No,no_mg
2,4,YkgS,0.193,No,no_mg
2,1,MgtS,0.125,No,no_mg
2,2,MgtS,0.13,No,no_mg
2,3,MgtS,0.125,No,no_mg
2,4,MgtS,0.129,No,no_mg
2,1,MgrB,0.12,No,no_mg
2,2,MgrB,0.121,No,no_mg
2,3,MgrB,0.12,No,no_mg
2,4,MgrB,0.117,No,no_mg
2,1,DinQ,0.169,No,no_mg
2,2,DinQ,0.17,No,no_mg
2,3,DinQ,0.167,No,no_mg
2,4,DinQ,0.171,No,no_mg
3,1,YoaI,0.243,No,no_mg
3,2,YoaI,0.26,No,no_mg
3,3,YoaI,0.219,No,no_mg
3,4,YoaI,0.219,No,no_mg
3,1,PmrR,0.125,No,no_mg
3,2,PmrR,0.125,No,no_mg
3,3,PmrR,0.113,No,no_mg
3,4,PmrR,0.113,No,no_mg
3,1,YmiA,0.172,No,no_mg
3,2,YmiA,0.21,No,no_mg
3,3,YmiA,0.173,No,no_mg
3,4,YmiA,0.173,No,no_mg
3,1,YkgS,0.202,No,no_mg
3,2,YkgS,0.201,No,no_mg
3,3,YkgS,0.198,No,no_mg
3,4,YkgS,0.206,No,no_mg
3,1,MgtS,0.12,No,no_mg
3,2,MgtS,0.122,No,no_mg
3,3,MgtS,0.121,No,no_mg
3,4,MgtS,0.124,No,no_mg
3,1,MgrB,0.121,No,no_mg
3,2,MgrB,0.12,No,no_mg
3,3,MgrB,0.122,No,no_mg
3,4,MgrB,0.12,No,no_mg
3,1,DinQ,0.179,No,no_mg
3,2,DinQ,0.168,No,no_mg
3,3,DinQ,0.167,No,no_mg
3,4,DinQ,0.171,No,no_mg
4,1,YoaI,0.315,No,no_mg
4,2,YoaI,0.375,No,no_mg
4,3,YoaI,0.334,No,no_mg
4,4,YoaI,0.336,No,no_mg
4,1,PmrR,0.122,No,no_mg
4,2,PmrR,0.122,No,no_mg
4,3,PmrR,0.114,No,no_mg
4,4,PmrR,0.114,No,no_mg
4,1,YmiA,0.16,No,no_mg
4,2,YmiA,0.199,No,no_mg
4,3,YmiA,0.163,No,no_mg
4,4,YmiA,0.164,No,no_mg
4,1,YkgS,0.227,No,no_mg
4,2,YkgS,0.223,No,no_mg
4,3,YkgS,0.223,No,no_mg
4,4,YkgS,0.226,No,no_mg
4,1,MgtS,0.116,No,no_mg
4,2,MgtS,0.118,No,no_mg
4,3,MgtS,0.116,No,no_mg
4,4,MgtS,0.119,No,no_mg
4,1,MgrB,0.12,No,no_mg
4,2,MgrB,0.121,No,no_mg
4,3,MgrB,0.126,No,no_mg
4,4,MgrB,0.125,No,no_mg
4,1,DinQ,0.194,No,no_mg
4,2,DinQ,0.182,No,no_mg
4,3,DinQ,0.18,No,no_mg
4,4,DinQ,0.183,No,no_mg
5,1,YoaI,0.369,No,no_mg
5,2,YoaI,0.421,No,no_mg
5,3,YoaI,0.369,No,no_mg
5,4,YoaI,0.349,No,no_mg
5,1,PmrR,0.121,No,no_mg
5,2,PmrR,0.121,No,no_mg
5,3,PmrR,0.121,No,no_mg
5,4,PmrR,0.123,No,no_mg
5,1,YmiA,0.154,No,no_mg
5,2,YmiA,0.198,No,no_mg
5,3,YmiA,0.164,No,no_mg
5,4,YmiA,0.165,No,no_mg
5,1,YkgS,0.235,No,no_mg
5,2,YkgS,0.232,No,no_mg
5,3,YkgS,0.241,No,no_mg
5,4,YkgS,0.241,No,no_mg
5,1,MgtS,0.114,No,no_mg
5,2,MgtS,0.115,No,no_mg
5,3,MgtS,0.115,No,no_mg
5,4,MgtS,0.116,No,no_mg
5,1,MgrB,0.122,No,no_mg
5,2,MgrB,0.124,No,no_mg
5,3,MgrB,0.132,No,no_mg
5,4,MgrB,0.131,No,no_mg
5,1,DinQ,0.201,No,no_mg
5,2,DinQ,0.186,No,no_mg
5,3,DinQ,0.186,No,no_mg
5,4,DinQ,0.191,No,no_mg
6,1,YoaI,0.467,No,no_mg
6,2,YoaI,0.481,No,no_mg
6,3,YoaI,0.479,No,no_mg
6,4,YoaI,0.49,No,no_mg
6,1,PmrR,0.126,No,no_mg
6,2,PmrR,0.126,No,no_mg
6,3,PmrR,0.14,No,no_mg
6,4,PmrR,0.138,No,no_mg
6,1,YmiA,0.154,No,no_mg
6,2,YmiA,0.207,No,no_mg
6,3,YmiA,0.173,No,no_mg
6,4,YmiA,0.174,No,no_mg
6,1,YkgS,0.254,No,no_mg
6,2,YkgS,0.245,No,no_mg
6,3,YkgS,0.261,No,no_mg
6,4,YkgS,0.248,No,no_mg
6,1,MgtS,0.113,No,no_mg
6,2,MgtS,0.114,No,no_mg
6,3,MgtS,0.114,No,no_mg
6,4,MgtS,0.116,No,no_mg
6,1,MgrB,0.134,No,no_mg
6,2,MgrB,0.14,No,no_mg
6,3,MgrB,0.154,No,no_mg
6,4,MgrB,0.153,No,no_mg
6,1,DinQ,0.208,No,no_mg
6,2,DinQ,0.192,No,no_mg
6,3,DinQ,0.194,No,no_mg
6,4,DinQ,0.197,No,no_mg
7,1,YoaI,0.527,No,no_mg
7,2,YoaI,0.517,No,no_mg
7,3,YoaI,0.518,No,no_mg
7,4,YoaI,0.528,No,no_mg
7,1,PmrR,0.142,No,no_mg
7,2,PmrR,0.142,No,no_mg
7,3,PmrR,0.219,No,no_mg
7,4,PmrR,0.216,No,no_mg
7,1,YmiA,0.157,No,no_mg
7,2,YmiA,0.224,No,no_mg
7,3,YmiA,0.184,No,no_mg
7,4,YmiA,0.189,No,no_mg
7,1,YkgS,0.26,No,no_mg
7,2,YkgS,0.248,No,no_mg
7,3,YkgS,0.264,No,no_mg
7,4,YkgS,0.241,No,no_mg
7,1,MgtS,0.113,No,no_mg
7,2,MgtS,0.114,No,no_mg
7,3,MgtS,0.114,No,no_mg
7,4,MgtS,0.116,No,no_mg
7,1,MgrB,0.17,No,no_mg
7,2,MgrB,0.174,No,no_mg
7,3,MgrB,0.185,No,no_mg
7,4,MgrB,0.183,No,no_mg
7,1,DinQ,0.219,No,no_mg
7,2,DinQ,0.199,No,no_mg
7,3,DinQ,0.204,No,no_mg
7,4,DinQ,0.207,No,no_mg
8,1,YoaI,0.555,No,no_mg
8,2,YoaI,0.53,No,no_mg
8,3,YoaI,0.518,No,no_mg
8,4,YoaI,0.528,No,no_mg
8,1,PmrR,0.175,No,no_mg
8,2,PmrR,0.175,No,no_mg
8,3,PmrR,0.369,No,no_mg
8,4,PmrR,0.362,No,no_mg
8,1,YmiA,0.174,No,no_mg
8,2,YmiA,0.251,No,no_mg
8,3,YmiA,0.216,No,no_mg
8,4,YmiA,0.22,No,no_mg
8,1,YkgS,0.27,No,no_mg
8,2,YkgS,0.257,No,no_mg
8,3,YkgS,0.276,No,no_mg
8,4,YkgS,0.241,No,no_mg
8,1,MgtS,0.114,No,no_mg
8,2,MgtS,0.114,No,no_mg
8,3,MgtS,0.115,No,no_mg
8,4,MgtS,0.12,No,no_mg
8,1,MgrB,0.23,No,no_mg
8,2,MgrB,0.246,No,no_mg
8,3,MgrB,0.251,No,no_mg
8,4,MgrB,0.249,No,no_mg
8,1,DinQ,0.23,No,no_mg
8,2,DinQ,0.206,No,no_mg
8,3,DinQ,0.215,No,no_mg
8,4,DinQ,0.218,No,no_mg
9,1,YoaI,0.607,No,no_mg
9,2,YoaI,0.536,No,no_mg
9,3,YoaI,0.518,No,no_mg
9,4,YoaI,0.528,No,no_mg
9,1,PmrR,0.255,No,no_mg
9,2,PmrR,0.255,No,no_mg
9,3,PmrR,0.556,No,no_mg
9,4,PmrR,0.549,No,no_mg
9,1,YmiA,0.206,No,no_mg
9,2,YmiA,0.286,No,no_mg
9,3,YmiA,0.247,No,no_mg
9,4,YmiA,0.257,No,no_mg
9,1,YkgS,0.275,No,no_mg
9,2,YkgS,0.26,No,no_mg
9,3,YkgS,0.28,No,no_mg
9,4,YkgS,0.241,No,no_mg
9,1,MgtS,0.119,No,no_mg
9,2,MgtS,0.122,No,no_mg
9,3,MgtS,0.121,No,no_mg
9,4,MgtS,0.137,No,no_mg
9,1,MgrB,0.331,No,no_mg
9,2,MgrB,0.343,No,no_mg
9,3,MgrB,0.344,No,no_mg
9,4,MgrB,0.342,No,no_mg
9,1,DinQ,0.237,No,no_mg
9,2,DinQ,0.214,No,no_mg
9,3,DinQ,0.227,No,no_mg
9,4,DinQ,0.23,No,no_mg
10,1,YoaI,0.665,No,no_mg
10,2,YoaI,0.552,No,no_mg
10,3,YoaI,0.519,No,no_mg
10,4,YoaI,0.538,No,no_mg
10,1,PmrR,0.333,No,no_mg
10,2,PmrR,0.333,No,no_mg
10,3,PmrR,0.635,No,no_mg
10,4,PmrR,0.657,No,no_mg
10,1,YmiA,0.252,No,no_mg
10,2,YmiA,0.354,No,no_mg
10,3,YmiA,0.293,No,no_mg
10,4,YmiA,0.314,No,no_mg
10,1,YkgS,0.279,No,no_mg
10,2,YkgS,0.268,No,no_mg
10,3,YkgS,0.288,No,no_mg
10,4,YkgS,0.245,No,no_mg
10,1,MgtS,0.136,No,no_mg
10,2,MgtS,0.143,No,no_mg
10,3,MgtS,0.136,No,no_mg
10,4,MgtS,0.157,No,no_mg
10,1,MgrB,0.509,No,no_mg
10,2,MgrB,0.489,No,no_mg
10,3,MgrB,0.511,No,no_mg
10,4,MgrB,0.508,No,no_mg
10,1,DinQ,0.249,No,no_mg
10,2,DinQ,0.223,No,no_mg
10,3,DinQ,0.248,No,no_mg
10,4,DinQ,0.249,No,no_mg
11,1,YoaI,0.686,No,no_mg
11,2,YoaI,0.566,No,no_mg
11,3,YoaI,0.547,No,no_mg
11,4,YoaI,0.559,No,no_mg
11,1,PmrR,0.512,No,no_mg
11,2,PmrR,0.512,No,no_mg
11,3,PmrR,0.64,No,no_mg
11,4,PmrR,0.651,No,no_mg
11,1,YmiA,0.333,No,no_mg
11,2,YmiA,0.467,No,no_mg
11,3,YmiA,0.364,No,no_mg
11,4,YmiA,0.392,No,no_mg
11,1,YkgS,0.273,No,no_mg
11,2,YkgS,0.265,No,no_mg
11,3,YkgS,0.284,No,no_mg
11,4,YkgS,0.245,No,no_mg
11,1,MgtS,0.162,No,no_mg
11,2,MgtS,0.189,No,no_mg
11,3,MgtS,0.154,No,no_mg
11,4,MgtS,0.224,No,no_mg
11,1,MgrB,0.679,No,no_mg
11,2,MgrB,0.647,No,no_mg
11,3,MgrB,0.625,No,no_mg
11,4,MgrB,0.614,No,no_mg
11,1,DinQ,0.278,No,no_mg
11,2,DinQ,0.247,No,no_mg
11,3,DinQ,0.287,No,no_mg
11,4,DinQ,0.287,No,no_mg
12,1,YoaI,0.725,No,no_mg
12,2,YoaI,0.564,No,no_mg
12,3,YoaI,0.579,No,no_mg
12,4,YoaI,0.596,No,no_mg
12,1,PmrR,0.66,No,no_mg
12,2,PmrR,0.66,No,no_mg
12,3,PmrR,0.661,No,no_mg
12,4,PmrR,0.673,No,no_mg
12,1,YmiA,0.51,No,no_mg
12,2,YmiA,0.536,No,no_mg
12,3,YmiA,0.517,No,no_mg
12,4,YmiA,0.502,No,no_mg
12,1,YkgS,0.278,No,no_mg
12,2,YkgS,0.269,No,no_mg
12,3,YkgS,0.293,No,no_mg
12,4,YkgS,0.251,No,no_mg
12,1,MgtS,0.248,No,no_mg
12,2,MgtS,0.296,No,no_mg
12,3,MgtS,0.21,No,no_mg
12,4,MgtS,0.349,No,no_mg
12,1,MgrB,0.788,No,no_mg
12,2,MgrB,0.693,No,no_mg
12,3,MgrB,0.644,No,no_mg
12,4,MgrB,0.638,No,no_mg
12,1,DinQ,0.307,No,no_mg
12,2,DinQ,0.281,No,no_mg
12,3,DinQ,0.334,No,no_mg
12,4,DinQ,0.333,No,no_mg
13,1,YoaI,0.744,No,no_mg
13,2,YoaI,0.563,No,no_mg
13,3,YoaI,0.592,No,no_mg
13,4,YoaI,0.61,No,no_mg
13,1,PmrR,0.743,No,no_mg
13,2,PmrR,0.743,No,no_mg
13,3,PmrR,0.67,No,no_mg
13,4,PmrR,0.681,No,no_mg
13,1,YmiA,0.561,No,no_mg
13,2,YmiA,0.572,No,no_mg
13,3,YmiA,0.562,No,no_mg
13,4,YmiA,0.551,No,no_mg
13,1,YkgS,0.278,No,no_mg
13,2,YkgS,0.27,No,no_mg
13,3,YkgS,0.293,No,no_mg
13,4,YkgS,0.256,No,no_mg
13,1,MgtS,0.347,No,no_mg
13,2,MgtS,0.439,No,no_mg
13,3,MgtS,0.319,No,no_mg
13,4,MgtS,0.527,No,no_mg
13,1,MgrB,0.796,No,no_mg
13,2,MgrB,0.694,No,no_mg
13,3,MgrB,0.671,No,no_mg
13,4,MgrB,0.671,No,no_mg
13,1,DinQ,0.351,No,no_mg
13,2,DinQ,0.329,No,no_mg
13,3,DinQ,0.387,No,no_mg
13,4,DinQ,0.385,No,no_mg
14,1,YoaI,0.783,No,no_mg
14,2,YoaI,0.565,No,no_mg
14,3,YoaI,0.613,No,no_mg
14,4,YoaI,0.632,No,no_mg
14,1,PmrR,0.767,No,no_mg
14,2,PmrR,0.767,No,no_mg
14,3,PmrR,0.695,No,no_mg
14,4,PmrR,0.708,No,no_mg
14,1,YmiA,0.637,No,no_mg
14,2,YmiA,0.597,No,no_mg
14,3,YmiA,0.613,No,no_mg
14,4,YmiA,0.6,No,no_mg
14,1,YkgS,0.294,No,no_mg
14,2,YkgS,0.28,No,no_mg
14,3,YkgS,0.306,No,no_mg
14,4,YkgS,0.266,No,no_mg
14,1,MgtS,0.467,No,no_mg
14,2,MgtS,0.527,No,no_mg
14,3,MgtS,0.467,No,no_mg
14,4,MgtS,0.651,No,no_mg
14,1,MgrB,0.809,No,no_mg
14,2,MgrB,0.721,No,no_mg
14,3,MgrB,0.698,No,no_mg
14,4,MgrB,0.7,No,no_mg
14,1,DinQ,0.418,No,no_mg
14,2,DinQ,0.413,No,no_mg
14,3,DinQ,0.493,No,no_mg
14,4,DinQ,0.5,No,no_mg
15,1,YoaI,0.799,No,no_mg
15,2,YoaI,0.573,No,no_mg
15,3,YoaI,0.615,No,no_mg
15,4,YoaI,0.63,No,no_mg
15,1,PmrR,0.75,No,no_mg
15,2,PmrR,0.75,No,no_mg
15,3,PmrR,0.67,No,no_mg
15,4,PmrR,0.681,No,no_mg
15,1,YmiA,0.668,No,no_mg
15,2,YmiA,0.621,No,no_mg
15,3,YmiA,0.639,No,no_mg
15,4,YmiA,0.626,No,no_mg
15,1,YkgS,0.308,No,no_mg
15,2,YkgS,0.288,No,no_mg
15,3,YkgS,0.319,No,no_mg
15,4,YkgS,0.277,No,no_mg
15,1,MgtS,0.568,No,no_mg
15,2,MgtS,0.589,No,no_mg
15,3,MgtS,0.548,No,no_mg
15,4,MgtS,0.668,No,no_mg
15,1,MgrB,0.8,No,no_mg
15,2,MgrB,0.724,No,no_mg
15,3,MgrB,0.702,No,no_mg
15,4,MgrB,0.703,No,no_mg
15,1,DinQ,0.525,No,no_mg
15,2,DinQ,0.537,No,no_mg
15,3,DinQ,0.597,No,no_mg
15,4,DinQ,0.598,No,no_mg
16,1,YoaI,0.814,No,no_mg
16,2,YoaI,0.572,No,no_mg
16,3,YoaI,0.624,No,no_mg
16,4,YoaI,0.642,No,no_mg
16,1,PmrR,0.756,No,no_mg
16,2,PmrR,0.756,No,no_mg
16,3,PmrR,0.671,No,no_mg
16,4,PmrR,0.681,No,no_mg
16,1,YmiA,0.671,No,no_mg
16,2,YmiA,0.631,No,no_mg
16,3,YmiA,0.666,No,no_mg
16,4,YmiA,0.651,No,no_mg
16,1,YkgS,0.32,No,no_mg
16,2,YkgS,0.304,No,no_mg
16,3,YkgS,0.332,No,no_mg
16,4,YkgS,0.291,No,no_mg
16,1,MgtS,0.652,No,no_mg
16,2,MgtS,0.625,No,no_mg
16,3,MgtS,0.589,No,no_mg
16,4,MgtS,0.687,No,no_mg
16,1,MgrB,0.791,No,no_mg
16,2,MgrB,0.734,No,no_mg
16,3,MgrB,0.714,No,no_mg
16,4,MgrB,0.716,No,no_mg
16,1,DinQ,0.636,No,no_mg
16,2,DinQ,0.58,No,no_mg
16,3,DinQ,0.607,No,no_mg
16,4,DinQ,0.625,No,no_mg
17,1,YoaI,0.825,No,no_mg
17,2,YoaI,0.57,No,no_mg
17,3,YoaI,0.623,No,no_mg
17,4,YoaI,0.645,No,no_mg
17,1,PmrR,0.722,No,no_mg
17,2,PmrR,0.722,No,no_mg
17,3,PmrR,0.667,No,no_mg
17,4,PmrR,0.682,No,no_mg
17,1,YmiA,0.651,No,no_mg
17,2,YmiA,0.628,No,no_mg
17,3,YmiA,0.688,No,no_mg
17,4,YmiA,0.674,No,no_mg
17,1,YkgS,0.328,No,no_mg
17,2,YkgS,0.324,No,no_mg
17,3,YkgS,0.349,No,no_mg
17,4,YkgS,0.301,No,no_mg
17,1,MgtS,0.708,No,no_mg
17,2,MgtS,0.649,No,no_mg
17,3,MgtS,0.598,No,no_mg
17,4,MgtS,0.71,No,no_mg
17,1,MgrB,0.764,No,no_mg
17,2,MgrB,0.717,No,no_mg
17,3,MgrB,0.702,No,no_mg
17,4,MgrB,0.712,No,no_mg
17,1,DinQ,0.675,No,no_mg
17,2,DinQ,0.601,No,no_mg
17,3,DinQ,0.618,No,no_mg
17,4,DinQ,0.638,No,no_mg
18,1,YoaI,0.843,No,no_mg
18,2,YoaI,0.568,No,no_mg
18,3,YoaI,0.627,No,no_mg
18,4,YoaI,0.646,No,no_mg
18,1,PmrR,0.706,No,no_mg
18,2,PmrR,0.706,No,no_mg
18,3,PmrR,0.659,No,no_mg
18,4,PmrR,0.674,No,no_mg
18,1,YmiA,0.623,No,no_mg
18,2,YmiA,0.628,No,no_mg
18,3,YmiA,0.691,No,no_mg
18,4,YmiA,0.677,No,no_mg
18,1,YkgS,0.349,No,no_mg
18,2,YkgS,0.342,No,no_mg
18,3,YkgS,0.367,No,no_mg
18,4,YkgS,0.317,No,no_mg
18,1,MgtS,0.733,No,no_mg
18,2,MgtS,0.668,No,no_mg
18,3,MgtS,0.63,No,no_mg
18,4,MgtS,0.723,No,no_mg
18,1,MgrB,0.748,No,no_mg
18,2,MgrB,0.697,No,no_mg
18,3,MgrB,0.695,No,no_mg
18,4,MgrB,0.706,No,no_mg
18,1,DinQ,0.697,No,no_mg
18,2,DinQ,0.621,No,no_mg
18,3,DinQ,0.648,No,no_mg
18,4,DinQ,0.633,No,no_mg
19,1,YoaI,0.871,No,no_mg
19,2,YoaI,0.568,No,no_mg
19,3,YoaI,0.629,No,no_mg
19,4,YoaI,0.647,No,no_mg
19,1,PmrR,0.697,No,no_mg
19,2,PmrR,0.697,No,no_mg
19,3,PmrR,0.661,No,no_mg
19,4,PmrR,0.673,No,no_mg
19,1,YmiA,0.582,No,no_mg
19,2,YmiA,0.636,No,no_mg
19,3,YmiA,0.691,No,no_mg
19,4,YmiA,0.681,No,no_mg
19,1,YkgS,0.378,No,no_mg
19,2,YkgS,0.362,No,no_mg
19,3,YkgS,0.379,No,no_mg
19,4,YkgS,0.331,No,no_mg
19,1,MgtS,0.701,No,no_mg
19,2,MgtS,0.675,No,no_mg
19,3,MgtS,0.641,No,no_mg
19,4,MgtS,0.725,No,no_mg
19,1,MgrB,0.709,No,no_mg
19,2,MgrB,0.696,No,no_mg
19,3,MgrB,0.686,No,no_mg
19,4,MgrB,0.699,No,no_mg
19,1,DinQ,0.689,No,no_mg
19,2,DinQ,0.64,No,no_mg
19,3,DinQ,0.662,No,no_mg
19,4,DinQ,0.659,No,no_mg
20,1,YoaI,0.9,No,no_mg
20,2,YoaI,0.574,No,no_mg
20,3,YoaI,0.647,No,no_mg
20,4,YoaI,0.66,No,no_mg
20,1,PmrR,0.722,No,no_mg
20,2,PmrR,0.722,No,no_mg
20,3,PmrR,0.674,No,no_mg
20,4,PmrR,0.687,No,no_mg
20,1,YmiA,0.607,No,no_mg
20,2,YmiA,0.658,No,no_mg
20,3,YmiA,0.704,No,no_mg
20,4,YmiA,0.694,No,no_mg
20,1,YkgS,0.4,No,no_mg
20,2,YkgS,0.388,No,no_mg
20,3,YkgS,0.408,No,no_mg
20,4,YkgS,0.345,No,no_mg
20,1,MgtS,0.722,No,no_mg
20,2,MgtS,0.661,No,no_mg
20,3,MgtS,0.67,No,no_mg
20,4,MgtS,0.733,No,no_mg
20,1,MgrB,0.716,No,no_mg
20,2,MgrB,0.701,No,no_mg
20,3,MgrB,0.7,No,no_mg
20,4,MgrB,0.714,No,no_mg
20,1,DinQ,0.684,No,no_mg
20,2,DinQ,0.637,No,no_mg
20,3,DinQ,0.668,No,no_mg
20,4,DinQ,0.671,No,no_mg
0,1,YoaI,0.129,Yes,no_mg
0,2,YoaI,0.129,Yes,no_mg
0,3,YoaI,0.139,Yes,no_mg
0,4,YoaI,0.138,Yes,no_mg
0,1,PmrR,0.129,Yes,no_mg
0,2,PmrR,0.129,Yes,no_mg
0,3,PmrR,0.139,Yes,no_mg
0,4,PmrR,0.138,Yes,no_mg
0,1,YmiA,0.129,Yes,no_mg
0,2,YmiA,0.129,Yes,no_mg
0,3,YmiA,0.139,Yes,no_mg
0,4,YmiA,0.138,Yes,no_mg
0,1,YkgS,0.129,Yes,no_mg
0,2,YkgS,0.129,Yes,no_mg
0,3,YkgS,0.139,Yes,no_mg
0,4,YkgS,0.138,Yes,no_mg
0,1,MgtS,0.129,Yes,no_mg
0,2,MgtS,0.129,Yes,no_mg
0,3,MgtS,0.139,Yes,no_mg
0,4,MgtS,0.138,Yes,no_mg
0,1,MgrB,0.129,Yes,no_mg
0,2,MgrB,0.129,Yes,no_mg
0,3,MgrB,0.139,Yes,no_mg
0,4,MgrB,0.138,Yes,no_mg
0,1,DinQ,0.129,Yes,no_mg
0,2,DinQ,0.129,Yes,no_mg
0,3,DinQ,0.139,Yes,no_mg
0,4,DinQ,0.138,Yes,no_mg
1,1,YoaI,0.174,Yes,no_mg
1,2,YoaI,0.174,Yes,no_mg
1,3,YoaI,0.191,Yes,no_mg
1,4,YoaI,0.187,Yes,no_mg
1,1,PmrR,0.174,Yes,no_mg
1,2,PmrR,0.174,Yes,no_mg
1,3,PmrR,0.191,Yes,no_mg
1,4,PmrR,0.187,Yes,no_mg
1,1,YmiA,0.174,Yes,no_mg
1,2,YmiA,0.174,Yes,no_mg
1,3,YmiA,0.191,Yes,no_mg
1,4,YmiA,0.187,Yes,no_mg
1,1,YkgS,0.174,Yes,no_mg
1,2,YkgS,0.174,Yes,no_mg
1,3,YkgS,0.191,Yes,no_mg
1,4,YkgS,0.187,Yes,no_mg
1,1,MgtS,0.174,Yes,no_mg
1,2,MgtS,0.174,Yes,no_mg
1,3,MgtS,0.191,Yes,no_mg
1,4,MgtS,0.187,Yes,no_mg
1,1,MgrB,0.174,Yes,no_mg
1,2,MgrB,0.174,Yes,no_mg
1,3,MgrB,0.191,Yes,no_mg
1,4,MgrB,0.187,Yes,no_mg
1,1,DinQ,0.174,Yes,no_mg
1,2,DinQ,0.174,Yes,no_mg
1,3,DinQ,0.191,Yes,no_mg
1,4,DinQ,0.187,Yes,no_mg
2,1,YoaI,0.218,Yes,no_mg
2,2,YoaI,0.212,Yes,no_mg
2,3,YoaI,0.223,Yes,no_mg
2,4,YoaI,0.222,Yes,no_mg
2,1,PmrR,0.218,Yes,no_mg
2,2,PmrR,0.212,Yes,no_mg
2,3,PmrR,0.223,Yes,no_mg
2,4,PmrR,0.222,Yes,no_mg
2,1,YmiA,0.218,Yes,no_mg
2,2,YmiA,0.212,Yes,no_mg
2,3,YmiA,0.223,Yes,no_mg
2,4,YmiA,0.222,Yes,no_mg
2,1,YkgS,0.218,Yes,no_mg
2,2,YkgS,0.212,Yes,no_mg
2,3,YkgS,0.223,Yes,no_mg
2,4,YkgS,0.222,Yes,no_mg
2,1,MgtS,0.218,Yes,no_mg
2,2,MgtS,0.212,Yes,no_mg
2,3,MgtS,0.223,Yes,no_mg
2,4,MgtS,0.222,Yes,no_mg
2,1,MgrB,0.218,Yes,no_mg
2,2,MgrB,0.212,Yes,no_mg
2,3,MgrB,0.223,Yes,no_mg
2,4,MgrB,0.222,Yes,no_mg
2,1,DinQ,0.218,Yes,no_mg
2,2,DinQ,0.212,Yes,no_mg
2,3,DinQ,0.223,Yes,no_mg
2,4,DinQ,0.222,Yes,no_mg
3,1,YoaI,0.275,Yes,no_mg
3,2,YoaI,0.28,Yes,no_mg
3,3,YoaI,0.303,Yes,no_mg
3,4,YoaI,0.304,Yes,no_mg
3,1,PmrR,0.275,Yes,no_mg
3,2,PmrR,0.28,Yes,no_mg
3,3,PmrR,0.303,Yes,no_mg
3,4,PmrR,0.304,Yes,no_mg
3,1,YmiA,0.275,Yes,no_mg
3,2,YmiA,0.28,Yes,no_mg
3,3,YmiA,0.303,Yes,no_mg
3,4,YmiA,0.304,Yes,no_mg
3,1,YkgS,0.275,Yes,no_mg
3,2,YkgS,0.28,Yes,no_mg
3,3,YkgS,0.303,Yes,no_mg
3,4,YkgS,0.304,Yes,no_mg
3,1,MgtS,0.275,Yes,no_mg
3,2,MgtS,0.28,Yes,no_mg
3,3,MgtS,0.303,Yes,no_mg
3,4,MgtS,0.304,Yes,no_mg
3,1,MgrB,0.275,Yes,no_mg
3,2,MgrB,0.28,Yes,no_mg
3,3,MgrB,0.303,Yes,no_mg
3,4,MgrB,0.304,Yes,no_mg
3,1,DinQ,0.275,Yes,no_mg
3,2,DinQ,0.28,Yes,no_mg
3,3,DinQ,0.303,Yes,no_mg
3,4,DinQ,0.304,Yes,no_mg
4,1,YoaI,0.469,Yes,no_mg
4,2,YoaI,0.454,Yes,no_mg
4,3,YoaI,0.435,Yes,no_mg
4,4,YoaI,0.434,Yes,no_mg
4,1,PmrR,0.469,Yes,no_mg
4,2,PmrR,0.454,Yes,no_mg
4,3,PmrR,0.435,Yes,no_mg
4,4,PmrR,0.434,Yes,no_mg
4,1,YmiA,0.469,Yes,no_mg
4,2,YmiA,0.454,Yes,no_mg
4,3,YmiA,0.435,Yes,no_mg
4,4,YmiA,0.434,Yes,no_mg
4,1,YkgS,0.469,Yes,no_mg
4,2,YkgS,0.454,Yes,no_mg
4,3,YkgS,0.435,Yes,no_mg
4,4,YkgS,0.434,Yes,no_mg
4,1,MgtS,0.469,Yes,no_mg
4,2,MgtS,0.454,Yes,no_mg
4,3,MgtS,0.435,Yes,no_mg
4,4,MgtS,0.434,Yes,no_mg
4,1,MgrB,0.469,Yes,no_mg
4,2,MgrB,0.454,Yes,no_mg
4,3,MgrB,0.435,Yes,no_mg
4,4,MgrB,0.434,Yes,no_mg
4,1,DinQ,0.469,Yes,no_mg
4,2,DinQ,0.454,Yes,no_mg
4,3,DinQ,0.435,Yes,no_mg
4,4,DinQ,0.434,Yes,no_mg
5,1,YoaI,0.582,Yes,no_mg
5,2,YoaI,0.525,Yes,no_mg
5,3,YoaI,0.508,Yes,no_mg
5,4,YoaI,0.523,Yes,no_mg
5,1,PmrR,0.582,Yes,no_mg
5,2,PmrR,0.525,Yes,no_mg
5,3,PmrR,0.508,Yes,no_mg
5,4,PmrR,0.523,Yes,no_mg
5,1,YmiA,0.582,Yes,no_mg
5,2,YmiA,0.525,Yes,no_mg
5,3,YmiA,0.508,Yes,no_mg
5,4,YmiA,0.523,Yes,no_mg
5,1,YkgS,0.582,Yes,no_mg
5,2,YkgS,0.525,Yes,no_mg
5,3,YkgS,0.508,Yes,no_mg
5,4,YkgS,0.523,Yes,no_mg
5,1,MgtS,0.582,Yes,no_mg
5,2,MgtS,0.525,Yes,no_mg
5,3,MgtS,0.508,Yes,no_mg
5,4,MgtS,0.523,Yes,no_mg
5,1,MgrB,0.582,Yes,no_mg
5,2,MgrB,0.525,Yes,no_mg
5,3,MgrB,0.508,Yes,no_mg
5,4,MgrB,0.523,Yes,no_mg
5,1,DinQ,0.582,Yes,no_mg
5,2,DinQ,0.525,Yes,no_mg
5,3,DinQ,0.508,Yes,no_mg
5,4,DinQ,0.523,Yes,no_mg
6,1,YoaI,0.637,Yes,no_mg
6,2,YoaI,0.591,Yes,no_mg
6,3,YoaI,0.579,Yes,no_mg
6,4,YoaI,0.603,Yes,no_mg
6,1,PmrR,0.637,Yes,no_mg
6,2,PmrR,0.591,Yes,no_mg
6,3,PmrR,0.579,Yes,no_mg
6,4,PmrR,0.603,Yes,no_mg
6,1,YmiA,0.637,Yes,no_mg
6,2,YmiA,0.591,Yes,no_mg
6,3,YmiA,0.579,Yes,no_mg
6,4,YmiA,0.603,Yes,no_mg
6,1,YkgS,0.637,Yes,no_mg
6,2,YkgS,0.591,Yes,no_mg
6,3,YkgS,0.579,Yes,no_mg
6,4,YkgS,0.603,Yes,no_mg
6,1,MgtS,0.637,Yes,no_mg
6,2,MgtS,0.591,Yes,no_mg
6,3,MgtS,0.579,Yes,no_mg
6,4,MgtS,0.603,Yes,no_mg
6,1,MgrB,0.637,Yes,no_mg
6,2,MgrB,0.591,Yes,no_mg
6,3,MgrB,0.579,Yes,no_mg
6,4,MgrB,0.603,Yes,no_mg
6,1,DinQ,0.637,Yes,no_mg
6,2,DinQ,0.591,Yes,no_mg
6,3,DinQ,0.579,Yes,no_mg
6,4,DinQ,0.603,Yes,no_mg
7,1,YoaI,0.648,Yes,no_mg
7,2,YoaI,0.614,Yes,no_mg
7,3,YoaI,0.602,Yes,no_mg
7,4,YoaI,0.625,Yes,no_mg
7,1,PmrR,0.648,Yes,no_mg
7,2,PmrR,0.614,Yes,no_mg
7,3,PmrR,0.602,Yes,no_mg
7,4,PmrR,0.625,Yes,no_mg
7,1,YmiA,0.648,Yes,no_mg
7,2,YmiA,0.614,Yes,no_mg
7,3,YmiA,0.602,Yes,no_mg
7,4,YmiA,0.625,Yes,no_mg
7,1,YkgS,0.648,Yes,no_mg
7,2,YkgS,0.614,Yes,no_mg
7,3,YkgS,0.602,Yes,no_mg
7,4,YkgS,0.625,Yes,no_mg
7,1,MgtS,0.648,Yes,no_mg
7,2,MgtS,0.614,Yes,no_mg
7,3,MgtS,0.602,Yes,no_mg
7,4,MgtS,0.625,Yes,no_mg
7,1,MgrB,0.648,Yes,no_mg
7,2,MgrB,0.614,Yes,no_mg
7,3,MgrB,0.602,Yes,no_mg
7,4,MgrB,0.625,Yes,no_mg
7,1,DinQ,0.648,Yes,no_mg
7,2,DinQ,0.614,Yes,no_mg
7,3,DinQ,0.602,Yes,no_mg
7,4,DinQ,0.625,Yes,no_mg
8,1,YoaI,0.655,Yes,no_mg
8,2,YoaI,0.62,Yes,no_mg
8,3,YoaI,0.62,Yes,no_mg
8,4,YoaI,0.64,Yes,no_mg
8,1,PmrR,0.655,Yes,no_mg
8,2,PmrR,0.62,Yes,no_mg
8,3,PmrR,0.62,Yes,no_mg
8,4,PmrR,0.64,Yes,no_mg
8,1,YmiA,0.655,Yes,no_mg
8,2,YmiA,0.62,Yes,no_mg
8,3,YmiA,0.62,Yes,no_mg
8,4,YmiA,0.64,Yes,no_mg
8,1,YkgS,0.655,Yes,no_mg
8,2,YkgS,0.62,Yes,no_mg
8,3,YkgS,0.62,Yes,no_mg
8,4,YkgS,0.64,Yes,no_mg
8,1,MgtS,0.655,Yes,no_mg
8,2,MgtS,0.62,Yes,no_mg
8,3,MgtS,0.62,Yes,no_mg
8,4,MgtS,0.64,Yes,no_mg
8,1,MgrB,0.655,Yes,no_mg
8,2,MgrB,0.62,Yes,no_mg
8,3,MgrB,0.62,Yes,no_mg
8,4,MgrB,0.64,Yes,no_mg
8,1,DinQ,0.655,Yes,no_mg
8,2,DinQ,0.62,Yes,no_mg
8,3,DinQ,0.62,Yes,no_mg
8,4,DinQ,0.64,Yes,no_mg
9,1,YoaI,0.629,Yes,no_mg
9,2,YoaI,0.634,Yes,no_mg
9,3,YoaI,0.642,Yes,no_mg
9,4,YoaI,0.66,Yes,no_mg
9,1,PmrR,0.629,Yes,no_mg
9,2,PmrR,0.634,Yes,no_mg
9,3,PmrR,0.642,Yes,no_mg
9,4,PmrR,0.66,Yes,no_mg
9,1,YmiA,0.629,Yes,no_mg
9,2,YmiA,0.634,Yes,no_mg
9,3,YmiA,0.642,Yes,no_mg
9,4,YmiA,0.66,Yes,no_mg
9,1,YkgS,0.629,Yes,no_mg
9,2,YkgS,0.634,Yes,no_mg
9,3,YkgS,0.642,Yes,no_mg
9,4,YkgS,0.66,Yes,no_mg
9,1,MgtS,0.629,Yes,no_mg
9,2,MgtS,0.634,Yes,no_mg
9,3,MgtS,0.642,Yes,no_mg
9,4,MgtS,0.66,Yes,no_mg
9,1,MgrB,0.629,Yes,no_mg
9,2,MgrB,0.634,Yes,no_mg
9,3,MgrB,0.642,Yes,no_mg
9,4,MgrB,0.66,Yes,no_mg
9,1,DinQ,0.629,Yes,no_mg
9,2,DinQ,0.634,Yes,no_mg
9,3,DinQ,0.642,Yes,no_mg
9,4,DinQ,0.66,Yes,no_mg
10,1,YoaI,0.614,Yes,no_mg
10,2,YoaI,0.651,Yes,no_mg
10,3,YoaI,0.659,Yes,no_mg
10,4,YoaI,0.685,Yes,no_mg
10,1,PmrR,0.614,Yes,no_mg
10,2,PmrR,0.651,Yes,no_mg
10,3,PmrR,0.659,Yes,no_mg
10,4,PmrR,0.685,Yes,no_mg
10,1,YmiA,0.614,Yes,no_mg
10,2,YmiA,0.651,Yes,no_mg
10,3,YmiA,0.659,Yes,no_mg
10,4,YmiA,0.685,Yes,no_mg
10,1,YkgS,0.614,Yes,no_mg
10,2,YkgS,0.651,Yes,no_mg
10,3,YkgS,0.659,Yes,no_mg
10,4,YkgS,0.685,Yes,no_mg
10,1,MgtS,0.614,Yes,no_mg
10,2,MgtS,0.651,Yes,no_mg
10,3,MgtS,0.659,Yes,no_mg
10,4,MgtS,0.685,Yes,no_mg
10,1,MgrB,0.614,Yes,no_mg
10,2,MgrB,0.651,Yes,no_mg
10,3,MgrB,0.659,Yes,no_mg
10,4,MgrB,0.685,Yes,no_mg
10,1,DinQ,0.614,Yes,no_mg
10,2,DinQ,0.651,Yes,no_mg
10,3,DinQ,0.659,Yes,no_mg
10,4,DinQ,0.685,Yes,no_mg
11,1,YoaI,0.601,Yes,no_mg
11,2,YoaI,0.655,Yes,no_mg
11,3,YoaI,0.663,Yes,no_mg
11,4,YoaI,0.686,Yes,no_mg
11,1,PmrR,0.601,Yes,no_mg
11,2,PmrR,0.655,Yes,no_mg
11,3,PmrR,0.663,Yes,no_mg
11,4,PmrR,0.686,Yes,no_mg
11,1,YmiA,0.601,Yes,no_mg
11,2,YmiA,0.655,Yes,no_mg
11,3,YmiA,0.663,Yes,no_mg
11,4,YmiA,0.686,Yes,no_mg
11,1,YkgS,0.601,Yes,no_mg
11,2,YkgS,0.655,Yes,no_mg
11,3,YkgS,0.663,Yes,no_mg
11,4,YkgS,0.686,Yes,no_mg
11,1,MgtS,0.601,Yes,no_mg
11,2,MgtS,0.655,Yes,no_mg
11,3,MgtS,0.663,Yes,no_mg
11,4,MgtS,0.686,Yes,no_mg
11,1,MgrB,0.601,Yes,no_mg
11,2,MgrB,0.655,Yes,no_mg
11,3,MgrB,0.663,Yes,no_mg
11,4,MgrB,0.686,Yes,no_mg
11,1,DinQ,0.601,Yes,no_mg
11,2,DinQ,0.655,Yes,no_mg
11,3,DinQ,0.663,Yes,no_mg
11,4,DinQ,0.686,Yes,no_mg
12,1,YoaI,0.603,Yes,no_mg
12,2,YoaI,0.669,Yes,no_mg
12,3,YoaI,0.679,Yes,no_mg
12,4,YoaI,0.704,Yes,no_mg
12,1,PmrR,0.603,Yes,no_mg
12,2,PmrR,0.669,Yes,no_mg
12,3,PmrR,0.679,Yes,no_mg
12,4,PmrR,0.704,Yes,no_mg
12,1,YmiA,0.603,Yes,no_mg
12,2,YmiA,0.669,Yes,no_mg
12,3,YmiA,0.679,Yes,no_mg
12,4,YmiA,0.704,Yes,no_mg
12,1,YkgS,0.603,Yes,no_mg
12,2,YkgS,0.669,Yes,no_mg
12,3,YkgS,0.679,Yes,no_mg
12,4,YkgS,0.704,Yes,no_mg
12,1,MgtS,0.603,Yes,no_mg
12,2,MgtS,0.669,Yes,no_mg
12,3,MgtS,0.679,Yes,no_mg
12,4,MgtS,0.704,Yes,no_mg
12,1,MgrB,0.603,Yes,no_mg
12,2,MgrB,0.669,Yes,no_mg
12,3,MgrB,0.679,Yes,no_mg
12,4,MgrB,0.704,Yes,no_mg
12,1,DinQ,0.603,Yes,no_mg
12,2,DinQ,0.669,Yes,no_mg
12,3,DinQ,0.679,Yes,no_mg
12,4,DinQ,0.704,Yes,no_mg
13,1,YoaI,0.606,Yes,no_mg
13,2,YoaI,0.669,Yes,no_mg
13,3,YoaI,0.676,Yes,no_mg
13,4,YoaI,0.697,Yes,no_mg
13,1,PmrR,0.606,Yes,no_mg
13,2,PmrR,0.669,Yes,no_mg
13,3,PmrR,0.676,Yes,no_mg
13,4,PmrR,0.697,Yes,no_mg
13,1,YmiA,0.606,Yes,no_mg
13,2,YmiA,0.669,Yes,no_mg
13,3,YmiA,0.676,Yes,no_mg
13,4,YmiA,0.697,Yes,no_mg
13,1,YkgS,0.606,Yes,no_mg
13,2,YkgS,0.669,Yes,no_mg
13,3,YkgS,0.676,Yes,no_mg
13,4,YkgS,0.697,Yes,no_mg
13,1,MgtS,0.606,Yes,no_mg
13,2,MgtS,0.669,Yes,no_mg
13,3,MgtS,0.676,Yes,no_mg
13,4,MgtS,0.697,Yes,no_mg
13,1,MgrB,0.606,Yes,no_mg
13,2,MgrB,0.669,Yes,no_mg
13,3,MgrB,0.676,Yes,no_mg
13,4,MgrB,0.697,Yes,no_mg
13,1,DinQ,0.606,Yes,no_mg
13,2,DinQ,0.669,Yes,no_mg
13,3,DinQ,0.676,Yes,no_mg
13,4,DinQ,0.697,Yes,no_mg
14,1,YoaI,0.63,Yes,no_mg
14,2,YoaI,0.678,Yes,no_mg
14,3,YoaI,0.691,Yes,no_mg
14,4,YoaI,0.712,Yes,no_mg
14,1,PmrR,0.63,Yes,no_mg
14,2,PmrR,0.678,Yes,no_mg
14,3,PmrR,0.691,Yes,no_mg
14,4,PmrR,0.712,Yes,no_mg
14,1,YmiA,0.63,Yes,no_mg
14,2,YmiA,0.678,Yes,no_mg
14,3,YmiA,0.691,Yes,no_mg
14,4,YmiA,0.712,Yes,no_mg
14,1,YkgS,0.63,Yes,no_mg
14,2,YkgS,0.678,Yes,no_mg
14,3,YkgS,0.691,Yes,no_mg
14,4,YkgS,0.712,Yes,no_mg
14,1,MgtS,0.63,Yes,no_mg
14,2,MgtS,0.678,Yes,no_mg
14,3,MgtS,0.691,Yes,no_mg
14,4,MgtS,0.712,Yes,no_mg
14,1,MgrB,0.63,Yes,no_mg
14,2,MgrB,0.678,Yes,no_mg
14,3,MgrB,0.691,Yes,no_mg
14,4,MgrB,0.712,Yes,no_mg
14,1,DinQ,0.63,Yes,no_mg
14,2,DinQ,0.678,Yes,no_mg
14,3,DinQ,0.691,Yes,no_mg
14,4,DinQ,0.712,Yes,no_mg
15,1,YoaI,0.648,Yes,no_mg
15,2,YoaI,0.673,Yes,no_mg
15,3,YoaI,0.691,Yes,no_mg
15,4,YoaI,0.708,Yes,no_mg
15,1,PmrR,0.648,Yes,no_mg
15,2,PmrR,0.673,Yes,no_mg
15,3,PmrR,0.691,Yes,no_mg
15,4,PmrR,0.708,Yes,no_mg
15,1,YmiA,0.648,Yes,no_mg
15,2,YmiA,0.673,Yes,no_mg
15,3,YmiA,0.691,Yes,no_mg
15,4,YmiA,0.708,Yes,no_mg
15,1,YkgS,0.648,Yes,no_mg
15,2,YkgS,0.673,Yes,no_mg
15,3,YkgS,0.691,Yes,no_mg
15,4,YkgS,0.708,Yes,no_mg
15,1,MgtS,0.648,Yes,no_mg
15,2,MgtS,0.673,Yes,no_mg
15,3,MgtS,0.691,Yes,no_mg
15,4,MgtS,0.708,Yes,no_mg
15,1,MgrB,0.648,Yes,no_mg
15,2,MgrB,0.673,Yes,no_mg
15,3,MgrB,0.691,Yes,no_mg
15,4,MgrB,0.708,Yes,no_mg
15,1,DinQ,0.648,Yes,no_mg
15,2,DinQ,0.673,Yes,no_mg
15,3,DinQ,0.691,Yes,no_mg
15,4,DinQ,0.708,Yes,no_mg
16,1,YoaI,0.692,Yes,no_mg
16,2,YoaI,0.681,Yes,no_mg
16,3,YoaI,0.689,Yes,no_mg
16,4,YoaI,0.71,Yes,no_mg
16,1,PmrR,0.692,Yes,no_mg
16,2,PmrR,0.681,Yes,no_mg
16,3,PmrR,0.689,Yes,no_mg
16,4,PmrR,0.71,Yes,no_mg
16,1,YmiA,0.692,Yes,no_mg
16,2,YmiA,0.681,Yes,no_mg
16,3,YmiA,0.689,Yes,no_mg
16,4,YmiA,0.71,Yes,no_mg
16,1,YkgS,0.692,Yes,no_mg
16,2,YkgS,0.681,Yes,no_mg
16,3,YkgS,0.689,Yes,no_mg
16,4,YkgS,0.71,Yes,no_mg
16,1,MgtS,0.692,Yes,no_mg
16,2,MgtS,0.681,Yes,no_mg
16,3,MgtS,0.689,Yes,no_mg
16,4,MgtS,0.71,Yes,no_mg
16,1,MgrB,0.692,Yes,no_mg
16,2,MgrB,0.681,Yes,no_mg
16,3,MgrB,0.689,Yes,no_mg
16,4,MgrB,0.71,Yes,no_mg
16,1,DinQ,0.692,Yes,no_mg
16,2,DinQ,0.681,Yes,no_mg
16,3,DinQ,0.689,Yes,no_mg
16,4,DinQ,0.71,Yes,no_mg
17,1,YoaI,0.743,Yes,no_mg
17,2,YoaI,0.7,Yes,no_mg
17,3,YoaI,0.699,Yes,no_mg
17,4,YoaI,0.723,Yes,no_mg
17,1,PmrR,0.743,Yes,no_mg
17,2,PmrR,0.7,Yes,no_mg
17,3,PmrR,0.699,Yes,no_mg
17,4,PmrR,0.723,Yes,no_mg
17,1,YmiA,0.743,Yes,no_mg
17,2,YmiA,0.7,Yes,no_mg
17,3,YmiA,0.699,Yes,no_mg
17,4,YmiA,0.723,Yes,no_mg
17,1,YkgS,0.743,Yes,no_mg
17,2,YkgS,0.7,Yes,no_mg
17,3,YkgS,0.699,Yes,no_mg
17,4,YkgS,0.723,Yes,no_mg
17,1,MgtS,0.743,Yes,no_mg
17,2,MgtS,0.7,Yes,no_mg
17,3,MgtS,0.699,Yes,no_mg
17,4,MgtS,0.723,Yes,no_mg
17,1,MgrB,0.743,Yes,no_mg
17,2,MgrB,0.7,Yes,no_mg
17,3,MgrB,0.699,Yes,no_mg
17,4,MgrB,0.723,Yes,no_mg
17,1,DinQ,0.743,Yes,no_mg
17,2,DinQ,0.7,Yes,no_mg
17,3,DinQ,0.699,Yes,no_mg
17,4,DinQ,0.723,Yes,no_mg
18,1,YoaI,0.796,Yes,no_mg
18,2,YoaI,0.706,Yes,no_mg
18,3,YoaI,0.705,Yes,no_mg
18,4,YoaI,0.735,Yes,no_mg
18,1,PmrR,0.796,Yes,no_mg
18,2,PmrR,0.706,Yes,no_mg
18,3,PmrR,0.705,Yes,no_mg
18,4,PmrR,0.735,Yes,no_mg
18,1,YmiA,0.796,Yes,no_mg
18,2,YmiA,0.706,Yes,no_mg
18,3,YmiA,0.705,Yes,no_mg
18,4,YmiA,0.735,Yes,no_mg
18,1,YkgS,0.796,Yes,no_mg
18,2,YkgS,0.706,Yes,no_mg
18,3,YkgS,0.705,Yes,no_mg
18,4,YkgS,0.735,Yes,no_mg
18,1,MgtS,0.796,Yes,no_mg
18,2,MgtS,0.706,Yes,no_mg
18,3,MgtS,0.705,Yes,no_mg
18,4,MgtS,0.735,Yes,no_mg
18,1,MgrB,0.796,Yes,no_mg
18,2,MgrB,0.706,Yes,no_mg
18,3,MgrB,0.705,Yes,no_mg
18,4,MgrB,0.735,Yes,no_mg
18,1,DinQ,0.796,Yes,no_mg
18,2,DinQ,0.706,Yes,no_mg
18,3,DinQ,0.705,Yes,no_mg
18,4,DinQ,0.735,Yes,no_mg
19,1,YoaI,0.822,Yes,no_mg
19,2,YoaI,0.714,Yes,no_mg
19,3,YoaI,0.713,Yes,no_mg
19,4,YoaI,0.744,Yes,no_mg
19,1,PmrR,0.822,Yes,no_mg
19,2,PmrR,0.714,Yes,no_mg
19,3,PmrR,0.713,Yes,no_mg
19,4,PmrR,0.744,Yes,no_mg
19,1,YmiA,0.822,Yes,no_mg
19,2,YmiA,0.714,Yes,no_mg
19,3,YmiA,0.713,Yes,no_mg
19,4,YmiA,0.744,Yes,no_mg
19,1,YkgS,0.822,Yes,no_mg
19,2,YkgS,0.714,Yes,no_mg
19,3,YkgS,0.713,Yes,no_mg
19,4,YkgS,0.744,Yes,no_mg
19,1,MgtS,0.822,Yes,no_mg
19,2,MgtS,0.714,Yes,no_mg
19,3,MgtS,0.713,Yes,no_mg
19,4,MgtS,0.744,Yes,no_mg
19,1,MgrB,0.822,Yes,no_mg
19,2,MgrB,0.714,Yes,no_mg
19,3,MgrB,0.713,Yes,no_mg
19,4,MgrB,0.744,Yes,no_mg
19,1,DinQ,0.822,Yes,no_mg
19,2,DinQ,0.714,Yes,no_mg
19,3,DinQ,0.713,Yes,no_mg
19,4,DinQ,0.744,Yes,no_mg
20,1,YoaI,0.849,Yes,no_mg
20,2,YoaI,0.741,Yes,no_mg
20,3,YoaI,0.733,Yes,no_mg
20,4,YoaI,0.766,Yes,no_mg
20,1,PmrR,0.849,Yes,no_mg
20,2,PmrR,0.741,Yes,no_mg
20,3,PmrR,0.733,Yes,no_mg
20,4,PmrR,0.766,Yes,no_mg
20,1,YmiA,0.849,Yes,no_mg
20,2,YmiA,0.741,Yes,no_mg
20,3,YmiA,0.733,Yes,no_mg
20,4,YmiA,0.766,Yes,no_mg
20,1,YkgS,0.849,Yes,no_mg
20,2,YkgS,0.741,Yes,no_mg
20,3,YkgS,0.733,Yes,no_mg
20,4,YkgS,0.766,Yes,no_mg
20,1,MgtS,0.849,Yes,no_mg
20,2,MgtS,0.741,Yes,no_mg
20,3,MgtS,0.733,Yes,no_mg
20,4,MgtS,0.766,Yes,no_mg
20,1,MgrB,0.849,Yes,no_mg
20,2,MgrB,0.741,Yes,no_mg
20,3,MgrB,0.733,Yes,no_mg
20,4,MgrB,0.766,Yes,no_mg
20,1,DinQ,0.849,Yes,no_mg
20,2,DinQ,0.741,Yes,no_mg
20,3,DinQ,0.733,Yes,no_mg
20,4,DinQ,0.766,Yes,no_mg
0,1,YoaI,0.095,No,10mM_mg
0,2,YoaI,0.094,No,10mM_mg
0,3,YoaI,0.098,No,10mM_mg
0,4,YoaI,0.098,No,10mM_mg
1,1,YoaI,0.104,No,10mM_mg
1,2,YoaI,0.102,No,10mM_mg
1,3,YoaI,0.106,No,10mM_mg
1,4,YoaI,0.108,No,10mM_mg
2,1,YoaI,0.125,No,10mM_mg
2,2,YoaI,0.127,No,10mM_mg
2,3,YoaI,0.125,No,10mM_mg
2,4,YoaI,0.127,No,10mM_mg
3,1,YoaI,0.139,No,10mM_mg
3,2,YoaI,0.136,No,10mM_mg
3,3,YoaI,0.141,No,10mM_mg
3,4,YoaI,0.148,No,10mM_mg
4,1,YoaI,0.259,No,10mM_mg
4,2,YoaI,0.257,No,10mM_mg
4,3,YoaI,0.263,No,10mM_mg
4,4,YoaI,0.267,No,10mM_mg
5,1,YoaI,0.39,No,10mM_mg
5,2,YoaI,0.386,No,10mM_mg
5,3,YoaI,0.433,No,10mM_mg
5,4,YoaI,0.444,No,10mM_mg
6,1,YoaI,0.59,No,10mM_mg
6,2,YoaI,0.586,No,10mM_mg
6,3,YoaI,0.501,No,10mM_mg
6,4,YoaI,0.494,No,10mM_mg
7,1,YoaI,0.68,No,10mM_mg
7,2,YoaI,0.682,No,10mM_mg
7,3,YoaI,0.632,No,10mM_mg
7,4,YoaI,0.663,No,10mM_mg
8,1,YoaI,0.699,No,10mM_mg
8,2,YoaI,0.702,No,10mM_mg
8,3,YoaI,0.682,No,10mM_mg
8,4,YoaI,0.729,No,10mM_mg
9,1,YoaI,0.696,No,10mM_mg
9,2,YoaI,0.702,No,10mM_mg
9,3,YoaI,0.698,No,10mM_mg
9,4,YoaI,0.752,No,10mM_mg
10,1,YoaI,0.706,No,10mM_mg
10,2,YoaI,0.707,No,10mM_mg
10,3,YoaI,0.718,No,10mM_mg
10,4,YoaI,0.77,No,10mM_mg
11,1,YoaI,0.708,No,10mM_mg
11,2,YoaI,0.703,No,10mM_mg
11,3,YoaI,0.723,No,10mM_mg
11,4,YoaI,0.777,No,10mM_mg
12,1,YoaI,0.707,No,10mM_mg
12,2,YoaI,0.702,No,10mM_mg
12,3,YoaI,0.728,No,10mM_mg
12,4,YoaI,0.783,No,10mM_mg
13,1,YoaI,0.718,No,10mM_mg
13,2,YoaI,0.714,No,10mM_mg
13,3,YoaI,0.743,No,10mM_mg
13,4,YoaI,0.797,No,10mM_mg
14,1,YoaI,0.731,No,10mM_mg
14,2,YoaI,0.729,No,10mM_mg
14,3,YoaI,0.77,No,10mM_mg
14,4,YoaI,0.821,No,10mM_mg
15,1,YoaI,0.732,No,10mM_mg
15,2,YoaI,0.733,No,10mM_mg
15,3,YoaI,0.772,No,10mM_mg
15,4,YoaI,0.833,No,10mM_mg
16,1,YoaI,0.736,No,10mM_mg
16,2,YoaI,0.738,No,10mM_mg
16,3,YoaI,0.78,No,10mM_mg
16,4,YoaI,0.845,No,10mM_mg
17,1,YoaI,0.727,No,10mM_mg
17,2,YoaI,0.73,No,10mM_mg
17,3,YoaI,0.769,No,10mM_mg
17,4,YoaI,0.835,No,10mM_mg
18,1,YoaI,0.733,No,10mM_mg
18,2,YoaI,0.735,No,10mM_mg
18,3,YoaI,0.786,No,10mM_mg
18,4,YoaI,0.849,No,10mM_mg
19,1,YoaI,0.728,No,10mM_mg
19,2,YoaI,0.728,No,10mM_mg
19,3,YoaI,0.782,No,10mM_mg
19,4,YoaI,0.833,No,10mM_mg
20,1,YoaI,0.728,No,10mM_mg
20,2,YoaI,0.728,No,10mM_mg
20,3,YoaI,0.792,No,10mM_mg
20,4,YoaI,0.85,No,10mM_mg
0,1,YoaI,0.099,Yes,10mM_mg
0,2,YoaI,0.097,Yes,10mM_mg
0,3,YoaI,0.096,Yes,10mM_mg
0,4,YoaI,0.097,Yes,10mM_mg
1,1,YoaI,0.111,Yes,10mM_mg
1,2,YoaI,0.107,Yes,10mM_mg
1,3,YoaI,0.106,Yes,10mM_mg
1,4,YoaI,0.11,Yes,10mM_mg
2,1,YoaI,0.132,Yes,10mM_mg
2,2,YoaI,0.128,Yes,10mM_mg
2,3,YoaI,0.13,Yes,10mM_mg
2,4,YoaI,0.136,Yes,10mM_mg
3,1,YoaI,0.161,Yes,10mM_mg
3,2,YoaI,0.161,Yes,10mM_mg
3,3,YoaI,0.152,Yes,10mM_mg
3,4,YoaI,0.174,Yes,10mM_mg
4,1,YoaI,0.296,Yes,10mM_mg
4,2,YoaI,0.297,Yes,10mM_mg
4,3,YoaI,0.296,Yes,10mM_mg
4,4,YoaI,0.298,Yes,10mM_mg
5,1,YoaI,0.455,Yes,10mM_mg
5,2,YoaI,0.443,Yes,10mM_mg
5,3,YoaI,0.436,Yes,10mM_mg
5,4,YoaI,0.443,Yes,10mM_mg
6,1,YoaI,0.662,Yes,10mM_mg
6,2,YoaI,0.65,Yes,10mM_mg
6,3,YoaI,0.676,Yes,10mM_mg
6,4,YoaI,0.68,Yes,10mM_mg
7,1,YoaI,0.752,Yes,10mM_mg
7,2,YoaI,0.76,Yes,10mM_mg
7,3,YoaI,0.788,Yes,10mM_mg
7,4,YoaI,0.814,Yes,10mM_mg
8,1,YoaI,0.765,Yes,10mM_mg
8,2,YoaI,0.782,Yes,10mM_mg
8,3,YoaI,0.808,Yes,10mM_mg
8,4,YoaI,0.847,Yes,10mM_mg
9,1,YoaI,0.758,Yes,10mM_mg
9,2,YoaI,0.775,Yes,10mM_mg
9,3,YoaI,0.794,Yes,10mM_mg
9,4,YoaI,0.82,Yes,10mM_mg
10,1,YoaI,0.763,Yes,10mM_mg
10,2,YoaI,0.782,Yes,10mM_mg
10,3,YoaI,0.796,Yes,10mM_mg
10,4,YoaI,0.817,Yes,10mM_mg
11,1,YoaI,0.761,Yes,10mM_mg
11,2,YoaI,0.778,Yes,10mM_mg
11,3,YoaI,0.789,Yes,10mM_mg
11,4,YoaI,0.812,Yes,10mM_mg
12,1,YoaI,0.761,Yes,10mM_mg
12,2,YoaI,0.776,Yes,10mM_mg
12,3,YoaI,0.787,Yes,10mM_mg
12,4,YoaI,0.814,Yes,10mM_mg
13,1,YoaI,0.762,Yes,10mM_mg
13,2,YoaI,0.781,Yes,10mM_mg
13,3,YoaI,0.788,Yes,10mM_mg
13,4,YoaI,0.822,Yes,10mM_mg
14,1,YoaI,0.767,Yes,10mM_mg
14,2,YoaI,0.79,Yes,10mM_mg
14,3,YoaI,0.796,Yes,10mM_mg
14,4,YoaI,0.832,Yes,10mM_mg
15,1,YoaI,0.772,Yes,10mM_mg
15,2,YoaI,0.782,Yes,10mM_mg
15,3,YoaI,0.793,Yes,10mM_mg
15,4,YoaI,0.841,Yes,10mM_mg
16,1,YoaI,0.78,Yes,10mM_mg
16,2,YoaI,0.791,Yes,10mM_mg
16,3,YoaI,0.805,Yes,10mM_mg
16,4,YoaI,0.852,Yes,10mM_mg
17,1,YoaI,0.777,Yes,10mM_mg
17,2,YoaI,0.785,Yes,10mM_mg
17,3,YoaI,0.804,Yes,10mM_mg
17,4,YoaI,0.849,Yes,10mM_mg
18,1,YoaI,0.783,Yes,10mM_mg
18,2,YoaI,0.794,Yes,10mM_mg
18,3,YoaI,0.812,Yes,10mM_mg
18,4,YoaI,0.866,Yes,10mM_mg
19,1,YoaI,0.784,Yes,10mM_mg
19,2,YoaI,0.794,Yes,10mM_mg
19,3,YoaI,0.812,Yes,10mM_mg
19,4,YoaI,0.866,Yes,10mM_mg
20,1,YoaI,0.785,Yes,10mM_mg
20,2,YoaI,0.795,Yes,10mM_mg
20,3,YoaI,0.815,Yes,10mM_mg
20,4,YoaI,0.873,Yes,10mM_mg