time,replicate,strain,vector,stress,OD
0,1,MG1655,pEmpty_vector,no_stress,0.101
0,2,MG1655,pEmpty_vector,no_stress,0.101
0,3,MG1655,pEmpty_vector,no_stress,0.103
0,4,MG1655,pEmpty_vector,no_stress,0.101
0,5,MG1655,pEmpty_vector,no_stress,0.1
0,6,MG1655,pEmpty_vector,no_stress,0.103
0,7,MG1655,pEmpty_vector,no_stress,0.1
0,8,MG1655,pEmpty_vector,no_stress,0.105
0,1,MG1655,pPmrR,no_stress,0.104
0,2,MG1655,pPmrR,no_stress,0.103
0,3,MG1655,pPmrR,no_stress,0.1
0,4,MG1655,pPmrR,no_stress,0.101
0,5,MG1655,pPmrR,no_stress,0.101
0,6,MG1655,pPmrR,no_stress,0.103
0,7,MG1655,pPmrR,no_stress,0.102
0,8,MG1655,pPmrR,no_stress,0.103
0,1,ΔlpxT,pEmpty_vector,no_stress,0.101
0,2,ΔlpxT,pEmpty_vector,no_stress,0.101
0,3,ΔlpxT,pEmpty_vector,no_stress,0.103
0,4,ΔlpxT,pEmpty_vector,no_stress,0.101
0,5,ΔlpxT,pEmpty_vector,no_stress,0.1
0,6,ΔlpxT,pEmpty_vector,no_stress,0.103
0,7,ΔlpxT,pEmpty_vector,no_stress,0.1
0,8,ΔlpxT,pEmpty_vector,no_stress,0.105
0,1,ΔlpxT,pPmrR,no_stress,0.104
0,2,ΔlpxT,pPmrR,no_stress,0.103
0,3,ΔlpxT,pPmrR,no_stress,0.1
0,4,ΔlpxT,pPmrR,no_stress,0.101
0,5,ΔlpxT,pPmrR,no_stress,0.101
0,6,ΔlpxT,pPmrR,no_stress,0.103
0,7,ΔlpxT,pPmrR,no_stress,0.102
0,8,ΔlpxT,pPmrR,no_stress,0.103
0,1,MG1655,pEmpty_vector,stress,0.103
0,2,MG1655,pEmpty_vector,stress,0.104
0,3,MG1655,pEmpty_vector,stress,0.101
0,4,MG1655,pEmpty_vector,stress,0.1
0,5,MG1655,pEmpty_vector,stress,0.1
0,6,MG1655,pEmpty_vector,stress,0.101
0,7,MG1655,pEmpty_vector,stress,0.103
0,8,MG1655,pEmpty_vector,stress,0.103
0,1,MG1655,pPmrR,stress,0.1
0,2,MG1655,pPmrR,stress,0.101
0,3,MG1655,pPmrR,stress,0.099
0,4,MG1655,pPmrR,stress,0.101
0,5,MG1655,pPmrR,stress,0.101
0,6,MG1655,pPmrR,stress,0.1
0,7,MG1655,pPmrR,stress,0.1
0,8,MG1655,pPmrR,stress,0.109
0,1,ΔlpxT,pEmpty_vector,stress,0.102
0,2,ΔlpxT,pEmpty_vector,stress,0.101
0,3,ΔlpxT,pEmpty_vector,stress,0.101
0,4,ΔlpxT,pEmpty_vector,stress,0.101
0,5,ΔlpxT,pEmpty_vector,stress,0.1
0,6,ΔlpxT,pEmpty_vector,stress,0.102
0,7,ΔlpxT,pEmpty_vector,stress,0.1
0,8,ΔlpxT,pEmpty_vector,stress,0.103
0,1,ΔlpxT,pPmrR,stress,0.1
0,2,ΔlpxT,pPmrR,stress,0.1
0,3,ΔlpxT,pPmrR,stress,0.102
0,4,ΔlpxT,pPmrR,stress,0.103
0,5,ΔlpxT,pPmrR,stress,0.101
0,6,ΔlpxT,pPmrR,stress,0.103
0,7,ΔlpxT,pPmrR,stress,0.102
0,8,ΔlpxT,pPmrR,stress,0.102
1,1,MG1655,pEmpty_vector,no_stress,0.122
1,2,MG1655,pEmpty_vector,no_stress,0.12
1,3,MG1655,pEmpty_vector,no_stress,0.115
1,4,MG1655,pEmpty_vector,no_stress,0.116
1,5,MG1655,pEmpty_vector,no_stress,0.117
1,6,MG1655,pEmpty_vector,no_stress,0.121
1,7,MG1655,pEmpty_vector,no_stress,0.117
1,8,MG1655,pEmpty_vector,no_stress,0.123
1,1,MG1655,pPmrR,no_stress,0.107
1,2,MG1655,pPmrR,no_stress,0.107
1,3,MG1655,pPmrR,no_stress,0.101
1,4,MG1655,pPmrR,no_stress,0.106
1,5,MG1655,pPmrR,no_stress,0.103
1,6,MG1655,pPmrR,no_stress,0.107
1,7,MG1655,pPmrR,no_stress,0.102
1,8,MG1655,pPmrR,no_stress,0.106
1,1,ΔlpxT,pEmpty_vector,no_stress,0.118
1,2,ΔlpxT,pEmpty_vector,no_stress,0.118
1,3,ΔlpxT,pEmpty_vector,no_stress,0.123
1,4,ΔlpxT,pEmpty_vector,no_stress,0.121
1,5,ΔlpxT,pEmpty_vector,no_stress,0.117
1,6,ΔlpxT,pEmpty_vector,no_stress,0.123
1,7,ΔlpxT,pEmpty_vector,no_stress,0.117
1,8,ΔlpxT,pEmpty_vector,no_stress,0.123
1,1,ΔlpxT,pPmrR,no_stress,0.111
1,2,ΔlpxT,pPmrR,no_stress,0.111
1,3,ΔlpxT,pPmrR,no_stress,0.112
1,4,ΔlpxT,pPmrR,no_stress,0.114
1,5,ΔlpxT,pPmrR,no_stress,0.112
1,6,ΔlpxT,pPmrR,no_stress,0.114
1,7,ΔlpxT,pPmrR,no_stress,0.107
1,8,ΔlpxT,pPmrR,no_stress,0.111
1,1,MG1655,pEmpty_vector,stress,0.122
1,2,MG1655,pEmpty_vector,stress,0.124
1,3,MG1655,pEmpty_vector,stress,0.122
1,4,MG1655,pEmpty_vector,stress,0.122
1,5,MG1655,pEmpty_vector,stress,0.117
1,6,MG1655,pEmpty_vector,stress,0.119
1,7,MG1655,pEmpty_vector,stress,0.12
1,8,MG1655,pEmpty_vector,stress,0.123
1,1,MG1655,pPmrR,stress,0.101
1,2,MG1655,pPmrR,stress,0.102
1,3,MG1655,pPmrR,stress,0.1
1,4,MG1655,pPmrR,stress,0.102
1,5,MG1655,pPmrR,stress,0.102
1,6,MG1655,pPmrR,stress,0.101
1,7,MG1655,pPmrR,stress,0.102
1,8,MG1655,pPmrR,stress,0.113
1,1,ΔlpxT,pEmpty_vector,stress,0.124
1,2,ΔlpxT,pEmpty_vector,stress,0.12
1,3,ΔlpxT,pEmpty_vector,stress,0.119
1,4,ΔlpxT,pEmpty_vector,stress,0.121
1,5,ΔlpxT,pEmpty_vector,stress,0.118
1,6,ΔlpxT,pEmpty_vector,stress,0.12
1,7,ΔlpxT,pEmpty_vector,stress,0.118
1,8,ΔlpxT,pEmpty_vector,stress,0.124
1,1,ΔlpxT,pPmrR,stress,0.105
1,2,ΔlpxT,pPmrR,stress,0.104
1,3,ΔlpxT,pPmrR,stress,0.111
1,4,ΔlpxT,pPmrR,stress,0.113
1,5,ΔlpxT,pPmrR,stress,0.108
1,6,ΔlpxT,pPmrR,stress,0.11
1,7,ΔlpxT,pPmrR,stress,0.103
1,8,ΔlpxT,pPmrR,stress,0.104
2,1,MG1655,pEmpty_vector,no_stress,0.145
2,2,MG1655,pEmpty_vector,no_stress,0.15
2,3,MG1655,pEmpty_vector,no_stress,0.138
2,4,MG1655,pEmpty_vector,no_stress,0.143
2,5,MG1655,pEmpty_vector,no_stress,0.148
2,6,MG1655,pEmpty_vector,no_stress,0.157
2,7,MG1655,pEmpty_vector,no_stress,0.151
2,8,MG1655,pEmpty_vector,no_stress,0.155
2,1,MG1655,pPmrR,no_stress,0.107
2,2,MG1655,pPmrR,no_stress,0.11
2,3,MG1655,pPmrR,no_stress,0.101
2,4,MG1655,pPmrR,no_stress,0.104
2,5,MG1655,pPmrR,no_stress,0.102
2,6,MG1655,pPmrR,no_stress,0.105
2,7,MG1655,pPmrR,no_stress,0.102
2,8,MG1655,pPmrR,no_stress,0.105
2,1,ΔlpxT,pEmpty_vector,no_stress,0.143
2,2,ΔlpxT,pEmpty_vector,no_stress,0.142
2,3,ΔlpxT,pEmpty_vector,no_stress,0.141
2,4,ΔlpxT,pEmpty_vector,no_stress,0.14
2,5,ΔlpxT,pEmpty_vector,no_stress,0.135
2,6,ΔlpxT,pEmpty_vector,no_stress,0.141
2,7,ΔlpxT,pEmpty_vector,no_stress,0.141
2,8,ΔlpxT,pEmpty_vector,no_stress,0.142
2,1,ΔlpxT,pPmrR,no_stress,0.11
2,2,ΔlpxT,pPmrR,no_stress,0.108
2,3,ΔlpxT,pPmrR,no_stress,0.11
2,4,ΔlpxT,pPmrR,no_stress,0.111
2,5,ΔlpxT,pPmrR,no_stress,0.112
2,6,ΔlpxT,pPmrR,no_stress,0.111
2,7,ΔlpxT,pPmrR,no_stress,0.105
2,8,ΔlpxT,pPmrR,no_stress,0.109
2,1,MG1655,pEmpty_vector,stress,0.151
2,2,MG1655,pEmpty_vector,stress,0.15
2,3,MG1655,pEmpty_vector,stress,0.156
2,4,MG1655,pEmpty_vector,stress,0.148
2,5,MG1655,pEmpty_vector,stress,0.151
2,6,MG1655,pEmpty_vector,stress,0.148
2,7,MG1655,pEmpty_vector,stress,0.157
2,8,MG1655,pEmpty_vector,stress,0.159
2,1,MG1655,pPmrR,stress,0.101
2,2,MG1655,pPmrR,stress,0.102
2,3,MG1655,pPmrR,stress,0.098
2,4,MG1655,pPmrR,stress,0.1
2,5,MG1655,pPmrR,stress,0.099
2,6,MG1655,pPmrR,stress,0.098
2,7,MG1655,pPmrR,stress,0.098
2,8,MG1655,pPmrR,stress,0.11
2,1,ΔlpxT,pEmpty_vector,stress,0.148
2,2,ΔlpxT,pEmpty_vector,stress,0.149
2,3,ΔlpxT,pEmpty_vector,stress,0.152
2,4,ΔlpxT,pEmpty_vector,stress,0.151
2,5,ΔlpxT,pEmpty_vector,stress,0.148
2,6,ΔlpxT,pEmpty_vector,stress,0.149
2,7,ΔlpxT,pEmpty_vector,stress,0.145
2,8,ΔlpxT,pEmpty_vector,stress,0.146
2,1,ΔlpxT,pPmrR,stress,0.1
2,2,ΔlpxT,pPmrR,stress,0.101
2,3,ΔlpxT,pPmrR,stress,0.107
2,4,ΔlpxT,pPmrR,stress,0.109
2,5,ΔlpxT,pPmrR,stress,0.104
2,6,ΔlpxT,pPmrR,stress,0.105
2,7,ΔlpxT,pPmrR,stress,0.1
2,8,ΔlpxT,pPmrR,stress,0.1
3,1,MG1655,pEmpty_vector,no_stress,0.185
3,2,MG1655,pEmpty_vector,no_stress,0.179
3,3,MG1655,pEmpty_vector,no_stress,0.172
3,4,MG1655,pEmpty_vector,no_stress,0.175
3,5,MG1655,pEmpty_vector,no_stress,0.176
3,6,MG1655,pEmpty_vector,no_stress,0.185
3,7,MG1655,pEmpty_vector,no_stress,0.184
3,8,MG1655,pEmpty_vector,no_stress,0.191
3,1,MG1655,pPmrR,no_stress,0.111
3,2,MG1655,pPmrR,no_stress,0.113
3,3,MG1655,pPmrR,no_stress,0.1
3,4,MG1655,pPmrR,no_stress,0.103
3,5,MG1655,pPmrR,no_stress,0.101
3,6,MG1655,pPmrR,no_stress,0.105
3,7,MG1655,pPmrR,no_stress,0.102
3,8,MG1655,pPmrR,no_stress,0.106
3,1,ΔlpxT,pEmpty_vector,no_stress,0.174
3,2,ΔlpxT,pEmpty_vector,no_stress,0.172
3,3,ΔlpxT,pEmpty_vector,no_stress,0.176
3,4,ΔlpxT,pEmpty_vector,no_stress,0.18
3,5,ΔlpxT,pEmpty_vector,no_stress,0.172
3,6,ΔlpxT,pEmpty_vector,no_stress,0.179
3,7,ΔlpxT,pEmpty_vector,no_stress,0.174
3,8,ΔlpxT,pEmpty_vector,no_stress,0.182
3,1,ΔlpxT,pPmrR,no_stress,0.11
3,2,ΔlpxT,pPmrR,no_stress,0.109
3,3,ΔlpxT,pPmrR,no_stress,0.11
3,4,ΔlpxT,pPmrR,no_stress,0.111
3,5,ΔlpxT,pPmrR,no_stress,0.112
3,6,ΔlpxT,pPmrR,no_stress,0.111
3,7,ΔlpxT,pPmrR,no_stress,0.105
3,8,ΔlpxT,pPmrR,no_stress,0.108
3,1,MG1655,pEmpty_vector,stress,0.188
3,2,MG1655,pEmpty_vector,stress,0.191
3,3,MG1655,pEmpty_vector,stress,0.174
3,4,MG1655,pEmpty_vector,stress,0.175
3,5,MG1655,pEmpty_vector,stress,0.181
3,6,MG1655,pEmpty_vector,stress,0.185
3,7,MG1655,pEmpty_vector,stress,0.19
3,8,MG1655,pEmpty_vector,stress,0.187
3,1,MG1655,pPmrR,stress,0.102
3,2,MG1655,pPmrR,stress,0.105
3,3,MG1655,pPmrR,stress,0.098
3,4,MG1655,pPmrR,stress,0.1
3,5,MG1655,pPmrR,stress,0.098
3,6,MG1655,pPmrR,stress,0.098
3,7,MG1655,pPmrR,stress,0.099
3,8,MG1655,pPmrR,stress,0.111
3,1,ΔlpxT,pEmpty_vector,stress,0.189
3,2,ΔlpxT,pEmpty_vector,stress,0.177
3,3,ΔlpxT,pEmpty_vector,stress,0.179
3,4,ΔlpxT,pEmpty_vector,stress,0.178
3,5,ΔlpxT,pEmpty_vector,stress,0.177
3,6,ΔlpxT,pEmpty_vector,stress,0.178
3,7,ΔlpxT,pEmpty_vector,stress,0.173
3,8,ΔlpxT,pEmpty_vector,stress,0.186
3,1,ΔlpxT,pPmrR,stress,0.098
3,2,ΔlpxT,pPmrR,stress,0.099
3,3,ΔlpxT,pPmrR,stress,0.104
3,4,ΔlpxT,pPmrR,stress,0.105
3,5,ΔlpxT,pPmrR,stress,0.102
3,6,ΔlpxT,pPmrR,stress,0.102
3,7,ΔlpxT,pPmrR,stress,0.099
3,8,ΔlpxT,pPmrR,stress,0.099
4,1,MG1655,pEmpty_vector,no_stress,0.305
4,2,MG1655,pEmpty_vector,no_stress,0.311
4,3,MG1655,pEmpty_vector,no_stress,0.25
4,4,MG1655,pEmpty_vector,no_stress,0.257
4,5,MG1655,pEmpty_vector,no_stress,0.286
4,6,MG1655,pEmpty_vector,no_stress,0.289
4,7,MG1655,pEmpty_vector,no_stress,0.291
4,8,MG1655,pEmpty_vector,no_stress,0.28
4,1,MG1655,pPmrR,no_stress,0.125
4,2,MG1655,pPmrR,no_stress,0.124
4,3,MG1655,pPmrR,no_stress,0.101
4,4,MG1655,pPmrR,no_stress,0.104
4,5,MG1655,pPmrR,no_stress,0.102
4,6,MG1655,pPmrR,no_stress,0.105
4,7,MG1655,pPmrR,no_stress,0.103
4,8,MG1655,pPmrR,no_stress,0.107
4,1,ΔlpxT,pEmpty_vector,no_stress,0.281
4,2,ΔlpxT,pEmpty_vector,no_stress,0.281
4,3,ΔlpxT,pEmpty_vector,no_stress,0.293
4,4,ΔlpxT,pEmpty_vector,no_stress,0.292
4,5,ΔlpxT,pEmpty_vector,no_stress,0.272
4,6,ΔlpxT,pEmpty_vector,no_stress,0.296
4,7,ΔlpxT,pEmpty_vector,no_stress,0.276
4,8,ΔlpxT,pEmpty_vector,no_stress,0.282
4,1,ΔlpxT,pPmrR,no_stress,0.109
4,2,ΔlpxT,pPmrR,no_stress,0.108
4,3,ΔlpxT,pPmrR,no_stress,0.112
4,4,ΔlpxT,pPmrR,no_stress,0.113
4,5,ΔlpxT,pPmrR,no_stress,0.11
4,6,ΔlpxT,pPmrR,no_stress,0.111
4,7,ΔlpxT,pPmrR,no_stress,0.104
4,8,ΔlpxT,pPmrR,no_stress,0.108
4,1,MG1655,pEmpty_vector,stress,0.291
4,2,MG1655,pEmpty_vector,stress,0.298
4,3,MG1655,pEmpty_vector,stress,0.258
4,4,MG1655,pEmpty_vector,stress,0.269
4,5,MG1655,pEmpty_vector,stress,0.268
4,6,MG1655,pEmpty_vector,stress,0.275
4,7,MG1655,pEmpty_vector,stress,0.28
4,8,MG1655,pEmpty_vector,stress,0.281
4,1,MG1655,pPmrR,stress,0.116
4,2,MG1655,pPmrR,stress,0.121
4,3,MG1655,pPmrR,stress,0.098
4,4,MG1655,pPmrR,stress,0.099
4,5,MG1655,pPmrR,stress,0.099
4,6,MG1655,pPmrR,stress,0.098
4,7,MG1655,pPmrR,stress,0.101
4,8,MG1655,pPmrR,stress,0.113
4,1,ΔlpxT,pEmpty_vector,stress,0.276
4,2,ΔlpxT,pEmpty_vector,stress,0.268
4,3,ΔlpxT,pEmpty_vector,stress,0.285
4,4,ΔlpxT,pEmpty_vector,stress,0.284
4,5,ΔlpxT,pEmpty_vector,stress,0.263
4,6,ΔlpxT,pEmpty_vector,stress,0.272
4,7,ΔlpxT,pEmpty_vector,stress,0.257
4,8,ΔlpxT,pEmpty_vector,stress,0.285
4,1,ΔlpxT,pPmrR,stress,0.098
4,2,ΔlpxT,pPmrR,stress,0.1
4,3,ΔlpxT,pPmrR,stress,0.106
4,4,ΔlpxT,pPmrR,stress,0.107
4,5,ΔlpxT,pPmrR,stress,0.102
4,6,ΔlpxT,pPmrR,stress,0.101
4,7,ΔlpxT,pPmrR,stress,0.099
4,8,ΔlpxT,pPmrR,stress,0.1
5,1,MG1655,pEmpty_vector,no_stress,0.56
5,2,MG1655,pEmpty_vector,no_stress,0.557
5,3,MG1655,pEmpty_vector,no_stress,0.393
5,4,MG1655,pEmpty_vector,no_stress,0.422
5,5,MG1655,pEmpty_vector,no_stress,0.46
5,6,MG1655,pEmpty_vector,no_stress,0.493
5,7,MG1655,pEmpty_vector,no_stress,0.526
5,8,MG1655,pEmpty_vector,no_stress,0.571
5,1,MG1655,pPmrR,no_stress,0.155
5,2,MG1655,pPmrR,no_stress,0.149
5,3,MG1655,pPmrR,no_stress,0.101
5,4,MG1655,pPmrR,no_stress,0.103
5,5,MG1655,pPmrR,no_stress,0.104
5,6,MG1655,pPmrR,no_stress,0.104
5,7,MG1655,pPmrR,no_stress,0.108
5,8,MG1655,pPmrR,no_stress,0.113
5,1,ΔlpxT,pEmpty_vector,no_stress,0.484
5,2,ΔlpxT,pEmpty_vector,no_stress,0.482
5,3,ΔlpxT,pEmpty_vector,no_stress,0.475
5,4,ΔlpxT,pEmpty_vector,no_stress,0.484
5,5,ΔlpxT,pEmpty_vector,no_stress,0.48
5,6,ΔlpxT,pEmpty_vector,no_stress,0.507
5,7,ΔlpxT,pEmpty_vector,no_stress,0.496
5,8,ΔlpxT,pEmpty_vector,no_stress,0.498
5,1,ΔlpxT,pPmrR,no_stress,0.11
5,2,ΔlpxT,pPmrR,no_stress,0.108
5,3,ΔlpxT,pPmrR,no_stress,0.119
5,4,ΔlpxT,pPmrR,no_stress,0.121
5,5,ΔlpxT,pPmrR,no_stress,0.11
5,6,ΔlpxT,pPmrR,no_stress,0.112
5,7,ΔlpxT,pPmrR,no_stress,0.107
5,8,ΔlpxT,pPmrR,no_stress,0.111
5,1,MG1655,pEmpty_vector,stress,0.368
5,2,MG1655,pEmpty_vector,stress,0.382
5,3,MG1655,pEmpty_vector,stress,0.324
5,4,MG1655,pEmpty_vector,stress,0.338
5,5,MG1655,pEmpty_vector,stress,0.338
5,6,MG1655,pEmpty_vector,stress,0.352
5,7,MG1655,pEmpty_vector,stress,0.36
5,8,MG1655,pEmpty_vector,stress,0.354
5,1,MG1655,pPmrR,stress,0.144
5,2,MG1655,pPmrR,stress,0.148
5,3,MG1655,pPmrR,stress,0.098
5,4,MG1655,pPmrR,stress,0.099
5,5,MG1655,pPmrR,stress,0.099
5,6,MG1655,pPmrR,stress,0.098
5,7,MG1655,pPmrR,stress,0.108
5,8,MG1655,pPmrR,stress,0.119
5,1,ΔlpxT,pEmpty_vector,stress,0.354
5,2,ΔlpxT,pEmpty_vector,stress,0.34
5,3,ΔlpxT,pEmpty_vector,stress,0.366
5,4,ΔlpxT,pEmpty_vector,stress,0.39
5,5,ΔlpxT,pEmpty_vector,stress,0.359
5,6,ΔlpxT,pEmpty_vector,stress,0.399
5,7,ΔlpxT,pEmpty_vector,stress,0.374
5,8,ΔlpxT,pEmpty_vector,stress,0.411
5,1,ΔlpxT,pPmrR,stress,0.099
5,2,ΔlpxT,pPmrR,stress,0.1
5,3,ΔlpxT,pPmrR,stress,0.116
5,4,ΔlpxT,pPmrR,stress,0.116
5,5,ΔlpxT,pPmrR,stress,0.102
5,6,ΔlpxT,pPmrR,stress,0.102
5,7,ΔlpxT,pPmrR,stress,0.101
5,8,ΔlpxT,pPmrR,stress,0.102
6,1,MG1655,pEmpty_vector,no_stress,0.695
6,2,MG1655,pEmpty_vector,no_stress,0.667
6,3,MG1655,pEmpty_vector,no_stress,0.429
6,4,MG1655,pEmpty_vector,no_stress,0.454
6,5,MG1655,pEmpty_vector,no_stress,0.612
6,6,MG1655,pEmpty_vector,no_stress,0.67
6,7,MG1655,pEmpty_vector,no_stress,0.692
6,8,MG1655,pEmpty_vector,no_stress,0.71
6,1,MG1655,pPmrR,no_stress,0.151
6,2,MG1655,pPmrR,no_stress,0.142
6,3,MG1655,pPmrR,no_stress,0.101
6,4,MG1655,pPmrR,no_stress,0.103
6,5,MG1655,pPmrR,no_stress,0.112
6,6,MG1655,pPmrR,no_stress,0.104
6,7,MG1655,pPmrR,no_stress,0.121
6,8,MG1655,pPmrR,no_stress,0.134
6,1,ΔlpxT,pEmpty_vector,no_stress,0.507
6,2,ΔlpxT,pEmpty_vector,no_stress,0.513
6,3,ΔlpxT,pEmpty_vector,no_stress,0.486
6,4,ΔlpxT,pEmpty_vector,no_stress,0.523
6,5,ΔlpxT,pEmpty_vector,no_stress,0.538
6,6,ΔlpxT,pEmpty_vector,no_stress,0.548
6,7,ΔlpxT,pEmpty_vector,no_stress,0.574
6,8,ΔlpxT,pEmpty_vector,no_stress,0.603
6,1,ΔlpxT,pPmrR,no_stress,0.116
6,2,ΔlpxT,pPmrR,no_stress,0.115
6,3,ΔlpxT,pPmrR,no_stress,0.135
6,4,ΔlpxT,pPmrR,no_stress,0.137
6,5,ΔlpxT,pPmrR,no_stress,0.118
6,6,ΔlpxT,pPmrR,no_stress,0.117
6,7,ΔlpxT,pPmrR,no_stress,0.115
6,8,ΔlpxT,pPmrR,no_stress,0.12
6,1,MG1655,pEmpty_vector,stress,0.612
6,2,MG1655,pEmpty_vector,stress,0.603
6,3,MG1655,pEmpty_vector,stress,0.365
6,4,MG1655,pEmpty_vector,stress,0.408
6,5,MG1655,pEmpty_vector,stress,0.451
6,6,MG1655,pEmpty_vector,stress,0.525
6,7,MG1655,pEmpty_vector,stress,0.551
6,8,MG1655,pEmpty_vector,stress,0.566
6,1,MG1655,pPmrR,stress,0.137
6,2,MG1655,pPmrR,stress,0.15
6,3,MG1655,pPmrR,stress,0.099
6,4,MG1655,pPmrR,stress,0.101
6,5,MG1655,pPmrR,stress,0.098
6,6,MG1655,pPmrR,stress,0.098
6,7,MG1655,pPmrR,stress,0.129
6,8,MG1655,pPmrR,stress,0.14
6,1,ΔlpxT,pEmpty_vector,stress,0.404
6,2,ΔlpxT,pEmpty_vector,stress,0.432
6,3,ΔlpxT,pEmpty_vector,stress,0.43
6,4,ΔlpxT,pEmpty_vector,stress,0.449
6,5,ΔlpxT,pEmpty_vector,stress,0.429
6,6,ΔlpxT,pEmpty_vector,stress,0.482
6,7,ΔlpxT,pEmpty_vector,stress,0.456
6,8,ΔlpxT,pEmpty_vector,stress,0.513
6,1,ΔlpxT,pPmrR,stress,0.103
6,2,ΔlpxT,pPmrR,stress,0.106
6,3,ΔlpxT,pPmrR,stress,0.132
6,4,ΔlpxT,pPmrR,stress,0.132
6,5,ΔlpxT,pPmrR,stress,0.106
6,6,ΔlpxT,pPmrR,stress,0.106
6,7,ΔlpxT,pPmrR,stress,0.109
6,8,ΔlpxT,pPmrR,stress,0.111
7,1,MG1655,pEmpty_vector,no_stress,0.731
7,2,MG1655,pEmpty_vector,no_stress,0.695
7,3,MG1655,pEmpty_vector,no_stress,0.479
7,4,MG1655,pEmpty_vector,no_stress,0.494
7,5,MG1655,pEmpty_vector,no_stress,0.711
7,6,MG1655,pEmpty_vector,no_stress,0.718
7,7,MG1655,pEmpty_vector,no_stress,0.764
7,8,MG1655,pEmpty_vector,no_stress,0.789
7,1,MG1655,pPmrR,no_stress,0.153
7,2,MG1655,pPmrR,no_stress,0.156
7,3,MG1655,pPmrR,no_stress,0.122
7,4,MG1655,pPmrR,no_stress,0.125
7,5,MG1655,pPmrR,no_stress,0.123
7,6,MG1655,pPmrR,no_stress,0.133
7,7,MG1655,pPmrR,no_stress,0.156
7,8,MG1655,pPmrR,no_stress,0.172
7,1,ΔlpxT,pEmpty_vector,no_stress,0.545
7,2,ΔlpxT,pEmpty_vector,no_stress,0.545
7,3,ΔlpxT,pEmpty_vector,no_stress,0.502
7,4,ΔlpxT,pEmpty_vector,no_stress,0.558
7,5,ΔlpxT,pEmpty_vector,no_stress,0.567
7,6,ΔlpxT,pEmpty_vector,no_stress,0.58
7,7,ΔlpxT,pEmpty_vector,no_stress,0.61
7,8,ΔlpxT,pEmpty_vector,no_stress,0.696
7,1,ΔlpxT,pPmrR,no_stress,0.13
7,2,ΔlpxT,pPmrR,no_stress,0.128
7,3,ΔlpxT,pPmrR,no_stress,0.172
7,4,ΔlpxT,pPmrR,no_stress,0.177
7,5,ΔlpxT,pPmrR,no_stress,0.127
7,6,ΔlpxT,pPmrR,no_stress,0.128
7,7,ΔlpxT,pPmrR,no_stress,0.131
7,8,ΔlpxT,pPmrR,no_stress,0.139
7,1,MG1655,pEmpty_vector,stress,0.628
7,2,MG1655,pEmpty_vector,stress,0.615
7,3,MG1655,pEmpty_vector,stress,0.375
7,4,MG1655,pEmpty_vector,stress,0.42
7,5,MG1655,pEmpty_vector,stress,0.491
7,6,MG1655,pEmpty_vector,stress,0.555
7,7,MG1655,pEmpty_vector,stress,0.545
7,8,MG1655,pEmpty_vector,stress,0.603
7,1,MG1655,pPmrR,stress,0.128
7,2,MG1655,pPmrR,stress,0.153
7,3,MG1655,pPmrR,stress,0.102
7,4,MG1655,pPmrR,stress,0.103
7,5,MG1655,pPmrR,stress,0.099
7,6,MG1655,pPmrR,stress,0.098
7,7,MG1655,pPmrR,stress,0.173
7,8,MG1655,pPmrR,stress,0.181
7,1,ΔlpxT,pEmpty_vector,stress,0.397
7,2,ΔlpxT,pEmpty_vector,stress,0.436
7,3,ΔlpxT,pEmpty_vector,stress,0.445
7,4,ΔlpxT,pEmpty_vector,stress,0.468
7,5,ΔlpxT,pEmpty_vector,stress,0.431
7,6,ΔlpxT,pEmpty_vector,stress,0.498
7,7,ΔlpxT,pEmpty_vector,stress,0.466
7,8,ΔlpxT,pEmpty_vector,stress,0.519
7,1,ΔlpxT,pPmrR,stress,0.116
7,2,ΔlpxT,pPmrR,stress,0.12
7,3,ΔlpxT,pPmrR,stress,0.17
7,4,ΔlpxT,pPmrR,stress,0.168
7,5,ΔlpxT,pPmrR,stress,0.118
7,6,ΔlpxT,pPmrR,stress,0.118
7,7,ΔlpxT,pPmrR,stress,0.129
7,8,ΔlpxT,pPmrR,stress,0.131
8,1,MG1655,pEmpty_vector,no_stress,0.739
8,2,MG1655,pEmpty_vector,no_stress,0.696
8,3,MG1655,pEmpty_vector,no_stress,0.503
8,4,MG1655,pEmpty_vector,no_stress,0.518
8,5,MG1655,pEmpty_vector,no_stress,0.746
8,6,MG1655,pEmpty_vector,no_stress,0.726
8,7,MG1655,pEmpty_vector,no_stress,0.76
8,8,MG1655,pEmpty_vector,no_stress,0.809
8,1,MG1655,pPmrR,no_stress,0.155
8,2,MG1655,pPmrR,no_stress,0.222
8,3,MG1655,pPmrR,no_stress,0.202
8,4,MG1655,pPmrR,no_stress,0.212
8,5,MG1655,pPmrR,no_stress,0.155
8,6,MG1655,pPmrR,no_stress,0.155
8,7,MG1655,pPmrR,no_stress,0.222
8,8,MG1655,pPmrR,no_stress,0.251
8,1,ΔlpxT,pEmpty_vector,no_stress,0.573
8,2,ΔlpxT,pEmpty_vector,no_stress,0.57
8,3,ΔlpxT,pEmpty_vector,no_stress,0.519
8,4,ΔlpxT,pEmpty_vector,no_stress,0.584
8,5,ΔlpxT,pEmpty_vector,no_stress,0.598
8,6,ΔlpxT,pEmpty_vector,no_stress,0.607
8,7,ΔlpxT,pEmpty_vector,no_stress,0.65
8,8,ΔlpxT,pEmpty_vector,no_stress,0.747
8,1,ΔlpxT,pPmrR,no_stress,0.164
8,2,ΔlpxT,pPmrR,no_stress,0.147
8,3,ΔlpxT,pPmrR,no_stress,0.304
8,4,ΔlpxT,pPmrR,no_stress,0.314
8,5,ΔlpxT,pPmrR,no_stress,0.149
8,6,ΔlpxT,pPmrR,no_stress,0.157
8,7,ΔlpxT,pPmrR,no_stress,0.179
8,8,ΔlpxT,pPmrR,no_stress,0.195
8,1,MG1655,pEmpty_vector,stress,0.669
8,2,MG1655,pEmpty_vector,stress,0.619
8,3,MG1655,pEmpty_vector,stress,0.381
8,4,MG1655,pEmpty_vector,stress,0.429
8,5,MG1655,pEmpty_vector,stress,0.506
8,6,MG1655,pEmpty_vector,stress,0.569
8,7,MG1655,pEmpty_vector,stress,0.562
8,8,MG1655,pEmpty_vector,stress,0.614
8,1,MG1655,pPmrR,stress,0.198
8,2,MG1655,pPmrR,stress,0.265
8,3,MG1655,pPmrR,stress,0.114
8,4,MG1655,pPmrR,stress,0.115
8,5,MG1655,pPmrR,stress,0.15
8,6,MG1655,pPmrR,stress,0.098
8,7,MG1655,pPmrR,stress,0.265
8,8,MG1655,pPmrR,stress,0.26
8,1,ΔlpxT,pEmpty_vector,stress,0.388
8,2,ΔlpxT,pEmpty_vector,stress,0.432
8,3,ΔlpxT,pEmpty_vector,stress,0.428
8,4,ΔlpxT,pEmpty_vector,stress,0.446
8,5,ΔlpxT,pEmpty_vector,stress,0.422
8,6,ΔlpxT,pEmpty_vector,stress,0.469
8,7,ΔlpxT,pEmpty_vector,stress,0.463
8,8,ΔlpxT,pEmpty_vector,stress,0.504
8,1,ΔlpxT,pPmrR,stress,0.143
8,2,ΔlpxT,pPmrR,stress,0.145
8,3,ΔlpxT,pPmrR,stress,0.258
8,4,ΔlpxT,pPmrR,stress,0.257
8,5,ΔlpxT,pPmrR,stress,0.139
8,6,ΔlpxT,pPmrR,stress,0.139
8,7,ΔlpxT,pPmrR,stress,0.161
8,8,ΔlpxT,pPmrR,stress,0.168
9,1,MG1655,pEmpty_vector,no_stress,0.755
9,2,MG1655,pEmpty_vector,no_stress,0.71
9,3,MG1655,pEmpty_vector,no_stress,0.519
9,4,MG1655,pEmpty_vector,no_stress,0.528
9,5,MG1655,pEmpty_vector,no_stress,0.76
9,6,MG1655,pEmpty_vector,no_stress,0.73
9,7,MG1655,pEmpty_vector,no_stress,0.769
9,8,MG1655,pEmpty_vector,no_stress,0.823
9,1,MG1655,pPmrR,no_stress,0.312
9,2,MG1655,pPmrR,no_stress,0.362
9,3,MG1655,pPmrR,no_stress,0.202
9,4,MG1655,pPmrR,no_stress,0.114
9,5,MG1655,pPmrR,no_stress,0.272
9,6,MG1655,pPmrR,no_stress,0.272
9,7,MG1655,pPmrR,no_stress,0.313
9,8,MG1655,pPmrR,no_stress,0.331
9,1,ΔlpxT,pEmpty_vector,no_stress,0.59
9,2,ΔlpxT,pEmpty_vector,no_stress,0.589
9,3,ΔlpxT,pEmpty_vector,no_stress,0.53
9,4,ΔlpxT,pEmpty_vector,no_stress,0.593
9,5,ΔlpxT,pEmpty_vector,no_stress,0.619
9,6,ΔlpxT,pEmpty_vector,no_stress,0.628
9,7,ΔlpxT,pEmpty_vector,no_stress,0.656
9,8,ΔlpxT,pEmpty_vector,no_stress,0.781
9,1,ΔlpxT,pPmrR,no_stress,0.267
9,2,ΔlpxT,pPmrR,no_stress,0.254
9,3,ΔlpxT,pPmrR,no_stress,0.5
9,4,ΔlpxT,pPmrR,no_stress,0.514
9,5,ΔlpxT,pPmrR,no_stress,0.236
9,6,ΔlpxT,pPmrR,no_stress,0.24
9,7,ΔlpxT,pPmrR,no_stress,0.307
9,8,ΔlpxT,pPmrR,no_stress,0.33
9,1,MG1655,pEmpty_vector,stress,0.638
9,2,MG1655,pEmpty_vector,stress,0.611
9,3,MG1655,pEmpty_vector,stress,0.383
9,4,MG1655,pEmpty_vector,stress,0.431
9,5,MG1655,pEmpty_vector,stress,0.522
9,6,MG1655,pEmpty_vector,stress,0.582
9,7,MG1655,pEmpty_vector,stress,0.575
9,8,MG1655,pEmpty_vector,stress,0.614
9,1,MG1655,pPmrR,stress,0.571
9,2,MG1655,pPmrR,stress,0.552
9,3,MG1655,pPmrR,stress,0.344
9,4,MG1655,pPmrR,stress,0.346
9,5,MG1655,pPmrR,stress,0.3
9,6,MG1655,pPmrR,stress,0.4
9,7,MG1655,pPmrR,stress,0.338
9,8,MG1655,pPmrR,stress,0.343
9,1,ΔlpxT,pEmpty_vector,stress,0.393
9,2,ΔlpxT,pEmpty_vector,stress,0.43
9,3,ΔlpxT,pEmpty_vector,stress,0.428
9,4,ΔlpxT,pEmpty_vector,stress,0.448
9,5,ΔlpxT,pEmpty_vector,stress,0.418
9,6,ΔlpxT,pEmpty_vector,stress,0.464
9,7,ΔlpxT,pEmpty_vector,stress,0.452
9,8,ΔlpxT,pEmpty_vector,stress,0.497
9,1,ΔlpxT,pPmrR,stress,0.2
9,2,ΔlpxT,pPmrR,stress,0.208
9,3,ΔlpxT,pPmrR,stress,0.397
9,4,ΔlpxT,pPmrR,stress,0.407
9,5,ΔlpxT,pPmrR,stress,0.19
9,6,ΔlpxT,pPmrR,stress,0.191
9,7,ΔlpxT,pPmrR,stress,0.248
9,8,ΔlpxT,pPmrR,stress,0.262
10,1,MG1655,pEmpty_vector,no_stress,0.792
10,2,MG1655,pEmpty_vector,no_stress,0.737
10,3,MG1655,pEmpty_vector,no_stress,0.54
10,4,MG1655,pEmpty_vector,no_stress,0.534
10,5,MG1655,pEmpty_vector,no_stress,0.774
10,6,MG1655,pEmpty_vector,no_stress,0.757
10,7,MG1655,pEmpty_vector,no_stress,0.778
10,8,MG1655,pEmpty_vector,no_stress,0.834
10,1,MG1655,pPmrR,no_stress,0.547
10,2,MG1655,pPmrR,no_stress,0.579
10,3,MG1655,pPmrR,no_stress,0.404
10,4,MG1655,pPmrR,no_stress,0.422
10,5,MG1655,pPmrR,no_stress,0.404
10,6,MG1655,pPmrR,no_stress,0.404
10,7,MG1655,pPmrR,no_stress,0.413
10,8,MG1655,pPmrR,no_stress,0.442
10,1,ΔlpxT,pEmpty_vector,no_stress,0.606
10,2,ΔlpxT,pEmpty_vector,no_stress,0.601
10,3,ΔlpxT,pEmpty_vector,no_stress,0.537
10,4,ΔlpxT,pEmpty_vector,no_stress,0.59
10,5,ΔlpxT,pEmpty_vector,no_stress,0.632
10,6,ΔlpxT,pEmpty_vector,no_stress,0.635
10,7,ΔlpxT,pEmpty_vector,no_stress,0.644
10,8,ΔlpxT,pEmpty_vector,no_stress,0.82
10,1,ΔlpxT,pPmrR,no_stress,0.395
10,2,ΔlpxT,pPmrR,no_stress,0.39
10,3,ΔlpxT,pPmrR,no_stress,0.579
10,4,ΔlpxT,pPmrR,no_stress,0.58
10,5,ΔlpxT,pPmrR,no_stress,0.385
10,6,ΔlpxT,pPmrR,no_stress,0.388
10,7,ΔlpxT,pPmrR,no_stress,0.441
10,8,ΔlpxT,pPmrR,no_stress,0.466
10,1,MG1655,pEmpty_vector,stress,0.609
10,2,MG1655,pEmpty_vector,stress,0.619
10,3,MG1655,pEmpty_vector,stress,0.384
10,4,MG1655,pEmpty_vector,stress,0.429
10,5,MG1655,pEmpty_vector,stress,0.549
10,6,MG1655,pEmpty_vector,stress,0.6
10,7,MG1655,pEmpty_vector,stress,0.598
10,8,MG1655,pEmpty_vector,stress,0.713
10,1,MG1655,pPmrR,stress,0.43
10,2,MG1655,pPmrR,stress,0.481
10,3,MG1655,pPmrR,stress,0.45
10,4,MG1655,pPmrR,stress,0.433
10,5,MG1655,pPmrR,stress,0.402
10,6,MG1655,pPmrR,stress,0.406
10,7,MG1655,pPmrR,stress,0.413
10,8,MG1655,pPmrR,stress,0.416
10,1,ΔlpxT,pEmpty_vector,stress,0.4
10,2,ΔlpxT,pEmpty_vector,stress,0.429
10,3,ΔlpxT,pEmpty_vector,stress,0.427
10,4,ΔlpxT,pEmpty_vector,stress,0.446
10,5,ΔlpxT,pEmpty_vector,stress,0.417
10,6,ΔlpxT,pEmpty_vector,stress,0.462
10,7,ΔlpxT,pEmpty_vector,stress,0.45
10,8,ΔlpxT,pEmpty_vector,stress,0.498
10,1,ΔlpxT,pPmrR,stress,0.328
10,2,ΔlpxT,pPmrR,stress,0.332
10,3,ΔlpxT,pPmrR,stress,0.517
10,4,ΔlpxT,pPmrR,stress,0.498
10,5,ΔlpxT,pPmrR,stress,0.307
10,6,ΔlpxT,pPmrR,stress,0.304
10,7,ΔlpxT,pPmrR,stress,0.387
10,8,ΔlpxT,pPmrR,stress,0.41
11,1,MG1655,pEmpty_vector,no_stress,0.814
11,2,MG1655,pEmpty_vector,no_stress,0.754
11,3,MG1655,pEmpty_vector,no_stress,0.554
11,4,MG1655,pEmpty_vector,no_stress,0.545
11,5,MG1655,pEmpty_vector,no_stress,0.788
11,6,MG1655,pEmpty_vector,no_stress,0.771
11,7,MG1655,pEmpty_vector,no_stress,0.798
11,8,MG1655,pEmpty_vector,no_stress,0.843
11,1,MG1655,pPmrR,no_stress,0.754
11,2,MG1655,pPmrR,no_stress,0.672
11,3,MG1655,pPmrR,no_stress,0.511
11,4,MG1655,pPmrR,no_stress,0.36
11,5,MG1655,pPmrR,no_stress,0.615
11,6,MG1655,pPmrR,no_stress,0.615
11,7,MG1655,pPmrR,no_stress,0.661
11,8,MG1655,pPmrR,no_stress,0.682
11,1,ΔlpxT,pEmpty_vector,no_stress,0.625
11,2,ΔlpxT,pEmpty_vector,no_stress,0.617
11,3,ΔlpxT,pEmpty_vector,no_stress,0.538
11,4,ΔlpxT,pEmpty_vector,no_stress,0.588
11,5,ΔlpxT,pEmpty_vector,no_stress,0.642
11,6,ΔlpxT,pEmpty_vector,no_stress,0.639
11,7,ΔlpxT,pEmpty_vector,no_stress,0.643
11,8,ΔlpxT,pEmpty_vector,no_stress,0.835
11,1,ΔlpxT,pPmrR,no_stress,0.612
11,2,ΔlpxT,pPmrR,no_stress,0.596
11,3,ΔlpxT,pPmrR,no_stress,0.615
11,4,ΔlpxT,pPmrR,no_stress,0.613
11,5,ΔlpxT,pPmrR,no_stress,0.566
11,6,ΔlpxT,pPmrR,no_stress,0.586
11,7,ΔlpxT,pPmrR,no_stress,0.659
11,8,ΔlpxT,pPmrR,no_stress,0.714
11,1,MG1655,pEmpty_vector,stress,0.615
11,2,MG1655,pEmpty_vector,stress,0.629
11,3,MG1655,pEmpty_vector,stress,0.386
11,4,MG1655,pEmpty_vector,stress,0.428
11,5,MG1655,pEmpty_vector,stress,0.567
11,6,MG1655,pEmpty_vector,stress,0.618
11,7,MG1655,pEmpty_vector,stress,0.615
11,8,MG1655,pEmpty_vector,stress,0.699
11,1,MG1655,pPmrR,stress,0.521
11,2,MG1655,pPmrR,stress,0.554
11,3,MG1655,pPmrR,stress,0.501
11,4,MG1655,pPmrR,stress,0.407
11,5,MG1655,pPmrR,stress,0.59
11,6,MG1655,pPmrR,stress,0.524
11,7,MG1655,pPmrR,stress,0.561
11,8,MG1655,pPmrR,stress,0.598
11,1,ΔlpxT,pEmpty_vector,stress,0.404
11,2,ΔlpxT,pEmpty_vector,stress,0.428
11,3,ΔlpxT,pEmpty_vector,stress,0.425
11,4,ΔlpxT,pEmpty_vector,stress,0.441
11,5,ΔlpxT,pEmpty_vector,stress,0.419
11,6,ΔlpxT,pEmpty_vector,stress,0.457
11,7,ΔlpxT,pEmpty_vector,stress,0.447
11,8,ΔlpxT,pEmpty_vector,stress,0.497
11,1,ΔlpxT,pPmrR,stress,0.393
11,2,ΔlpxT,pPmrR,stress,0.412
11,3,ΔlpxT,pPmrR,stress,0.519
11,4,ΔlpxT,pPmrR,stress,0.517
11,5,ΔlpxT,pPmrR,stress,0.399
11,6,ΔlpxT,pPmrR,stress,0.405
11,7,ΔlpxT,pPmrR,stress,0.445
11,8,ΔlpxT,pPmrR,stress,0.478
12,1,MG1655,pEmpty_vector,no_stress,0.831
12,2,MG1655,pEmpty_vector,no_stress,0.767
12,3,MG1655,pEmpty_vector,no_stress,0.578
12,4,MG1655,pEmpty_vector,no_stress,0.558
12,5,MG1655,pEmpty_vector,no_stress,0.799
12,6,MG1655,pEmpty_vector,no_stress,0.784
12,7,MG1655,pEmpty_vector,no_stress,0.812
12,8,MG1655,pEmpty_vector,no_stress,0.852
12,1,MG1655,pPmrR,no_stress,0.649
12,2,MG1655,pPmrR,no_stress,0.67
12,3,MG1655,pPmrR,no_stress,0.626
12,4,MG1655,pPmrR,no_stress,0.669
12,5,MG1655,pPmrR,no_stress,0.678
12,6,MG1655,pPmrR,no_stress,0.678
12,7,MG1655,pPmrR,no_stress,0.782
12,8,MG1655,pPmrR,no_stress,0.772
12,1,ΔlpxT,pEmpty_vector,no_stress,0.637
12,2,ΔlpxT,pEmpty_vector,no_stress,0.635
12,3,ΔlpxT,pEmpty_vector,no_stress,0.541
12,4,ΔlpxT,pEmpty_vector,no_stress,0.585
12,5,ΔlpxT,pEmpty_vector,no_stress,0.654
12,6,ΔlpxT,pEmpty_vector,no_stress,0.646
12,7,ΔlpxT,pEmpty_vector,no_stress,0.626
12,8,ΔlpxT,pEmpty_vector,no_stress,0.853
12,1,ΔlpxT,pPmrR,no_stress,0.605
12,2,ΔlpxT,pPmrR,no_stress,0.632
12,3,ΔlpxT,pPmrR,no_stress,0.641
12,4,ΔlpxT,pPmrR,no_stress,0.648
12,5,ΔlpxT,pPmrR,no_stress,0.601
12,6,ΔlpxT,pPmrR,no_stress,0.607
12,7,ΔlpxT,pPmrR,no_stress,0.744
12,8,ΔlpxT,pPmrR,no_stress,0.86
12,1,MG1655,pEmpty_vector,stress,0.595
12,2,MG1655,pEmpty_vector,stress,0.644
12,3,MG1655,pEmpty_vector,stress,0.386
12,4,MG1655,pEmpty_vector,stress,0.424
12,5,MG1655,pEmpty_vector,stress,0.581
12,6,MG1655,pEmpty_vector,stress,0.638
12,7,MG1655,pEmpty_vector,stress,0.628
12,8,MG1655,pEmpty_vector,stress,0.655
12,1,MG1655,pPmrR,stress,0.558
12,2,MG1655,pPmrR,stress,0.582
12,3,MG1655,pPmrR,stress,0.469
12,4,MG1655,pPmrR,stress,0.481
12,5,MG1655,pPmrR,stress,0.531
12,6,MG1655,pPmrR,stress,0.559
12,7,MG1655,pPmrR,stress,0.574
12,8,MG1655,pPmrR,stress,0.586
12,1,ΔlpxT,pEmpty_vector,stress,0.41
12,2,ΔlpxT,pEmpty_vector,stress,0.43
12,3,ΔlpxT,pEmpty_vector,stress,0.424
12,4,ΔlpxT,pEmpty_vector,stress,0.443
12,5,ΔlpxT,pEmpty_vector,stress,0.422
12,6,ΔlpxT,pEmpty_vector,stress,0.457
12,7,ΔlpxT,pEmpty_vector,stress,0.446
12,8,ΔlpxT,pEmpty_vector,stress,0.496
12,1,ΔlpxT,pPmrR,stress,0.589
12,2,ΔlpxT,pPmrR,stress,0.55
12,3,ΔlpxT,pPmrR,stress,0.512
12,4,ΔlpxT,pPmrR,stress,0.507
12,5,ΔlpxT,pPmrR,stress,0.496
12,6,ΔlpxT,pPmrR,stress,0.514
12,7,ΔlpxT,pPmrR,stress,0.561
12,8,ΔlpxT,pPmrR,stress,0.645
13,1,MG1655,pEmpty_vector,no_stress,0.858
13,2,MG1655,pEmpty_vector,no_stress,0.774
13,3,MG1655,pEmpty_vector,no_stress,0.591
13,4,MG1655,pEmpty_vector,no_stress,0.57
13,5,MG1655,pEmpty_vector,no_stress,0.809
13,6,MG1655,pEmpty_vector,no_stress,0.794
13,7,MG1655,pEmpty_vector,no_stress,0.827
13,8,MG1655,pEmpty_vector,no_stress,0.881
13,1,MG1655,pPmrR,no_stress,0.643
13,2,MG1655,pPmrR,no_stress,0.665
13,3,MG1655,pPmrR,no_stress,0.559
13,4,MG1655,pPmrR,no_stress,0.513
13,5,MG1655,pPmrR,no_stress,0.776
13,6,MG1655,pPmrR,no_stress,0.776
13,7,MG1655,pPmrR,no_stress,0.78
13,8,MG1655,pPmrR,no_stress,0.782
13,1,ΔlpxT,pEmpty_vector,no_stress,0.639
13,2,ΔlpxT,pEmpty_vector,no_stress,0.639
13,3,ΔlpxT,pEmpty_vector,no_stress,0.545
13,4,ΔlpxT,pEmpty_vector,no_stress,0.593
13,5,ΔlpxT,pEmpty_vector,no_stress,0.66
13,6,ΔlpxT,pEmpty_vector,no_stress,0.656
13,7,ΔlpxT,pEmpty_vector,no_stress,0.615
13,8,ΔlpxT,pEmpty_vector,no_stress,0.851
13,1,ΔlpxT,pPmrR,no_stress,0.636
13,2,ΔlpxT,pPmrR,no_stress,0.669
13,3,ΔlpxT,pPmrR,no_stress,0.66
13,4,ΔlpxT,pPmrR,no_stress,0.669
13,5,ΔlpxT,pPmrR,no_stress,0.634
13,6,ΔlpxT,pPmrR,no_stress,0.644
13,7,ΔlpxT,pPmrR,no_stress,0.82
13,8,ΔlpxT,pPmrR,no_stress,0.953
13,1,MG1655,pEmpty_vector,stress,0.572
13,2,MG1655,pEmpty_vector,stress,0.638
13,3,MG1655,pEmpty_vector,stress,0.386
13,4,MG1655,pEmpty_vector,stress,0.423
13,5,MG1655,pEmpty_vector,stress,0.599
13,6,MG1655,pEmpty_vector,stress,0.654
13,7,MG1655,pEmpty_vector,stress,0.656
13,8,MG1655,pEmpty_vector,stress,0.65
13,1,MG1655,pPmrR,stress,0.633
13,2,MG1655,pPmrR,stress,0.56
13,3,MG1655,pPmrR,stress,0.443
13,4,MG1655,pPmrR,stress,0.511
13,5,MG1655,pPmrR,stress,0.569
13,6,MG1655,pPmrR,stress,0.536
13,7,MG1655,pPmrR,stress,0.691
13,8,MG1655,pPmrR,stress,0.699
13,1,ΔlpxT,pEmpty_vector,stress,0.412
13,2,ΔlpxT,pEmpty_vector,stress,0.429
13,3,ΔlpxT,pEmpty_vector,stress,0.424
13,4,ΔlpxT,pEmpty_vector,stress,0.442
13,5,ΔlpxT,pEmpty_vector,stress,0.423
13,6,ΔlpxT,pEmpty_vector,stress,0.455
13,7,ΔlpxT,pEmpty_vector,stress,0.446
13,8,ΔlpxT,pEmpty_vector,stress,0.496
13,1,ΔlpxT,pPmrR,stress,0.582
13,2,ΔlpxT,pPmrR,stress,0.56
13,3,ΔlpxT,pPmrR,stress,0.511
13,4,ΔlpxT,pPmrR,stress,0.504
13,5,ΔlpxT,pPmrR,stress,0.519
13,6,ΔlpxT,pPmrR,stress,0.542
13,7,ΔlpxT,pPmrR,stress,0.584
13,8,ΔlpxT,pPmrR,stress,0.676
14,1,MG1655,pEmpty_vector,no_stress,0.847
14,2,MG1655,pEmpty_vector,no_stress,0.781
14,3,MG1655,pEmpty_vector,no_stress,0.62
14,4,MG1655,pEmpty_vector,no_stress,0.581
14,5,MG1655,pEmpty_vector,no_stress,0.814
14,6,MG1655,pEmpty_vector,no_stress,0.797
14,7,MG1655,pEmpty_vector,no_stress,0.836
14,8,MG1655,pEmpty_vector,no_stress,0.888
14,1,MG1655,pPmrR,no_stress,0.653
14,2,MG1655,pPmrR,no_stress,0.663
14,3,MG1655,pPmrR,no_stress,0.612
14,4,MG1655,pPmrR,no_stress,0.672
14,5,MG1655,pPmrR,no_stress,0.826
14,6,MG1655,pPmrR,no_stress,0.826
14,7,MG1655,pPmrR,no_stress,0.788
14,8,MG1655,pPmrR,no_stress,0.797
14,1,ΔlpxT,pEmpty_vector,no_stress,0.647
14,2,ΔlpxT,pEmpty_vector,no_stress,0.642
14,3,ΔlpxT,pEmpty_vector,no_stress,0.551
14,4,ΔlpxT,pEmpty_vector,no_stress,0.608
14,5,ΔlpxT,pEmpty_vector,no_stress,0.663
14,6,ΔlpxT,pEmpty_vector,no_stress,0.673
14,7,ΔlpxT,pEmpty_vector,no_stress,0.633
14,8,ΔlpxT,pEmpty_vector,no_stress,0.868
14,1,ΔlpxT,pPmrR,no_stress,0.634
14,2,ΔlpxT,pPmrR,no_stress,0.691
14,3,ΔlpxT,pPmrR,no_stress,0.656
14,4,ΔlpxT,pPmrR,no_stress,0.668
14,5,ΔlpxT,pPmrR,no_stress,0.651
14,6,ΔlpxT,pPmrR,no_stress,0.663
14,7,ΔlpxT,pPmrR,no_stress,0.846
14,8,ΔlpxT,pPmrR,no_stress,1
14,1,MG1655,pEmpty_vector,stress,0.532
14,2,MG1655,pEmpty_vector,stress,0.63
14,3,MG1655,pEmpty_vector,stress,0.386
14,4,MG1655,pEmpty_vector,stress,0.422
14,5,MG1655,pEmpty_vector,stress,0.607
14,6,MG1655,pEmpty_vector,stress,0.669
14,7,MG1655,pEmpty_vector,stress,0.644
14,8,MG1655,pEmpty_vector,stress,0.626
14,1,MG1655,pPmrR,stress,0.639
14,2,MG1655,pPmrR,stress,0.658
14,3,MG1655,pPmrR,stress,0.606
14,4,MG1655,pPmrR,stress,0.62
14,5,MG1655,pPmrR,stress,0.647
14,6,MG1655,pPmrR,stress,0.626
14,7,MG1655,pPmrR,stress,0.665
14,8,MG1655,pPmrR,stress,0.683
14,1,ΔlpxT,pEmpty_vector,stress,0.416
14,2,ΔlpxT,pEmpty_vector,stress,0.43
14,3,ΔlpxT,pEmpty_vector,stress,0.426
14,4,ΔlpxT,pEmpty_vector,stress,0.445
14,5,ΔlpxT,pEmpty_vector,stress,0.425
14,6,ΔlpxT,pEmpty_vector,stress,0.458
14,7,ΔlpxT,pEmpty_vector,stress,0.445
14,8,ΔlpxT,pEmpty_vector,stress,0.495
14,1,ΔlpxT,pPmrR,stress,0.569
14,2,ΔlpxT,pPmrR,stress,0.518
14,3,ΔlpxT,pPmrR,stress,0.51
14,4,ΔlpxT,pPmrR,stress,0.502
14,5,ΔlpxT,pPmrR,stress,0.496
14,6,ΔlpxT,pPmrR,stress,0.511
14,7,ΔlpxT,pPmrR,stress,0.525
14,8,ΔlpxT,pPmrR,stress,0.662
15,1,MG1655,pEmpty_vector,no_stress,0.83
15,2,MG1655,pEmpty_vector,no_stress,0.793
15,3,MG1655,pEmpty_vector,no_stress,0.634
15,4,MG1655,pEmpty_vector,no_stress,0.592
15,5,MG1655,pEmpty_vector,no_stress,0.818
15,6,MG1655,pEmpty_vector,no_stress,0.805
15,7,MG1655,pEmpty_vector,no_stress,0.847
15,8,MG1655,pEmpty_vector,no_stress,0.89
15,1,MG1655,pPmrR,no_stress,0.757
15,2,MG1655,pPmrR,no_stress,0.669
15,3,MG1655,pPmrR,no_stress,0.691
15,4,MG1655,pPmrR,no_stress,0.641
15,5,MG1655,pPmrR,no_stress,0.837
15,6,MG1655,pPmrR,no_stress,0.837
15,7,MG1655,pPmrR,no_stress,0.788
15,8,MG1655,pPmrR,no_stress,0.824
15,1,ΔlpxT,pEmpty_vector,no_stress,0.654
15,2,ΔlpxT,pEmpty_vector,no_stress,0.637
15,3,ΔlpxT,pEmpty_vector,no_stress,0.559
15,4,ΔlpxT,pEmpty_vector,no_stress,0.605
15,5,ΔlpxT,pEmpty_vector,no_stress,0.658
15,6,ΔlpxT,pEmpty_vector,no_stress,0.69
15,7,ΔlpxT,pEmpty_vector,no_stress,0.651
15,8,ΔlpxT,pEmpty_vector,no_stress,0.883
15,1,ΔlpxT,pPmrR,no_stress,0.654
15,2,ΔlpxT,pPmrR,no_stress,0.707
15,3,ΔlpxT,pPmrR,no_stress,0.656
15,4,ΔlpxT,pPmrR,no_stress,0.679
15,5,ΔlpxT,pPmrR,no_stress,0.666
15,6,ΔlpxT,pPmrR,no_stress,0.676
15,7,ΔlpxT,pPmrR,no_stress,0.853
15,8,ΔlpxT,pPmrR,no_stress,1.03
15,1,MG1655,pEmpty_vector,stress,0.523
15,2,MG1655,pEmpty_vector,stress,0.594
15,3,MG1655,pEmpty_vector,stress,0.387
15,4,MG1655,pEmpty_vector,stress,0.423
15,5,MG1655,pEmpty_vector,stress,0.616
15,6,MG1655,pEmpty_vector,stress,0.659
15,7,MG1655,pEmpty_vector,stress,0.616
15,8,MG1655,pEmpty_vector,stress,0.598
15,1,MG1655,pPmrR,stress,0.695
15,2,MG1655,pPmrR,stress,0.641
15,3,MG1655,pPmrR,stress,0.627
15,4,MG1655,pPmrR,stress,0.641
15,5,MG1655,pPmrR,stress,0.633
15,6,MG1655,pPmrR,stress,0.609
15,7,MG1655,pPmrR,stress,0.645
15,8,MG1655,pPmrR,stress,0.633
15,1,ΔlpxT,pEmpty_vector,stress,0.423
15,2,ΔlpxT,pEmpty_vector,stress,0.433
15,3,ΔlpxT,pEmpty_vector,stress,0.431
15,4,ΔlpxT,pEmpty_vector,stress,0.448
15,5,ΔlpxT,pEmpty_vector,stress,0.43
15,6,ΔlpxT,pEmpty_vector,stress,0.461
15,7,ΔlpxT,pEmpty_vector,stress,0.445
15,8,ΔlpxT,pEmpty_vector,stress,0.497
15,1,ΔlpxT,pPmrR,stress,0.561
15,2,ΔlpxT,pPmrR,stress,0.512
15,3,ΔlpxT,pPmrR,stress,0.51
15,4,ΔlpxT,pPmrR,stress,0.504
15,5,ΔlpxT,pPmrR,stress,0.492
15,6,ΔlpxT,pPmrR,stress,0.504
15,7,ΔlpxT,pPmrR,stress,0.521
15,8,ΔlpxT,pPmrR,stress,0.641
16,1,MG1655,pEmpty_vector,no_stress,0.811
16,2,MG1655,pEmpty_vector,no_stress,0.803
16,3,MG1655,pEmpty_vector,no_stress,0.627
16,4,MG1655,pEmpty_vector,no_stress,0.6
16,5,MG1655,pEmpty_vector,no_stress,0.82
16,6,MG1655,pEmpty_vector,no_stress,0.812
16,7,MG1655,pEmpty_vector,no_stress,0.863
16,8,MG1655,pEmpty_vector,no_stress,0.894
16,1,MG1655,pPmrR,no_stress,0.77
16,2,MG1655,pPmrR,no_stress,0.68
16,3,MG1655,pPmrR,no_stress,0.667
16,4,MG1655,pPmrR,no_stress,0.634
16,5,MG1655,pPmrR,no_stress,0.834
16,6,MG1655,pPmrR,no_stress,0.834
16,7,MG1655,pPmrR,no_stress,0.793
16,8,MG1655,pPmrR,no_stress,0.838
16,1,ΔlpxT,pEmpty_vector,no_stress,0.67
16,2,ΔlpxT,pEmpty_vector,no_stress,0.643
16,3,ΔlpxT,pEmpty_vector,no_stress,0.566
16,4,ΔlpxT,pEmpty_vector,no_stress,0.605
16,5,ΔlpxT,pEmpty_vector,no_stress,0.665
16,6,ΔlpxT,pEmpty_vector,no_stress,0.696
16,7,ΔlpxT,pEmpty_vector,no_stress,0.66
16,8,ΔlpxT,pEmpty_vector,no_stress,0.885
16,1,ΔlpxT,pPmrR,no_stress,0.667
16,2,ΔlpxT,pPmrR,no_stress,0.704
16,3,ΔlpxT,pPmrR,no_stress,0.666
16,4,ΔlpxT,pPmrR,no_stress,0.682
16,5,ΔlpxT,pPmrR,no_stress,0.668
16,6,ΔlpxT,pPmrR,no_stress,0.677
16,7,ΔlpxT,pPmrR,no_stress,0.851
16,8,ΔlpxT,pPmrR,no_stress,1.052
16,1,MG1655,pEmpty_vector,stress,0.504
16,2,MG1655,pEmpty_vector,stress,0.575
16,3,MG1655,pEmpty_vector,stress,0.39
16,4,MG1655,pEmpty_vector,stress,0.423
16,5,MG1655,pEmpty_vector,stress,0.612
16,6,MG1655,pEmpty_vector,stress,0.64
16,7,MG1655,pEmpty_vector,stress,0.593
16,8,MG1655,pEmpty_vector,stress,0.611
16,1,MG1655,pPmrR,stress,0.688
16,2,MG1655,pPmrR,stress,0.642
16,3,MG1655,pPmrR,stress,0.771
16,4,MG1655,pPmrR,stress,0.734
16,5,MG1655,pPmrR,stress,0.615
16,6,MG1655,pPmrR,stress,0.69
16,7,MG1655,pPmrR,stress,0.629
16,8,MG1655,pPmrR,stress,0.617
16,1,ΔlpxT,pEmpty_vector,stress,0.429
16,2,ΔlpxT,pEmpty_vector,stress,0.438
16,3,ΔlpxT,pEmpty_vector,stress,0.435
16,4,ΔlpxT,pEmpty_vector,stress,0.455
16,5,ΔlpxT,pEmpty_vector,stress,0.433
16,6,ΔlpxT,pEmpty_vector,stress,0.464
16,7,ΔlpxT,pEmpty_vector,stress,0.448
16,8,ΔlpxT,pEmpty_vector,stress,0.5
16,1,ΔlpxT,pPmrR,stress,0.553
16,2,ΔlpxT,pPmrR,stress,0.508
16,3,ΔlpxT,pPmrR,stress,0.512
16,4,ΔlpxT,pPmrR,stress,0.503
16,5,ΔlpxT,pPmrR,stress,0.491
16,6,ΔlpxT,pPmrR,stress,0.503
16,7,ΔlpxT,pPmrR,stress,0.52
16,8,ΔlpxT,pPmrR,stress,0.63
17,1,MG1655,pEmpty_vector,no_stress,0.811
17,2,MG1655,pEmpty_vector,no_stress,0.8
17,3,MG1655,pEmpty_vector,no_stress,0.633
17,4,MG1655,pEmpty_vector,no_stress,0.596
17,5,MG1655,pEmpty_vector,no_stress,0.832
17,6,MG1655,pEmpty_vector,no_stress,0.828
17,7,MG1655,pEmpty_vector,no_stress,0.862
17,8,MG1655,pEmpty_vector,no_stress,0.875
17,1,MG1655,pPmrR,no_stress,0.799
17,2,MG1655,pPmrR,no_stress,0.698
17,3,MG1655,pPmrR,no_stress,0.687
17,4,MG1655,pPmrR,no_stress,0.6
17,5,MG1655,pPmrR,no_stress,0.825
17,6,MG1655,pPmrR,no_stress,0.825
17,7,MG1655,pPmrR,no_stress,0.806
17,8,MG1655,pPmrR,no_stress,0.851
17,1,ΔlpxT,pEmpty_vector,no_stress,0.683
17,2,ΔlpxT,pEmpty_vector,no_stress,0.653
17,3,ΔlpxT,pEmpty_vector,no_stress,0.573
17,4,ΔlpxT,pEmpty_vector,no_stress,0.613
17,5,ΔlpxT,pEmpty_vector,no_stress,0.678
17,6,ΔlpxT,pEmpty_vector,no_stress,0.697
17,7,ΔlpxT,pEmpty_vector,no_stress,0.659
17,8,ΔlpxT,pEmpty_vector,no_stress,0.886
17,1,ΔlpxT,pPmrR,no_stress,0.681
17,2,ΔlpxT,pPmrR,no_stress,0.711
17,3,ΔlpxT,pPmrR,no_stress,0.671
17,4,ΔlpxT,pPmrR,no_stress,0.691
17,5,ΔlpxT,pPmrR,no_stress,0.671
17,6,ΔlpxT,pPmrR,no_stress,0.683
17,7,ΔlpxT,pPmrR,no_stress,0.844
17,8,ΔlpxT,pPmrR,no_stress,1.06
17,1,MG1655,pEmpty_vector,stress,0.503
17,2,MG1655,pEmpty_vector,stress,0.554
17,3,MG1655,pEmpty_vector,stress,0.392
17,4,MG1655,pEmpty_vector,stress,0.422
17,5,MG1655,pEmpty_vector,stress,0.616
17,6,MG1655,pEmpty_vector,stress,0.632
17,7,MG1655,pEmpty_vector,stress,0.59
17,8,MG1655,pEmpty_vector,stress,0.634
17,1,MG1655,pPmrR,stress,0.578
17,2,MG1655,pPmrR,stress,0.615
17,3,MG1655,pPmrR,stress,0.745
17,4,MG1655,pPmrR,stress,0.666
17,5,MG1655,pPmrR,stress,0.653
17,6,MG1655,pPmrR,stress,0.78
17,7,MG1655,pPmrR,stress,0.658
17,8,MG1655,pPmrR,stress,0.665
17,1,ΔlpxT,pEmpty_vector,stress,0.438
17,2,ΔlpxT,pEmpty_vector,stress,0.447
17,3,ΔlpxT,pEmpty_vector,stress,0.441
17,4,ΔlpxT,pEmpty_vector,stress,0.465
17,5,ΔlpxT,pEmpty_vector,stress,0.439
17,6,ΔlpxT,pEmpty_vector,stress,0.468
17,7,ΔlpxT,pEmpty_vector,stress,0.453
17,8,ΔlpxT,pEmpty_vector,stress,0.502
17,1,ΔlpxT,pPmrR,stress,0.552
17,2,ΔlpxT,pPmrR,stress,0.506
17,3,ΔlpxT,pPmrR,stress,0.511
17,4,ΔlpxT,pPmrR,stress,0.505
17,5,ΔlpxT,pPmrR,stress,0.493
17,6,ΔlpxT,pPmrR,stress,0.501
17,7,ΔlpxT,pPmrR,stress,0.52
17,8,ΔlpxT,pPmrR,stress,0.626
18,1,MG1655,pEmpty_vector,no_stress,0.811
18,2,MG1655,pEmpty_vector,no_stress,0.79
18,3,MG1655,pEmpty_vector,no_stress,0.639
18,4,MG1655,pEmpty_vector,no_stress,0.593
18,5,MG1655,pEmpty_vector,no_stress,0.848
18,6,MG1655,pEmpty_vector,no_stress,0.846
18,7,MG1655,pEmpty_vector,no_stress,0.857
18,8,MG1655,pEmpty_vector,no_stress,0.894
18,1,MG1655,pPmrR,no_stress,0.776
18,2,MG1655,pPmrR,no_stress,0.713
18,3,MG1655,pPmrR,no_stress,0.683
18,4,MG1655,pPmrR,no_stress,0.731
18,5,MG1655,pPmrR,no_stress,0.821
18,6,MG1655,pPmrR,no_stress,0.821
18,7,MG1655,pPmrR,no_stress,0.825
18,8,MG1655,pPmrR,no_stress,0.865
18,1,ΔlpxT,pEmpty_vector,no_stress,0.697
18,2,ΔlpxT,pEmpty_vector,no_stress,0.661
18,3,ΔlpxT,pEmpty_vector,no_stress,0.577
18,4,ΔlpxT,pEmpty_vector,no_stress,0.621
18,5,ΔlpxT,pEmpty_vector,no_stress,0.706
18,6,ΔlpxT,pEmpty_vector,no_stress,0.7
18,7,ΔlpxT,pEmpty_vector,no_stress,0.674
18,8,ΔlpxT,pEmpty_vector,no_stress,0.871
18,1,ΔlpxT,pPmrR,no_stress,0.697
18,2,ΔlpxT,pPmrR,no_stress,0.718
18,3,ΔlpxT,pPmrR,no_stress,0.671
18,4,ΔlpxT,pPmrR,no_stress,0.71
18,5,ΔlpxT,pPmrR,no_stress,0.678
18,6,ΔlpxT,pPmrR,no_stress,0.692
18,7,ΔlpxT,pPmrR,no_stress,0.844
18,8,ΔlpxT,pPmrR,no_stress,1.064
18,1,MG1655,pEmpty_vector,stress,0.521
18,2,MG1655,pEmpty_vector,stress,0.55
18,3,MG1655,pEmpty_vector,stress,0.396
18,4,MG1655,pEmpty_vector,stress,0.422
18,5,MG1655,pEmpty_vector,stress,0.613
18,6,MG1655,pEmpty_vector,stress,0.63
18,7,MG1655,pEmpty_vector,stress,0.602
18,8,MG1655,pEmpty_vector,stress,0.66
18,1,MG1655,pPmrR,stress,0.6
18,2,MG1655,pPmrR,stress,0.669
18,3,MG1655,pPmrR,stress,0.669
18,4,MG1655,pPmrR,stress,0.611
18,5,MG1655,pPmrR,stress,0.703
18,6,MG1655,pPmrR,stress,0.642
18,7,MG1655,pPmrR,stress,0.725
18,8,MG1655,pPmrR,stress,0.547
18,1,ΔlpxT,pEmpty_vector,stress,0.445
18,2,ΔlpxT,pEmpty_vector,stress,0.458
18,3,ΔlpxT,pEmpty_vector,stress,0.45
18,4,ΔlpxT,pEmpty_vector,stress,0.472
18,5,ΔlpxT,pEmpty_vector,stress,0.444
18,6,ΔlpxT,pEmpty_vector,stress,0.475
18,7,ΔlpxT,pEmpty_vector,stress,0.462
18,8,ΔlpxT,pEmpty_vector,stress,0.508
18,1,ΔlpxT,pPmrR,stress,0.551
18,2,ΔlpxT,pPmrR,stress,0.505
18,3,ΔlpxT,pPmrR,stress,0.512
18,4,ΔlpxT,pPmrR,stress,0.506
18,5,ΔlpxT,pPmrR,stress,0.494
18,6,ΔlpxT,pPmrR,stress,0.5
18,7,ΔlpxT,pPmrR,stress,0.518
18,8,ΔlpxT,pPmrR,stress,0.626
19,1,MG1655,pEmpty_vector,no_stress,0.775
19,2,MG1655,pEmpty_vector,no_stress,0.772
19,3,MG1655,pEmpty_vector,no_stress,0.633
19,4,MG1655,pEmpty_vector,no_stress,0.581
19,5,MG1655,pEmpty_vector,no_stress,0.841
19,6,MG1655,pEmpty_vector,no_stress,0.839
19,7,MG1655,pEmpty_vector,no_stress,0.845
19,8,MG1655,pEmpty_vector,no_stress,0.876
19,1,MG1655,pPmrR,no_stress,0.723
19,2,MG1655,pPmrR,no_stress,0.726
19,3,MG1655,pPmrR,no_stress,0.628
19,4,MG1655,pPmrR,no_stress,0.782
19,5,MG1655,pPmrR,no_stress,0.818
19,6,MG1655,pPmrR,no_stress,0.818
19,7,MG1655,pPmrR,no_stress,0.833
19,8,MG1655,pPmrR,no_stress,0.88
19,1,ΔlpxT,pEmpty_vector,no_stress,0.716
19,2,ΔlpxT,pEmpty_vector,no_stress,0.688
19,3,ΔlpxT,pEmpty_vector,no_stress,0.582
19,4,ΔlpxT,pEmpty_vector,no_stress,0.642
19,5,ΔlpxT,pEmpty_vector,no_stress,0.731
19,6,ΔlpxT,pEmpty_vector,no_stress,0.7
19,7,ΔlpxT,pEmpty_vector,no_stress,0.718
19,8,ΔlpxT,pEmpty_vector,no_stress,0.876
19,1,ΔlpxT,pPmrR,no_stress,0.712
19,2,ΔlpxT,pPmrR,no_stress,0.733
19,3,ΔlpxT,pPmrR,no_stress,0.687
19,4,ΔlpxT,pPmrR,no_stress,0.71
19,5,ΔlpxT,pPmrR,no_stress,0.679
19,6,ΔlpxT,pPmrR,no_stress,0.709
19,7,ΔlpxT,pPmrR,no_stress,0.844
19,8,ΔlpxT,pPmrR,no_stress,1.069
19,1,MG1655,pEmpty_vector,stress,0.54
19,2,MG1655,pEmpty_vector,stress,0.551
19,3,MG1655,pEmpty_vector,stress,0.4
19,4,MG1655,pEmpty_vector,stress,0.432
19,5,MG1655,pEmpty_vector,stress,0.603
19,6,MG1655,pEmpty_vector,stress,0.62
19,7,MG1655,pEmpty_vector,stress,0.604
19,8,MG1655,pEmpty_vector,stress,0.673
19,1,MG1655,pPmrR,stress,0.603
19,2,MG1655,pPmrR,stress,0.648
19,3,MG1655,pPmrR,stress,0.675
19,4,MG1655,pPmrR,stress,0.623
19,5,MG1655,pPmrR,stress,0.658
19,6,MG1655,pPmrR,stress,0.652
19,7,MG1655,pPmrR,stress,0.754
19,8,MG1655,pPmrR,stress,0.534
19,1,ΔlpxT,pEmpty_vector,stress,0.453
19,2,ΔlpxT,pEmpty_vector,stress,0.471
19,3,ΔlpxT,pEmpty_vector,stress,0.462
19,4,ΔlpxT,pEmpty_vector,stress,0.482
19,5,ΔlpxT,pEmpty_vector,stress,0.452
19,6,ΔlpxT,pEmpty_vector,stress,0.484
19,7,ΔlpxT,pEmpty_vector,stress,0.472
19,8,ΔlpxT,pEmpty_vector,stress,0.512
19,1,ΔlpxT,pPmrR,stress,0.553
19,2,ΔlpxT,pPmrR,stress,0.505
19,3,ΔlpxT,pPmrR,stress,0.513
19,4,ΔlpxT,pPmrR,stress,0.51
19,5,ΔlpxT,pPmrR,stress,0.496
19,6,ΔlpxT,pPmrR,stress,0.502
19,7,ΔlpxT,pPmrR,stress,0.52
19,8,ΔlpxT,pPmrR,stress,0.625
20,1,MG1655,pEmpty_vector,no_stress,0.781
20,2,MG1655,pEmpty_vector,no_stress,0.757
20,3,MG1655,pEmpty_vector,no_stress,0.63
20,4,MG1655,pEmpty_vector,no_stress,0.591
20,5,MG1655,pEmpty_vector,no_stress,0.84
20,6,MG1655,pEmpty_vector,no_stress,0.843
20,7,MG1655,pEmpty_vector,no_stress,0.851
20,8,MG1655,pEmpty_vector,no_stress,0.87
20,1,MG1655,pPmrR,no_stress,0.689
20,2,MG1655,pPmrR,no_stress,0.725
20,3,MG1655,pPmrR,no_stress,0.66
20,4,MG1655,pPmrR,no_stress,0.774
20,5,MG1655,pPmrR,no_stress,0.816
20,6,MG1655,pPmrR,no_stress,0.816
20,7,MG1655,pPmrR,no_stress,0.841
20,8,MG1655,pPmrR,no_stress,0.875
20,1,ΔlpxT,pEmpty_vector,no_stress,0.743
20,2,ΔlpxT,pEmpty_vector,no_stress,0.701
20,3,ΔlpxT,pEmpty_vector,no_stress,0.586
20,4,ΔlpxT,pEmpty_vector,no_stress,0.691
20,5,ΔlpxT,pEmpty_vector,no_stress,0.742
20,6,ΔlpxT,pEmpty_vector,no_stress,0.704
20,7,ΔlpxT,pEmpty_vector,no_stress,0.764
20,8,ΔlpxT,pEmpty_vector,no_stress,0.916
20,1,ΔlpxT,pPmrR,no_stress,0.727
20,2,ΔlpxT,pPmrR,no_stress,0.737
20,3,ΔlpxT,pPmrR,no_stress,0.687
20,4,ΔlpxT,pPmrR,no_stress,0.701
20,5,ΔlpxT,pPmrR,no_stress,0.682
20,6,ΔlpxT,pPmrR,no_stress,0.716
20,7,ΔlpxT,pPmrR,no_stress,0.843
20,8,ΔlpxT,pPmrR,no_stress,1.08
20,1,MG1655,pEmpty_vector,stress,0.566
20,2,MG1655,pEmpty_vector,stress,0.562
20,3,MG1655,pEmpty_vector,stress,0.404
20,4,MG1655,pEmpty_vector,stress,0.437
20,5,MG1655,pEmpty_vector,stress,0.603
20,6,MG1655,pEmpty_vector,stress,0.625
20,7,MG1655,pEmpty_vector,stress,0.617
20,8,MG1655,pEmpty_vector,stress,0.694
20,1,MG1655,pPmrR,stress,0.597
20,2,MG1655,pPmrR,stress,0.611
20,3,MG1655,pPmrR,stress,0.706
20,4,MG1655,pPmrR,stress,0.631
20,5,MG1655,pPmrR,stress,0.614
20,6,MG1655,pPmrR,stress,0.629
20,7,MG1655,pPmrR,stress,0.75
20,8,MG1655,pPmrR,stress,0.574
20,1,ΔlpxT,pEmpty_vector,stress,0.463
20,2,ΔlpxT,pEmpty_vector,stress,0.489
20,3,ΔlpxT,pEmpty_vector,stress,0.476
20,4,ΔlpxT,pEmpty_vector,stress,0.493
20,5,ΔlpxT,pEmpty_vector,stress,0.46
20,6,ΔlpxT,pEmpty_vector,stress,0.494
20,7,ΔlpxT,pEmpty_vector,stress,0.483
20,8,ΔlpxT,pEmpty_vector,stress,0.515
20,1,ΔlpxT,pPmrR,stress,0.555
20,2,ΔlpxT,pPmrR,stress,0.506
20,3,ΔlpxT,pPmrR,stress,0.517
20,4,ΔlpxT,pPmrR,stress,0.512
20,5,ΔlpxT,pPmrR,stress,0.497
20,6,ΔlpxT,pPmrR,stress,0.501
20,7,ΔlpxT,pPmrR,stress,0.52
20,8,ΔlpxT,pPmrR,stress,0.622