time,replicate,strain,stress,OD
0,1,MG1655,no_stress,0.11
0,2,MG1655,no_stress,0.109
0,3,MG1655,no_stress,0.109
0,4,MG1655,no_stress,0.11
0,5,MG1655,no_stress,0.11
0,6,MG1655,no_stress,0.111
0,7,MG1655,no_stress,0.112
0,8,MG1655,no_stress,0.114
0,1,ΔpmrR,no_stress,0.114
0,2,ΔpmrR,no_stress,0.114
0,3,ΔpmrR,no_stress,0.111
0,4,ΔpmrR,no_stress,0.115
0,5,ΔpmrR,no_stress,0.111
0,6,ΔpmrR,no_stress,0.112
0,7,ΔpmrR,no_stress,0.111
0,8,ΔpmrR,no_stress,0.111
0,1,ΔlpxT,no_stress,0.112
0,2,ΔlpxT,no_stress,0.113
0,3,ΔlpxT,no_stress,0.109
0,4,ΔlpxT,no_stress,0.111
0,5,ΔlpxT,no_stress,0.111
0,6,ΔlpxT,no_stress,0.112
0,7,ΔlpxT,no_stress,0.112
0,8,ΔlpxT,no_stress,0.112
0,1,ΔpmrRΔlpxT,no_stress,0.112
0,2,ΔpmrRΔlpxT,no_stress,0.114
0,3,ΔpmrRΔlpxT,no_stress,0.111
0,4,ΔpmrRΔlpxT,no_stress,0.111
0,5,ΔpmrRΔlpxT,no_stress,0.111
0,6,ΔpmrRΔlpxT,no_stress,0.111
0,7,ΔpmrRΔlpxT,no_stress,0.113
0,8,ΔpmrRΔlpxT,no_stress,0.112
0,1,MG1655,stress,0.111
0,2,MG1655,stress,0.111
0,3,MG1655,stress,0.11
0,4,MG1655,stress,0.108
0,5,MG1655,stress,0.107
0,6,MG1655,stress,0.111
0,7,MG1655,stress,0.119
0,8,MG1655,stress,0.114
0,1,ΔpmrR,stress,0.111
0,2,ΔpmrR,stress,0.112
0,3,ΔpmrR,stress,0.109
0,4,ΔpmrR,stress,0.112
0,5,ΔpmrR,stress,0.111
0,6,ΔpmrR,stress,0.11
0,7,ΔpmrR,stress,0.112
0,8,ΔpmrR,stress,0.112
0,1,ΔlpxT,stress,0.111
0,2,ΔlpxT,stress,0.111
0,3,ΔlpxT,stress,0.111
0,4,ΔlpxT,stress,0.11
0,5,ΔlpxT,stress,0.11
0,6,ΔlpxT,stress,0.111
0,7,ΔlpxT,stress,0.11
0,8,ΔlpxT,stress,0.111
0,1,ΔpmrRΔlpxT,stress,0.111
0,2,ΔpmrRΔlpxT,stress,0.112
0,3,ΔpmrRΔlpxT,stress,0.111
0,4,ΔpmrRΔlpxT,stress,0.111
0,5,ΔpmrRΔlpxT,stress,0.111
0,6,ΔpmrRΔlpxT,stress,0.113
0,7,ΔpmrRΔlpxT,stress,0.112
0,8,ΔpmrRΔlpxT,stress,0.112
1,1,MG1655,no_stress,0.137
1,2,MG1655,no_stress,0.137
1,3,MG1655,no_stress,0.139
1,4,MG1655,no_stress,0.141
1,5,MG1655,no_stress,0.141
1,6,MG1655,no_stress,0.142
1,7,MG1655,no_stress,0.143
1,8,MG1655,no_stress,0.148
1,1,ΔpmrR,no_stress,0.146
1,2,ΔpmrR,no_stress,0.143
1,3,ΔpmrR,no_stress,0.144
1,4,ΔpmrR,no_stress,0.149
1,5,ΔpmrR,no_stress,0.14
1,6,ΔpmrR,no_stress,0.145
1,7,ΔpmrR,no_stress,0.138
1,8,ΔpmrR,no_stress,0.143
1,1,ΔlpxT,no_stress,0.145
1,2,ΔlpxT,no_stress,0.144
1,3,ΔlpxT,no_stress,0.137
1,4,ΔlpxT,no_stress,0.141
1,5,ΔlpxT,no_stress,0.143
1,6,ΔlpxT,no_stress,0.139
1,7,ΔlpxT,no_stress,0.139
1,8,ΔlpxT,no_stress,0.142
1,1,ΔpmrRΔlpxT,no_stress,0.144
1,2,ΔpmrRΔlpxT,no_stress,0.143
1,3,ΔpmrRΔlpxT,no_stress,0.141
1,4,ΔpmrRΔlpxT,no_stress,0.141
1,5,ΔpmrRΔlpxT,no_stress,0.14
1,6,ΔpmrRΔlpxT,no_stress,0.142
1,7,ΔpmrRΔlpxT,no_stress,0.14
1,8,ΔpmrRΔlpxT,no_stress,0.143
1,1,MG1655,stress,0.139
1,2,MG1655,stress,0.136
1,3,MG1655,stress,0.137
1,4,MG1655,stress,0.136
1,5,MG1655,stress,0.135
1,6,MG1655,stress,0.139
1,7,MG1655,stress,0.142
1,8,MG1655,stress,0.144
1,1,ΔpmrR,stress,0.142
1,2,ΔpmrR,stress,0.141
1,3,ΔpmrR,stress,0.137
1,4,ΔpmrR,stress,0.139
1,5,ΔpmrR,stress,0.137
1,6,ΔpmrR,stress,0.139
1,7,ΔpmrR,stress,0.139
1,8,ΔpmrR,stress,0.14
1,1,ΔlpxT,stress,0.14
1,2,ΔlpxT,stress,0.137
1,3,ΔlpxT,stress,0.14
1,4,ΔlpxT,stress,0.14
1,5,ΔlpxT,stress,0.139
1,6,ΔlpxT,stress,0.136
1,7,ΔlpxT,stress,0.137
1,8,ΔlpxT,stress,0.139
1,1,ΔpmrRΔlpxT,stress,0.142
1,2,ΔpmrRΔlpxT,stress,0.141
1,3,ΔpmrRΔlpxT,stress,0.141
1,4,ΔpmrRΔlpxT,stress,0.144
1,5,ΔpmrRΔlpxT,stress,0.139
1,6,ΔpmrRΔlpxT,stress,0.142
1,7,ΔpmrRΔlpxT,stress,0.14
1,8,ΔpmrRΔlpxT,stress,0.14
2,1,MG1655,no_stress,0.163
2,2,MG1655,no_stress,0.164
2,3,MG1655,no_stress,0.164
2,4,MG1655,no_stress,0.165
2,5,MG1655,no_stress,0.17
2,6,MG1655,no_stress,0.173
2,7,MG1655,no_stress,0.175
2,8,MG1655,no_stress,0.176
2,1,ΔpmrR,no_stress,0.172
2,2,ΔpmrR,no_stress,0.169
2,3,ΔpmrR,no_stress,0.183
2,4,ΔpmrR,no_stress,0.185
2,5,ΔpmrR,no_stress,0.172
2,6,ΔpmrR,no_stress,0.174
2,7,ΔpmrR,no_stress,0.162
2,8,ΔpmrR,no_stress,0.166
2,1,ΔlpxT,no_stress,0.174
2,2,ΔlpxT,no_stress,0.171
2,3,ΔlpxT,no_stress,0.17
2,4,ΔlpxT,no_stress,0.181
2,5,ΔlpxT,no_stress,0.177
2,6,ΔlpxT,no_stress,0.17
2,7,ΔlpxT,no_stress,0.172
2,8,ΔlpxT,no_stress,0.172
2,1,ΔpmrRΔlpxT,no_stress,0.168
2,2,ΔpmrRΔlpxT,no_stress,0.168
2,3,ΔpmrRΔlpxT,no_stress,0.183
2,4,ΔpmrRΔlpxT,no_stress,0.19
2,5,ΔpmrRΔlpxT,no_stress,0.185
2,6,ΔpmrRΔlpxT,no_stress,0.178
2,7,ΔpmrRΔlpxT,no_stress,0.171
2,8,ΔpmrRΔlpxT,no_stress,0.169
2,1,MG1655,stress,0.173
2,2,MG1655,stress,0.172
2,3,MG1655,stress,0.182
2,4,MG1655,stress,0.177
2,5,MG1655,stress,0.172
2,6,MG1655,stress,0.178
2,7,MG1655,stress,0.182
2,8,MG1655,stress,0.18
2,1,ΔpmrR,stress,0.169
2,2,ΔpmrR,stress,0.168
2,3,ΔpmrR,stress,0.2
2,4,ΔpmrR,stress,0.199
2,5,ΔpmrR,stress,0.184
2,6,ΔpmrR,stress,0.177
2,7,ΔpmrR,stress,0.172
2,8,ΔpmrR,stress,0.201
2,1,ΔlpxT,stress,0.172
2,2,ΔlpxT,stress,0.173
2,3,ΔlpxT,stress,0.184
2,4,ΔlpxT,stress,0.196
2,5,ΔlpxT,stress,0.195
2,6,ΔlpxT,stress,0.175
2,7,ΔlpxT,stress,0.17
2,8,ΔlpxT,stress,0.173
2,1,ΔpmrRΔlpxT,stress,0.182
2,2,ΔpmrRΔlpxT,stress,0.18
2,3,ΔpmrRΔlpxT,stress,0.189
2,4,ΔpmrRΔlpxT,stress,0.19
2,5,ΔpmrRΔlpxT,stress,0.177
2,6,ΔpmrRΔlpxT,stress,0.176
2,7,ΔpmrRΔlpxT,stress,0.17
2,8,ΔpmrRΔlpxT,stress,0.173
3,1,MG1655,no_stress,0.228
3,2,MG1655,no_stress,0.229
3,3,MG1655,no_stress,0.233
3,4,MG1655,no_stress,0.234
3,5,MG1655,no_stress,0.232
3,6,MG1655,no_stress,0.238
3,7,MG1655,no_stress,0.234
3,8,MG1655,no_stress,0.244
3,1,ΔpmrR,no_stress,0.225
3,2,ΔpmrR,no_stress,0.221
3,3,ΔpmrR,no_stress,0.255
3,4,ΔpmrR,no_stress,0.243
3,5,ΔpmrR,no_stress,0.223
3,6,ΔpmrR,no_stress,0.239
3,7,ΔpmrR,no_stress,0.214
3,8,ΔpmrR,no_stress,0.239
3,1,ΔlpxT,no_stress,0.252
3,2,ΔlpxT,no_stress,0.254
3,3,ΔlpxT,no_stress,0.258
3,4,ΔlpxT,no_stress,0.241
3,5,ΔlpxT,no_stress,0.229
3,6,ΔlpxT,no_stress,0.237
3,7,ΔlpxT,no_stress,0.238
3,8,ΔlpxT,no_stress,0.245
3,1,ΔpmrRΔlpxT,no_stress,0.233
3,2,ΔpmrRΔlpxT,no_stress,0.229
3,3,ΔpmrRΔlpxT,no_stress,0.265
3,4,ΔpmrRΔlpxT,no_stress,0.282
3,5,ΔpmrRΔlpxT,no_stress,0.239
3,6,ΔpmrRΔlpxT,no_stress,0.243
3,7,ΔpmrRΔlpxT,no_stress,0.228
3,8,ΔpmrRΔlpxT,no_stress,0.233
3,1,MG1655,stress,0.233
3,2,MG1655,stress,0.23
3,3,MG1655,stress,0.236
3,4,MG1655,stress,0.239
3,5,MG1655,stress,0.234
3,6,MG1655,stress,0.244
3,7,MG1655,stress,0.244
3,8,MG1655,stress,0.242
3,1,ΔpmrR,stress,0.283
3,2,ΔpmrR,stress,0.298
3,3,ΔpmrR,stress,0.349
3,4,ΔpmrR,stress,0.354
3,5,ΔpmrR,stress,0.286
3,6,ΔpmrR,stress,0.287
3,7,ΔpmrR,stress,0.315
3,8,ΔpmrR,stress,0.362
3,1,ΔlpxT,stress,0.232
3,2,ΔlpxT,stress,0.231
3,3,ΔlpxT,stress,0.269
3,4,ΔlpxT,stress,0.34
3,5,ΔlpxT,stress,0.331
3,6,ΔlpxT,stress,0.29
3,7,ΔlpxT,stress,0.281
3,8,ΔlpxT,stress,0.284
3,1,ΔpmrRΔlpxT,stress,0.301
3,2,ΔpmrRΔlpxT,stress,0.315
3,3,ΔpmrRΔlpxT,stress,0.331
3,4,ΔpmrRΔlpxT,stress,0.347
3,5,ΔpmrRΔlpxT,stress,0.312
3,6,ΔpmrRΔlpxT,stress,0.277
3,7,ΔpmrRΔlpxT,stress,0.301
3,8,ΔpmrRΔlpxT,stress,0.308
4,1,MG1655,no_stress,0.395
4,2,MG1655,no_stress,0.415
4,3,MG1655,no_stress,0.414
4,4,MG1655,no_stress,0.416
4,5,MG1655,no_stress,0.419
4,6,MG1655,no_stress,0.416
4,7,MG1655,no_stress,0.417
4,8,MG1655,no_stress,0.426
4,1,ΔpmrR,no_stress,0.343
4,2,ΔpmrR,no_stress,0.344
4,3,ΔpmrR,no_stress,0.354
4,4,ΔpmrR,no_stress,0.377
4,5,ΔpmrR,no_stress,0.388
4,6,ΔpmrR,no_stress,0.39
4,7,ΔpmrR,no_stress,0.344
4,8,ΔpmrR,no_stress,0.357
4,1,ΔlpxT,no_stress,0.411
4,2,ΔlpxT,no_stress,0.421
4,3,ΔlpxT,no_stress,0.367
4,4,ΔlpxT,no_stress,0.353
4,5,ΔlpxT,no_stress,0.368
4,6,ΔlpxT,no_stress,0.371
4,7,ΔlpxT,no_stress,0.385
4,8,ΔlpxT,no_stress,0.382
4,1,ΔpmrRΔlpxT,no_stress,0.334
4,2,ΔpmrRΔlpxT,no_stress,0.342
4,3,ΔpmrRΔlpxT,no_stress,0.364
4,4,ΔpmrRΔlpxT,no_stress,0.392
4,5,ΔpmrRΔlpxT,no_stress,0.364
4,6,ΔpmrRΔlpxT,no_stress,0.357
4,7,ΔpmrRΔlpxT,no_stress,0.353
4,8,ΔpmrRΔlpxT,no_stress,0.364
4,1,MG1655,stress,0.345
4,2,MG1655,stress,0.335
4,3,MG1655,stress,0.342
4,4,MG1655,stress,0.354
4,5,MG1655,stress,0.339
4,6,MG1655,stress,0.359
4,7,MG1655,stress,0.351
4,8,MG1655,stress,0.361
4,1,ΔpmrR,stress,0.402
4,2,ΔpmrR,stress,0.409
4,3,ΔpmrR,stress,0.468
4,4,ΔpmrR,stress,0.491
4,5,ΔpmrR,stress,0.422
4,6,ΔpmrR,stress,0.405
4,7,ΔpmrR,stress,0.456
4,8,ΔpmrR,stress,0.45
4,1,ΔlpxT,stress,0.334
4,2,ΔlpxT,stress,0.342
4,3,ΔlpxT,stress,0.387
4,4,ΔlpxT,stress,0.457
4,5,ΔlpxT,stress,0.497
4,6,ΔlpxT,stress,0.471
4,7,ΔlpxT,stress,0.417
4,8,ΔlpxT,stress,0.402
4,1,ΔpmrRΔlpxT,stress,0.366
4,2,ΔpmrRΔlpxT,stress,0.396
4,3,ΔpmrRΔlpxT,stress,0.407
4,4,ΔpmrRΔlpxT,stress,0.434
4,5,ΔpmrRΔlpxT,stress,0.404
4,6,ΔpmrRΔlpxT,stress,0.384
4,7,ΔpmrRΔlpxT,stress,0.376
4,8,ΔpmrRΔlpxT,stress,0.369
5,1,MG1655,no_stress,0.693
5,2,MG1655,no_stress,0.703
5,3,MG1655,no_stress,0.698
5,4,MG1655,no_stress,0.707
5,5,MG1655,no_stress,0.71
5,6,MG1655,no_stress,0.744
5,7,MG1655,no_stress,0.732
5,8,MG1655,no_stress,0.685
5,1,ΔpmrR,no_stress,0.482
5,2,ΔpmrR,no_stress,0.476
5,3,ΔpmrR,no_stress,0.492
5,4,ΔpmrR,no_stress,0.495
5,5,ΔpmrR,no_stress,0.573
5,6,ΔpmrR,no_stress,0.645
5,7,ΔpmrR,no_stress,0.576
5,8,ΔpmrR,no_stress,0.598
5,1,ΔlpxT,no_stress,0.694
5,2,ΔlpxT,no_stress,0.685
5,3,ΔlpxT,no_stress,0.535
5,4,ΔlpxT,no_stress,0.513
5,5,ΔlpxT,no_stress,0.521
5,6,ΔlpxT,no_stress,0.583
5,7,ΔlpxT,no_stress,0.58
5,8,ΔlpxT,no_stress,0.598
5,1,ΔpmrRΔlpxT,no_stress,0.533
5,2,ΔpmrRΔlpxT,no_stress,0.529
5,3,ΔpmrRΔlpxT,no_stress,0.534
5,4,ΔpmrRΔlpxT,no_stress,0.603
5,5,ΔpmrRΔlpxT,no_stress,0.534
5,6,ΔpmrRΔlpxT,no_stress,0.558
5,7,ΔpmrRΔlpxT,no_stress,0.574
5,8,ΔpmrRΔlpxT,no_stress,0.605
5,1,MG1655,stress,0.404
5,2,MG1655,stress,0.416
5,3,MG1655,stress,0.429
5,4,MG1655,stress,0.455
5,5,MG1655,stress,0.42
5,6,MG1655,stress,0.464
5,7,MG1655,stress,0.449
5,8,MG1655,stress,0.453
5,1,ΔpmrR,stress,0.414
5,2,ΔpmrR,stress,0.407
5,3,ΔpmrR,stress,0.476
5,4,ΔpmrR,stress,0.514
5,5,ΔpmrR,stress,0.441
5,6,ΔpmrR,stress,0.438
5,7,ΔpmrR,stress,0.519
5,8,ΔpmrR,stress,0.481
5,1,ΔlpxT,stress,0.425
5,2,ΔlpxT,stress,0.443
5,3,ΔlpxT,stress,0.399
5,4,ΔlpxT,stress,0.49
5,5,ΔlpxT,stress,0.541
5,6,ΔlpxT,stress,0.554
5,7,ΔlpxT,stress,0.496
5,8,ΔlpxT,stress,0.466
5,1,ΔpmrRΔlpxT,stress,0.385
5,2,ΔpmrRΔlpxT,stress,0.41
5,3,ΔpmrRΔlpxT,stress,0.467
5,4,ΔpmrRΔlpxT,stress,0.518
5,5,ΔpmrRΔlpxT,stress,0.476
5,6,ΔpmrRΔlpxT,stress,0.428
5,7,ΔpmrRΔlpxT,stress,0.435
5,8,ΔpmrRΔlpxT,stress,0.373
6,1,MG1655,no_stress,0.77
6,2,MG1655,no_stress,0.811
6,3,MG1655,no_stress,0.815
6,4,MG1655,no_stress,0.815
6,5,MG1655,no_stress,0.804
6,6,MG1655,no_stress,0.853
6,7,MG1655,no_stress,0.837
6,8,MG1655,no_stress,0.767
6,1,ΔpmrR,no_stress,0.542
6,2,ΔpmrR,no_stress,0.569
6,3,ΔpmrR,no_stress,0.562
6,4,ΔpmrR,no_stress,0.519
6,5,ΔpmrR,no_stress,0.63
6,6,ΔpmrR,no_stress,0.744
6,7,ΔpmrR,no_stress,0.724
6,8,ΔpmrR,no_stress,0.733
6,1,ΔlpxT,no_stress,0.777
6,2,ΔlpxT,no_stress,0.778
6,3,ΔlpxT,no_stress,0.629
6,4,ΔlpxT,no_stress,0.578
6,5,ΔlpxT,no_stress,0.557
6,6,ΔlpxT,no_stress,0.702
6,7,ΔlpxT,no_stress,0.658
6,8,ΔlpxT,no_stress,0.749
6,1,ΔpmrRΔlpxT,no_stress,0.662
6,2,ΔpmrRΔlpxT,no_stress,0.657
6,3,ΔpmrRΔlpxT,no_stress,0.617
6,4,ΔpmrRΔlpxT,no_stress,0.705
6,5,ΔpmrRΔlpxT,no_stress,0.589
6,6,ΔpmrRΔlpxT,no_stress,0.673
6,7,ΔpmrRΔlpxT,no_stress,0.72
6,8,ΔpmrRΔlpxT,no_stress,0.753
6,1,MG1655,stress,0.481
6,2,MG1655,stress,0.58
6,3,MG1655,stress,0.601
6,4,MG1655,stress,0.627
6,5,MG1655,stress,0.592
6,6,MG1655,stress,0.668
6,7,MG1655,stress,0.579
6,8,MG1655,stress,0.574
6,1,ΔpmrR,stress,0.417
6,2,ΔpmrR,stress,0.453
6,3,ΔpmrR,stress,0.54
6,4,ΔpmrR,stress,0.595
6,5,ΔpmrR,stress,0.497
6,6,ΔpmrR,stress,0.486
6,7,ΔpmrR,stress,0.57
6,8,ΔpmrR,stress,0.562
6,1,ΔlpxT,stress,0.57
6,2,ΔlpxT,stress,0.629
6,3,ΔlpxT,stress,0.425
6,4,ΔlpxT,stress,0.551
6,5,ΔlpxT,stress,0.615
6,6,ΔlpxT,stress,0.592
6,7,ΔlpxT,stress,0.543
6,8,ΔlpxT,stress,0.557
6,1,ΔpmrRΔlpxT,stress,0.404
6,2,ΔpmrRΔlpxT,stress,0.434
6,3,ΔpmrRΔlpxT,stress,0.477
6,4,ΔpmrRΔlpxT,stress,0.546
6,5,ΔpmrRΔlpxT,stress,0.519
6,6,ΔpmrRΔlpxT,stress,0.508
6,7,ΔpmrRΔlpxT,stress,0.482
6,8,ΔpmrRΔlpxT,stress,0.465
7,1,MG1655,no_stress,0.842
7,2,MG1655,no_stress,0.889
7,3,MG1655,no_stress,0.903
7,4,MG1655,no_stress,0.882
7,5,MG1655,no_stress,0.852
7,6,MG1655,no_stress,0.948
7,7,MG1655,no_stress,0.895
7,8,MG1655,no_stress,0.848
7,1,ΔpmrR,no_stress,0.627
7,2,ΔpmrR,no_stress,0.682
7,3,ΔpmrR,no_stress,0.664
7,4,ΔpmrR,no_stress,0.552
7,5,ΔpmrR,no_stress,0.673
7,6,ΔpmrR,no_stress,0.794
7,7,ΔpmrR,no_stress,0.827
7,8,ΔpmrR,no_stress,0.847
7,1,ΔlpxT,no_stress,0.873
7,2,ΔlpxT,no_stress,0.837
7,3,ΔlpxT,no_stress,0.756
7,4,ΔlpxT,no_stress,0.661
7,5,ΔlpxT,no_stress,0.601
7,6,ΔlpxT,no_stress,0.807
7,7,ΔlpxT,no_stress,0.69
7,8,ΔlpxT,no_stress,0.837
7,1,ΔpmrRΔlpxT,no_stress,0.79
7,2,ΔpmrRΔlpxT,no_stress,0.751
7,3,ΔpmrRΔlpxT,no_stress,0.719
7,4,ΔpmrRΔlpxT,no_stress,0.801
7,5,ΔpmrRΔlpxT,no_stress,0.673
7,6,ΔpmrRΔlpxT,no_stress,0.773
7,7,ΔpmrRΔlpxT,no_stress,0.817
7,8,ΔpmrRΔlpxT,no_stress,0.91
7,1,MG1655,stress,0.561
7,2,MG1655,stress,0.638
7,3,MG1655,stress,0.664
7,4,MG1655,stress,0.676
7,5,MG1655,stress,0.637
7,6,MG1655,stress,0.844
7,7,MG1655,stress,0.628
7,8,MG1655,stress,0.608
7,1,ΔpmrR,stress,0.473
7,2,ΔpmrR,stress,0.491
7,3,ΔpmrR,stress,0.587
7,4,ΔpmrR,stress,0.635
7,5,ΔpmrR,stress,0.533
7,6,ΔpmrR,stress,0.562
7,7,ΔpmrR,stress,0.627
7,8,ΔpmrR,stress,0.674
7,1,ΔlpxT,stress,0.577
7,2,ΔlpxT,stress,0.671
7,3,ΔlpxT,stress,0.446
7,4,ΔlpxT,stress,0.607
7,5,ΔlpxT,stress,0.654
7,6,ΔlpxT,stress,0.609
7,7,ΔlpxT,stress,0.629
7,8,ΔlpxT,stress,0.681
7,1,ΔpmrRΔlpxT,stress,0.493
7,2,ΔpmrRΔlpxT,stress,0.491
7,3,ΔpmrRΔlpxT,stress,0.524
7,4,ΔpmrRΔlpxT,stress,0.633
7,5,ΔpmrRΔlpxT,stress,0.606
7,6,ΔpmrRΔlpxT,stress,0.564
7,7,ΔpmrRΔlpxT,stress,0.59
7,8,ΔpmrRΔlpxT,stress,0.611
8,1,MG1655,no_stress,0.935
8,2,MG1655,no_stress,0.953
8,3,MG1655,no_stress,0.964
8,4,MG1655,no_stress,0.965
8,5,MG1655,no_stress,0.908
8,6,MG1655,no_stress,1.018
8,7,MG1655,no_stress,0.95
8,8,MG1655,no_stress,0.893
8,1,ΔpmrR,no_stress,0.739
8,2,ΔpmrR,no_stress,0.785
8,3,ΔpmrR,no_stress,0.778
8,4,ΔpmrR,no_stress,0.575
8,5,ΔpmrR,no_stress,0.724
8,6,ΔpmrR,no_stress,0.882
8,7,ΔpmrR,no_stress,0.908
8,8,ΔpmrR,no_stress,0.953
8,1,ΔlpxT,no_stress,0.953
8,2,ΔlpxT,no_stress,0.946
8,3,ΔlpxT,no_stress,0.837
8,4,ΔlpxT,no_stress,0.741
8,5,ΔlpxT,no_stress,0.646
8,6,ΔlpxT,no_stress,0.892
8,7,ΔlpxT,no_stress,0.746
8,8,ΔlpxT,no_stress,0.918
8,1,ΔpmrRΔlpxT,no_stress,0.89
8,2,ΔpmrRΔlpxT,no_stress,0.817
8,3,ΔpmrRΔlpxT,no_stress,0.803
8,4,ΔpmrRΔlpxT,no_stress,0.858
8,5,ΔpmrRΔlpxT,no_stress,0.743
8,6,ΔpmrRΔlpxT,no_stress,0.857
8,7,ΔpmrRΔlpxT,no_stress,0.92
8,8,ΔpmrRΔlpxT,no_stress,1.032
8,1,MG1655,stress,0.629
8,2,MG1655,stress,0.75
8,3,MG1655,stress,0.773
8,4,MG1655,stress,0.818
8,5,MG1655,stress,0.68
8,6,MG1655,stress,0.761
8,7,MG1655,stress,0.73
8,8,MG1655,stress,0.737
8,1,ΔpmrR,stress,0.475
8,2,ΔpmrR,stress,0.496
8,3,ΔpmrR,stress,0.584
8,4,ΔpmrR,stress,0.625
8,5,ΔpmrR,stress,0.521
8,6,ΔpmrR,stress,0.556
8,7,ΔpmrR,stress,0.623
8,8,ΔpmrR,stress,0.675
8,1,ΔlpxT,stress,0.605
8,2,ΔlpxT,stress,0.701
8,3,ΔlpxT,stress,0.446
8,4,ΔlpxT,stress,0.607
8,5,ΔlpxT,stress,0.642
8,6,ΔlpxT,stress,0.597
8,7,ΔlpxT,stress,0.614
8,8,ΔlpxT,stress,0.657
8,1,ΔpmrRΔlpxT,stress,0.513
8,2,ΔpmrRΔlpxT,stress,0.499
8,3,ΔpmrRΔlpxT,stress,0.532
8,4,ΔpmrRΔlpxT,stress,0.63
8,5,ΔpmrRΔlpxT,stress,0.604
8,6,ΔpmrRΔlpxT,stress,0.555
8,7,ΔpmrRΔlpxT,stress,0.597
8,8,ΔpmrRΔlpxT,stress,0.633
9,1,MG1655,no_stress,0.959
9,2,MG1655,no_stress,0.973
9,3,MG1655,no_stress,1.012
9,4,MG1655,no_stress,0.992
9,5,MG1655,no_stress,0.932
9,6,MG1655,no_stress,1.042
9,7,MG1655,no_stress,0.964
9,8,MG1655,no_stress,0.909
9,1,ΔpmrR,no_stress,0.81
9,2,ΔpmrR,no_stress,0.837
9,3,ΔpmrR,no_stress,0.83
9,4,ΔpmrR,no_stress,0.601
9,5,ΔpmrR,no_stress,0.761
9,6,ΔpmrR,no_stress,0.929
9,7,ΔpmrR,no_stress,0.977
9,8,ΔpmrR,no_stress,1.038
9,1,ΔlpxT,no_stress,0.957
9,2,ΔlpxT,no_stress,0.966
9,3,ΔlpxT,no_stress,0.903
9,4,ΔlpxT,no_stress,0.787
9,5,ΔlpxT,no_stress,0.683
9,6,ΔlpxT,no_stress,0.966
9,7,ΔlpxT,no_stress,0.767
9,8,ΔlpxT,no_stress,0.975
9,1,ΔpmrRΔlpxT,no_stress,0.98
9,2,ΔpmrRΔlpxT,no_stress,0.879
9,3,ΔpmrRΔlpxT,no_stress,0.841
9,4,ΔpmrRΔlpxT,no_stress,0.908
9,5,ΔpmrRΔlpxT,no_stress,0.775
9,6,ΔpmrRΔlpxT,no_stress,0.944
9,7,ΔpmrRΔlpxT,no_stress,0.995
9,8,ΔpmrRΔlpxT,no_stress,1.108
9,1,MG1655,stress,0.572
9,2,MG1655,stress,0.681
9,3,MG1655,stress,0.76
9,4,MG1655,stress,0.805
9,5,MG1655,stress,0.752
9,6,MG1655,stress,0.848
9,7,MG1655,stress,0.72
9,8,MG1655,stress,0.804
9,1,ΔpmrR,stress,0.47
9,2,ΔpmrR,stress,0.498
9,3,ΔpmrR,stress,0.573
9,4,ΔpmrR,stress,0.621
9,5,ΔpmrR,stress,0.521
9,6,ΔpmrR,stress,0.548
9,7,ΔpmrR,stress,0.617
9,8,ΔpmrR,stress,0.663
9,1,ΔlpxT,stress,0.554
9,2,ΔlpxT,stress,0.648
9,3,ΔlpxT,stress,0.45
9,4,ΔlpxT,stress,0.605
9,5,ΔlpxT,stress,0.634
9,6,ΔlpxT,stress,0.587
9,7,ΔlpxT,stress,0.605
9,8,ΔlpxT,stress,0.646
9,1,ΔpmrRΔlpxT,stress,0.51
9,2,ΔpmrRΔlpxT,stress,0.502
9,3,ΔpmrRΔlpxT,stress,0.529
9,4,ΔpmrRΔlpxT,stress,0.62
9,5,ΔpmrRΔlpxT,stress,0.598
9,6,ΔpmrRΔlpxT,stress,0.54
9,7,ΔpmrRΔlpxT,stress,0.584
9,8,ΔpmrRΔlpxT,stress,0.611
10,1,MG1655,no_stress,0.979
10,2,MG1655,no_stress,1.01
10,3,MG1655,no_stress,1.055
10,4,MG1655,no_stress,1.024
10,5,MG1655,no_stress,0.967
10,6,MG1655,no_stress,1.068
10,7,MG1655,no_stress,0.99
10,8,MG1655,no_stress,0.927
10,1,ΔpmrR,no_stress,0.864
10,2,ΔpmrR,no_stress,0.883
10,3,ΔpmrR,no_stress,0.868
10,4,ΔpmrR,no_stress,0.618
10,5,ΔpmrR,no_stress,0.789
10,6,ΔpmrR,no_stress,0.974
10,7,ΔpmrR,no_stress,1.024
10,8,ΔpmrR,no_stress,1.093
10,1,ΔlpxT,no_stress,0.974
10,2,ΔlpxT,no_stress,0.999
10,3,ΔlpxT,no_stress,0.936
10,4,ΔlpxT,no_stress,0.806
10,5,ΔlpxT,no_stress,0.712
10,6,ΔlpxT,no_stress,0.996
10,7,ΔlpxT,no_stress,0.801
10,8,ΔlpxT,no_stress,1.013
10,1,ΔpmrRΔlpxT,no_stress,1.027
10,2,ΔpmrRΔlpxT,no_stress,0.934
10,3,ΔpmrRΔlpxT,no_stress,0.873
10,4,ΔpmrRΔlpxT,no_stress,0.955
10,5,ΔpmrRΔlpxT,no_stress,0.813
10,6,ΔpmrRΔlpxT,no_stress,0.968
10,7,ΔpmrRΔlpxT,no_stress,1.028
10,8,ΔpmrRΔlpxT,no_stress,1.146
10,1,MG1655,stress,0.775
10,2,MG1655,stress,0.739
10,3,MG1655,stress,0.725
10,4,MG1655,stress,0.818
10,5,MG1655,stress,0.775
10,6,MG1655,stress,0.827
10,7,MG1655,stress,0.737
10,8,MG1655,stress,0.782
10,1,ΔpmrR,stress,0.466
10,2,ΔpmrR,stress,0.5
10,3,ΔpmrR,stress,0.572
10,4,ΔpmrR,stress,0.627
10,5,ΔpmrR,stress,0.515
10,6,ΔpmrR,stress,0.541
10,7,ΔpmrR,stress,0.601
10,8,ΔpmrR,stress,0.643
10,1,ΔlpxT,stress,0.579
10,2,ΔlpxT,stress,0.658
10,3,ΔlpxT,stress,0.447
10,4,ΔlpxT,stress,0.6
10,5,ΔlpxT,stress,0.638
10,6,ΔlpxT,stress,0.59
10,7,ΔlpxT,stress,0.603
10,8,ΔlpxT,stress,0.624
10,1,ΔpmrRΔlpxT,stress,0.511
10,2,ΔpmrRΔlpxT,stress,0.501
10,3,ΔpmrRΔlpxT,stress,0.524
10,4,ΔpmrRΔlpxT,stress,0.617
10,5,ΔpmrRΔlpxT,stress,0.588
10,6,ΔpmrRΔlpxT,stress,0.537
10,7,ΔpmrRΔlpxT,stress,0.563
10,8,ΔpmrRΔlpxT,stress,0.599
11,1,MG1655,no_stress,1.001
11,2,MG1655,no_stress,1.036
11,3,MG1655,no_stress,1.08
11,4,MG1655,no_stress,1.053
11,5,MG1655,no_stress,0.988
11,6,MG1655,no_stress,1.082
11,7,MG1655,no_stress,1.012
11,8,MG1655,no_stress,0.929
11,1,ΔpmrR,no_stress,0.901
11,2,ΔpmrR,no_stress,0.919
11,3,ΔpmrR,no_stress,0.906
11,4,ΔpmrR,no_stress,0.634
11,5,ΔpmrR,no_stress,0.813
11,6,ΔpmrR,no_stress,0.987
11,7,ΔpmrR,no_stress,1.036
11,8,ΔpmrR,no_stress,1.124
11,1,ΔlpxT,no_stress,0.981
11,2,ΔlpxT,no_stress,1.026
11,3,ΔlpxT,no_stress,0.974
11,4,ΔlpxT,no_stress,0.837
11,5,ΔlpxT,no_stress,0.739
11,6,ΔlpxT,no_stress,1.018
11,7,ΔlpxT,no_stress,0.825
11,8,ΔlpxT,no_stress,1.04
11,1,ΔpmrRΔlpxT,no_stress,1.055
11,2,ΔpmrRΔlpxT,no_stress,0.964
11,3,ΔpmrRΔlpxT,no_stress,0.892
11,4,ΔpmrRΔlpxT,no_stress,0.98
11,5,ΔpmrRΔlpxT,no_stress,0.836
11,6,ΔpmrRΔlpxT,no_stress,1.009
11,7,ΔpmrRΔlpxT,no_stress,1.047
11,8,ΔpmrRΔlpxT,no_stress,1.17
11,1,MG1655,stress,0.738
11,2,MG1655,stress,0.738
11,3,MG1655,stress,0.82
11,4,MG1655,stress,0.783
11,5,MG1655,stress,0.738
11,6,MG1655,stress,0.797
11,7,MG1655,stress,0.749
11,8,MG1655,stress,0.72
11,1,ΔpmrR,stress,0.469
11,2,ΔpmrR,stress,0.503
11,3,ΔpmrR,stress,0.572
11,4,ΔpmrR,stress,0.626
11,5,ΔpmrR,stress,0.512
11,6,ΔpmrR,stress,0.538
11,7,ΔpmrR,stress,0.615
11,8,ΔpmrR,stress,0.632
11,1,ΔlpxT,stress,0.591
11,2,ΔlpxT,stress,0.689
11,3,ΔlpxT,stress,0.447
11,4,ΔlpxT,stress,0.595
11,5,ΔlpxT,stress,0.631
11,6,ΔlpxT,stress,0.589
11,7,ΔlpxT,stress,0.602
11,8,ΔlpxT,stress,0.621
11,1,ΔpmrRΔlpxT,stress,0.513
11,2,ΔpmrRΔlpxT,stress,0.506
11,3,ΔpmrRΔlpxT,stress,0.525
11,4,ΔpmrRΔlpxT,stress,0.615
11,5,ΔpmrRΔlpxT,stress,0.583
11,6,ΔpmrRΔlpxT,stress,0.531
11,7,ΔpmrRΔlpxT,stress,0.551
11,8,ΔpmrRΔlpxT,stress,0.574
12,1,MG1655,no_stress,1.022
12,2,MG1655,no_stress,1.05
12,3,MG1655,no_stress,1.087
12,4,MG1655,no_stress,1.063
12,5,MG1655,no_stress,1.003
12,6,MG1655,no_stress,1.081
12,7,MG1655,no_stress,1.026
12,8,MG1655,no_stress,0.955
12,1,ΔpmrR,no_stress,0.934
12,2,ΔpmrR,no_stress,0.952
12,3,ΔpmrR,no_stress,0.928
12,4,ΔpmrR,no_stress,0.648
12,5,ΔpmrR,no_stress,0.823
12,6,ΔpmrR,no_stress,1.009
12,7,ΔpmrR,no_stress,1.062
12,8,ΔpmrR,no_stress,1.162
12,1,ΔlpxT,no_stress,1.034
12,2,ΔlpxT,no_stress,1.049
12,3,ΔlpxT,no_stress,0.987
12,4,ΔlpxT,no_stress,0.847
12,5,ΔlpxT,no_stress,0.755
12,6,ΔlpxT,no_stress,1.026
12,7,ΔlpxT,no_stress,0.849
12,8,ΔlpxT,no_stress,1.072
12,1,ΔpmrRΔlpxT,no_stress,1.073
12,2,ΔpmrRΔlpxT,no_stress,0.991
12,3,ΔpmrRΔlpxT,no_stress,0.91
12,4,ΔpmrRΔlpxT,no_stress,0.988
12,5,ΔpmrRΔlpxT,no_stress,0.853
12,6,ΔpmrRΔlpxT,no_stress,1.022
12,7,ΔpmrRΔlpxT,no_stress,1.046
12,8,ΔpmrRΔlpxT,no_stress,1.178
12,1,MG1655,stress,0.697
12,2,MG1655,stress,0.694
12,3,MG1655,stress,0.699
12,4,MG1655,stress,0.79
12,5,MG1655,stress,0.767
12,6,MG1655,stress,0.798
12,7,MG1655,stress,0.757
12,8,MG1655,stress,0.779
12,1,ΔpmrR,stress,0.473
12,2,ΔpmrR,stress,0.505
12,3,ΔpmrR,stress,0.576
12,4,ΔpmrR,stress,0.631
12,5,ΔpmrR,stress,0.519
12,6,ΔpmrR,stress,0.545
12,7,ΔpmrR,stress,0.615
12,8,ΔpmrR,stress,0.649
12,1,ΔlpxT,stress,0.677
12,2,ΔlpxT,stress,0.689
12,3,ΔlpxT,stress,0.458
12,4,ΔlpxT,stress,0.602
12,5,ΔlpxT,stress,0.63
12,6,ΔlpxT,stress,0.585
12,7,ΔlpxT,stress,0.61
12,8,ΔlpxT,stress,0.632
12,1,ΔpmrRΔlpxT,stress,0.512
12,2,ΔpmrRΔlpxT,stress,0.505
12,3,ΔpmrRΔlpxT,stress,0.519
12,4,ΔpmrRΔlpxT,stress,0.609
12,5,ΔpmrRΔlpxT,stress,0.577
12,6,ΔpmrRΔlpxT,stress,0.531
12,7,ΔpmrRΔlpxT,stress,0.555
12,8,ΔpmrRΔlpxT,stress,0.576
13,1,MG1655,no_stress,1.042
13,2,MG1655,no_stress,1.064
13,3,MG1655,no_stress,1.105
13,4,MG1655,no_stress,1.077
13,5,MG1655,no_stress,1.006
13,6,MG1655,no_stress,1.101
13,7,MG1655,no_stress,1.029
13,8,MG1655,no_stress,0.971
13,1,ΔpmrR,no_stress,0.945
13,2,ΔpmrR,no_stress,0.96
13,3,ΔpmrR,no_stress,0.944
13,4,ΔpmrR,no_stress,0.659
13,5,ΔpmrR,no_stress,0.846
13,6,ΔpmrR,no_stress,1.023
13,7,ΔpmrR,no_stress,1.071
13,8,ΔpmrR,no_stress,1.134
13,1,ΔlpxT,no_stress,1.044
13,2,ΔlpxT,no_stress,1.058
13,3,ΔlpxT,no_stress,0.988
13,4,ΔlpxT,no_stress,0.86
13,5,ΔlpxT,no_stress,0.77
13,6,ΔlpxT,no_stress,1.029
13,7,ΔlpxT,no_stress,0.877
13,8,ΔlpxT,no_stress,1.096
13,1,ΔpmrRΔlpxT,no_stress,1.075
13,2,ΔpmrRΔlpxT,no_stress,0.996
13,3,ΔpmrRΔlpxT,no_stress,0.917
13,4,ΔpmrRΔlpxT,no_stress,0.985
13,5,ΔpmrRΔlpxT,no_stress,0.864
13,6,ΔpmrRΔlpxT,no_stress,1.024
13,7,ΔpmrRΔlpxT,no_stress,1.029
13,8,ΔpmrRΔlpxT,no_stress,1.156
13,1,MG1655,stress,0.736
13,2,MG1655,stress,0.707
13,3,MG1655,stress,0.692
13,4,MG1655,stress,0.798
13,5,MG1655,stress,0.757
13,6,MG1655,stress,0.804
13,7,MG1655,stress,0.781
13,8,MG1655,stress,0.769
13,1,ΔpmrR,stress,0.478
13,2,ΔpmrR,stress,0.504
13,3,ΔpmrR,stress,0.576
13,4,ΔpmrR,stress,0.628
13,5,ΔpmrR,stress,0.524
13,6,ΔpmrR,stress,0.555
13,7,ΔpmrR,stress,0.606
13,8,ΔpmrR,stress,0.647
13,1,ΔlpxT,stress,0.657
13,2,ΔlpxT,stress,0.683
13,3,ΔlpxT,stress,0.462
13,4,ΔlpxT,stress,0.604
13,5,ΔlpxT,stress,0.637
13,6,ΔlpxT,stress,0.589
13,7,ΔlpxT,stress,0.618
13,8,ΔlpxT,stress,0.631
13,1,ΔpmrRΔlpxT,stress,0.515
13,2,ΔpmrRΔlpxT,stress,0.516
13,3,ΔpmrRΔlpxT,stress,0.522
13,4,ΔpmrRΔlpxT,stress,0.607
13,5,ΔpmrRΔlpxT,stress,0.575
13,6,ΔpmrRΔlpxT,stress,0.531
13,7,ΔpmrRΔlpxT,stress,0.566
13,8,ΔpmrRΔlpxT,stress,0.568
14,1,MG1655,no_stress,1.081
14,2,MG1655,no_stress,1.063
14,3,MG1655,no_stress,1.089
14,4,MG1655,no_stress,1.061
14,5,MG1655,no_stress,0.999
14,6,MG1655,no_stress,1.097
14,7,MG1655,no_stress,1.021
14,8,MG1655,no_stress,0.976
14,1,ΔpmrR,no_stress,0.94
14,2,ΔpmrR,no_stress,0.949
14,3,ΔpmrR,no_stress,0.936
14,4,ΔpmrR,no_stress,0.676
14,5,ΔpmrR,no_stress,0.871
14,6,ΔpmrR,no_stress,1.028
14,7,ΔpmrR,no_stress,1.044
14,8,ΔpmrR,no_stress,1.093
14,1,ΔlpxT,no_stress,1.051
14,2,ΔlpxT,no_stress,1.058
14,3,ΔlpxT,no_stress,0.97
14,4,ΔlpxT,no_stress,0.872
14,5,ΔlpxT,no_stress,0.787
14,6,ΔlpxT,no_stress,1.028
14,7,ΔlpxT,no_stress,0.894
14,8,ΔlpxT,no_stress,1.111
14,1,ΔpmrRΔlpxT,no_stress,1.053
14,2,ΔpmrRΔlpxT,no_stress,0.973
14,3,ΔpmrRΔlpxT,no_stress,0.912
14,4,ΔpmrRΔlpxT,no_stress,0.987
14,5,ΔpmrRΔlpxT,no_stress,0.876
14,6,ΔpmrRΔlpxT,no_stress,1.01
14,7,ΔpmrRΔlpxT,no_stress,1.027
14,8,ΔpmrRΔlpxT,no_stress,1.12
14,1,MG1655,stress,0.676
14,2,MG1655,stress,0.684
14,3,MG1655,stress,0.702
14,4,MG1655,stress,0.78
14,5,MG1655,stress,0.755
14,6,MG1655,stress,0.801
14,7,MG1655,stress,0.762
14,8,MG1655,stress,0.772
14,1,ΔpmrR,stress,0.484
14,2,ΔpmrR,stress,0.508
14,3,ΔpmrR,stress,0.579
14,4,ΔpmrR,stress,0.631
14,5,ΔpmrR,stress,0.529
14,6,ΔpmrR,stress,0.561
14,7,ΔpmrR,stress,0.61
14,8,ΔpmrR,stress,0.676
14,1,ΔlpxT,stress,0.636
14,2,ΔlpxT,stress,0.657
14,3,ΔlpxT,stress,0.466
14,4,ΔlpxT,stress,0.609
14,5,ΔlpxT,stress,0.637
14,6,ΔlpxT,stress,0.589
14,7,ΔlpxT,stress,0.626
14,8,ΔlpxT,stress,0.624
14,1,ΔpmrRΔlpxT,stress,0.525
14,2,ΔpmrRΔlpxT,stress,0.525
14,3,ΔpmrRΔlpxT,stress,0.526
14,4,ΔpmrRΔlpxT,stress,0.614
14,5,ΔpmrRΔlpxT,stress,0.576
14,6,ΔpmrRΔlpxT,stress,0.534
14,7,ΔpmrRΔlpxT,stress,0.569
14,8,ΔpmrRΔlpxT,stress,0.558
15,1,MG1655,no_stress,1.081
15,2,MG1655,no_stress,1.065
15,3,MG1655,no_stress,1.094
15,4,MG1655,no_stress,1.056
15,5,MG1655,no_stress,0.999
15,6,MG1655,no_stress,1.098
15,7,MG1655,no_stress,1.029
15,8,MG1655,no_stress,0.996
15,1,ΔpmrR,no_stress,0.939
15,2,ΔpmrR,no_stress,0.933
15,3,ΔpmrR,no_stress,0.922
15,4,ΔpmrR,no_stress,0.69
15,5,ΔpmrR,no_stress,0.893
15,6,ΔpmrR,no_stress,1.033
15,7,ΔpmrR,no_stress,1.012
15,8,ΔpmrR,no_stress,1.048
15,1,ΔlpxT,no_stress,1.07
15,2,ΔlpxT,no_stress,1.062
15,3,ΔlpxT,no_stress,0.922
15,4,ΔlpxT,no_stress,0.876
15,5,ΔlpxT,no_stress,0.793
15,6,ΔlpxT,no_stress,1.022
15,7,ΔlpxT,no_stress,0.914
15,8,ΔlpxT,no_stress,1.121
15,1,ΔpmrRΔlpxT,no_stress,1.022
15,2,ΔpmrRΔlpxT,no_stress,0.952
15,3,ΔpmrRΔlpxT,no_stress,0.906
15,4,ΔpmrRΔlpxT,no_stress,0.973
15,5,ΔpmrRΔlpxT,no_stress,0.875
15,6,ΔpmrRΔlpxT,no_stress,0.98
15,7,ΔpmrRΔlpxT,no_stress,1.007
15,8,ΔpmrRΔlpxT,no_stress,1.063
15,1,MG1655,stress,0.652
15,2,MG1655,stress,0.679
15,3,MG1655,stress,0.696
15,4,MG1655,stress,0.777
15,5,MG1655,stress,0.76
15,6,MG1655,stress,0.805
15,7,MG1655,stress,0.772
15,8,MG1655,stress,0.768
15,1,ΔpmrR,stress,0.49
15,2,ΔpmrR,stress,0.517
15,3,ΔpmrR,stress,0.583
15,4,ΔpmrR,stress,0.634
15,5,ΔpmrR,stress,0.534
15,6,ΔpmrR,stress,0.569
15,7,ΔpmrR,stress,0.623
15,8,ΔpmrR,stress,0.674
15,1,ΔlpxT,stress,0.658
15,2,ΔlpxT,stress,0.643
15,3,ΔlpxT,stress,0.469
15,4,ΔlpxT,stress,0.609
15,5,ΔlpxT,stress,0.644
15,6,ΔlpxT,stress,0.598
15,7,ΔlpxT,stress,0.635
15,8,ΔlpxT,stress,0.636
15,1,ΔpmrRΔlpxT,stress,0.537
15,2,ΔpmrRΔlpxT,stress,0.541
15,3,ΔpmrRΔlpxT,stress,0.529
15,4,ΔpmrRΔlpxT,stress,0.611
15,5,ΔpmrRΔlpxT,stress,0.59
15,6,ΔpmrRΔlpxT,stress,0.54
15,7,ΔpmrRΔlpxT,stress,0.571
15,8,ΔpmrRΔlpxT,stress,0.562
16,1,MG1655,no_stress,1.118
16,2,MG1655,no_stress,1.101
16,3,MG1655,no_stress,1.136
16,4,MG1655,no_stress,1.101
16,5,MG1655,no_stress,1.021
16,6,MG1655,no_stress,1.156
16,7,MG1655,no_stress,1.069
16,8,MG1655,no_stress,1.022
16,1,ΔpmrR,no_stress,0.929
16,2,ΔpmrR,no_stress,0.915
16,3,ΔpmrR,no_stress,0.904
16,4,ΔpmrR,no_stress,0.703
16,5,ΔpmrR,no_stress,0.921
16,6,ΔpmrR,no_stress,1.042
16,7,ΔpmrR,no_stress,0.987
16,8,ΔpmrR,no_stress,0.997
16,1,ΔlpxT,no_stress,1.081
16,2,ΔlpxT,no_stress,1.077
16,3,ΔlpxT,no_stress,0.856
16,4,ΔlpxT,no_stress,0.86
16,5,ΔlpxT,no_stress,0.791
16,6,ΔlpxT,no_stress,1.008
16,7,ΔlpxT,no_stress,0.948
16,8,ΔlpxT,no_stress,1.129
16,1,ΔpmrRΔlpxT,no_stress,0.965
16,2,ΔpmrRΔlpxT,no_stress,0.926
16,3,ΔpmrRΔlpxT,no_stress,0.895
16,4,ΔpmrRΔlpxT,no_stress,0.952
16,5,ΔpmrRΔlpxT,no_stress,0.864
16,6,ΔpmrRΔlpxT,no_stress,0.952
16,7,ΔpmrRΔlpxT,no_stress,0.985
16,8,ΔpmrRΔlpxT,no_stress,1
16,1,MG1655,stress,0.674
16,2,MG1655,stress,0.731
16,3,MG1655,stress,0.73
16,4,MG1655,stress,0.817
16,5,MG1655,stress,0.798
16,6,MG1655,stress,0.836
16,7,MG1655,stress,0.824
16,8,MG1655,stress,0.805
16,1,ΔpmrR,stress,0.495
16,2,ΔpmrR,stress,0.521
16,3,ΔpmrR,stress,0.592
16,4,ΔpmrR,stress,0.632
16,5,ΔpmrR,stress,0.541
16,6,ΔpmrR,stress,0.582
16,7,ΔpmrR,stress,0.632
16,8,ΔpmrR,stress,0.68
16,1,ΔlpxT,stress,0.669
16,2,ΔlpxT,stress,0.658
16,3,ΔlpxT,stress,0.467
16,4,ΔlpxT,stress,0.601
16,5,ΔlpxT,stress,0.642
16,6,ΔlpxT,stress,0.6
16,7,ΔlpxT,stress,0.646
16,8,ΔlpxT,stress,0.642
16,1,ΔpmrRΔlpxT,stress,0.54
16,2,ΔpmrRΔlpxT,stress,0.544
16,3,ΔpmrRΔlpxT,stress,0.537
16,4,ΔpmrRΔlpxT,stress,0.613
16,5,ΔpmrRΔlpxT,stress,0.588
16,6,ΔpmrRΔlpxT,stress,0.545
16,7,ΔpmrRΔlpxT,stress,0.569
16,8,ΔpmrRΔlpxT,stress,0.565
17,1,MG1655,no_stress,1.116
17,2,MG1655,no_stress,1.069
17,3,MG1655,no_stress,1.113
17,4,MG1655,no_stress,1.104
17,5,MG1655,no_stress,1.027
17,6,MG1655,no_stress,1.152
17,7,MG1655,no_stress,1.084
17,8,MG1655,no_stress,1.033
17,1,ΔpmrR,no_stress,0.929
17,2,ΔpmrR,no_stress,0.921
17,3,ΔpmrR,no_stress,0.876
17,4,ΔpmrR,no_stress,0.706
17,5,ΔpmrR,no_stress,0.933
17,6,ΔpmrR,no_stress,1.032
17,7,ΔpmrR,no_stress,0.958
17,8,ΔpmrR,no_stress,0.954
17,1,ΔlpxT,no_stress,1.088
17,2,ΔlpxT,no_stress,1.094
17,3,ΔlpxT,no_stress,0.792
17,4,ΔlpxT,no_stress,0.852
17,5,ΔlpxT,no_stress,0.799
17,6,ΔlpxT,no_stress,1.007
17,7,ΔlpxT,no_stress,0.965
17,8,ΔlpxT,no_stress,1.134
17,1,ΔpmrRΔlpxT,no_stress,0.912
17,2,ΔpmrRΔlpxT,no_stress,0.89
17,3,ΔpmrRΔlpxT,no_stress,0.878
17,4,ΔpmrRΔlpxT,no_stress,0.941
17,5,ΔpmrRΔlpxT,no_stress,0.844
17,6,ΔpmrRΔlpxT,no_stress,0.933
17,7,ΔpmrRΔlpxT,no_stress,0.965
17,8,ΔpmrRΔlpxT,no_stress,0.969
17,1,MG1655,stress,0.681
17,2,MG1655,stress,0.716
17,3,MG1655,stress,0.711
17,4,MG1655,stress,0.789
17,5,MG1655,stress,0.779
17,6,MG1655,stress,0.818
17,7,MG1655,stress,0.813
17,8,MG1655,stress,0.82
17,1,ΔpmrR,stress,0.502
17,2,ΔpmrR,stress,0.528
17,3,ΔpmrR,stress,0.595
17,4,ΔpmrR,stress,0.637
17,5,ΔpmrR,stress,0.547
17,6,ΔpmrR,stress,0.592
17,7,ΔpmrR,stress,0.633
17,8,ΔpmrR,stress,0.68
17,1,ΔlpxT,stress,0.703
17,2,ΔlpxT,stress,0.666
17,3,ΔlpxT,stress,0.474
17,4,ΔlpxT,stress,0.614
17,5,ΔlpxT,stress,0.657
17,6,ΔlpxT,stress,0.606
17,7,ΔlpxT,stress,0.661
17,8,ΔlpxT,stress,0.646
17,1,ΔpmrRΔlpxT,stress,0.544
17,2,ΔpmrRΔlpxT,stress,0.548
17,3,ΔpmrRΔlpxT,stress,0.544
17,4,ΔpmrRΔlpxT,stress,0.61
17,5,ΔpmrRΔlpxT,stress,0.59
17,6,ΔpmrRΔlpxT,stress,0.536
17,7,ΔpmrRΔlpxT,stress,0.573
17,8,ΔpmrRΔlpxT,stress,0.571
18,1,MG1655,no_stress,1.061
18,2,MG1655,no_stress,1.043
18,3,MG1655,no_stress,1.062
18,4,MG1655,no_stress,1.026
18,5,MG1655,no_stress,0.98
18,6,MG1655,no_stress,1.07
18,7,MG1655,no_stress,1.032
18,8,MG1655,no_stress,1.025
18,1,ΔpmrR,no_stress,0.922
18,2,ΔpmrR,no_stress,0.918
18,3,ΔpmrR,no_stress,0.867
18,4,ΔpmrR,no_stress,0.713
18,5,ΔpmrR,no_stress,0.928
18,6,ΔpmrR,no_stress,1.013
18,7,ΔpmrR,no_stress,0.94
18,8,ΔpmrR,no_stress,0.925
18,1,ΔlpxT,no_stress,1.069
18,2,ΔlpxT,no_stress,1.038
18,3,ΔlpxT,no_stress,0.767
18,4,ΔlpxT,no_stress,0.853
18,5,ΔlpxT,no_stress,0.801
18,6,ΔlpxT,no_stress,0.994
18,7,ΔlpxT,no_stress,0.967
18,8,ΔlpxT,no_stress,1.118
18,1,ΔpmrRΔlpxT,no_stress,0.884
18,2,ΔpmrRΔlpxT,no_stress,0.88
18,3,ΔpmrRΔlpxT,no_stress,0.877
18,4,ΔpmrRΔlpxT,no_stress,0.929
18,5,ΔpmrRΔlpxT,no_stress,0.839
18,6,ΔpmrRΔlpxT,no_stress,0.915
18,7,ΔpmrRΔlpxT,no_stress,0.944
18,8,ΔpmrRΔlpxT,no_stress,1.015
18,1,MG1655,stress,0.767
18,2,MG1655,stress,0.699
18,3,MG1655,stress,0.693
18,4,MG1655,stress,0.731
18,5,MG1655,stress,0.728
18,6,MG1655,stress,0.773
18,7,MG1655,stress,0.767
18,8,MG1655,stress,0.778
18,1,ΔpmrR,stress,0.51
18,2,ΔpmrR,stress,0.529
18,3,ΔpmrR,stress,0.599
18,4,ΔpmrR,stress,0.635
18,5,ΔpmrR,stress,0.543
18,6,ΔpmrR,stress,0.586
18,7,ΔpmrR,stress,0.634
18,8,ΔpmrR,stress,0.689
18,1,ΔlpxT,stress,0.663
18,2,ΔlpxT,stress,0.636
18,3,ΔlpxT,stress,0.473
18,4,ΔlpxT,stress,0.613
18,5,ΔlpxT,stress,0.651
18,6,ΔlpxT,stress,0.602
18,7,ΔlpxT,stress,0.652
18,8,ΔlpxT,stress,0.644
18,1,ΔpmrRΔlpxT,stress,0.549
18,2,ΔpmrRΔlpxT,stress,0.551
18,3,ΔpmrRΔlpxT,stress,0.549
18,4,ΔpmrRΔlpxT,stress,0.618
18,5,ΔpmrRΔlpxT,stress,0.593
18,6,ΔpmrRΔlpxT,stress,0.534
18,7,ΔpmrRΔlpxT,stress,0.563
18,8,ΔpmrRΔlpxT,stress,0.566
19,1,MG1655,no_stress,1.074
19,2,MG1655,no_stress,1.085
19,3,MG1655,no_stress,1.1
19,4,MG1655,no_stress,1.061
19,5,MG1655,no_stress,1.003
19,6,MG1655,no_stress,1.108
19,7,MG1655,no_stress,1.066
19,8,MG1655,no_stress,1.003
19,1,ΔpmrR,no_stress,0.929
19,2,ΔpmrR,no_stress,0.919
19,3,ΔpmrR,no_stress,0.856
19,4,ΔpmrR,no_stress,0.71
19,5,ΔpmrR,no_stress,0.954
19,6,ΔpmrR,no_stress,1.035
19,7,ΔpmrR,no_stress,0.931
19,8,ΔpmrR,no_stress,0.951
19,1,ΔlpxT,no_stress,1.066
19,2,ΔlpxT,no_stress,1.067
19,3,ΔlpxT,no_stress,0.743
19,4,ΔlpxT,no_stress,0.85
19,5,ΔlpxT,no_stress,0.796
19,6,ΔlpxT,no_stress,0.962
19,7,ΔlpxT,no_stress,0.986
19,8,ΔlpxT,no_stress,1.129
19,1,ΔpmrRΔlpxT,no_stress,0.857
19,2,ΔpmrRΔlpxT,no_stress,0.871
19,3,ΔpmrRΔlpxT,no_stress,0.871
19,4,ΔpmrRΔlpxT,no_stress,0.93
19,5,ΔpmrRΔlpxT,no_stress,0.835
19,6,ΔpmrRΔlpxT,no_stress,0.911
19,7,ΔpmrRΔlpxT,no_stress,0.925
19,8,ΔpmrRΔlpxT,no_stress,1.035
19,1,MG1655,stress,0.664
19,2,MG1655,stress,0.711
19,3,MG1655,stress,0.682
19,4,MG1655,stress,0.786
19,5,MG1655,stress,0.78
19,6,MG1655,stress,0.816
19,7,MG1655,stress,0.838
19,8,MG1655,stress,0.777
19,1,ΔpmrR,stress,0.517
19,2,ΔpmrR,stress,0.54
19,3,ΔpmrR,stress,0.605
19,4,ΔpmrR,stress,0.64
19,5,ΔpmrR,stress,0.571
19,6,ΔpmrR,stress,0.608
19,7,ΔpmrR,stress,0.642
19,8,ΔpmrR,stress,0.691
19,1,ΔlpxT,stress,0.716
19,2,ΔlpxT,stress,0.657
19,3,ΔlpxT,stress,0.479
19,4,ΔlpxT,stress,0.617
19,5,ΔlpxT,stress,0.662
19,6,ΔlpxT,stress,0.609
19,7,ΔlpxT,stress,0.673
19,8,ΔlpxT,stress,0.645
19,1,ΔpmrRΔlpxT,stress,0.548
19,2,ΔpmrRΔlpxT,stress,0.553
19,3,ΔpmrRΔlpxT,stress,0.559
19,4,ΔpmrRΔlpxT,stress,0.619
19,5,ΔpmrRΔlpxT,stress,0.596
19,6,ΔpmrRΔlpxT,stress,0.543
19,7,ΔpmrRΔlpxT,stress,0.574
19,8,ΔpmrRΔlpxT,stress,0.575
20,1,MG1655,no_stress,1.085
20,2,MG1655,no_stress,1.068
20,3,MG1655,no_stress,1.089
20,4,MG1655,no_stress,1.054
20,5,MG1655,no_stress,1.004
20,6,MG1655,no_stress,1.104
20,7,MG1655,no_stress,1.057
20,8,MG1655,no_stress,1.01
20,1,ΔpmrR,no_stress,0.93
20,2,ΔpmrR,no_stress,0.921
20,3,ΔpmrR,no_stress,0.846
20,4,ΔpmrR,no_stress,0.712
20,5,ΔpmrR,no_stress,0.954
20,6,ΔpmrR,no_stress,1.042
20,7,ΔpmrR,no_stress,0.93
20,8,ΔpmrR,no_stress,0.94
20,1,ΔlpxT,no_stress,1.077
20,2,ΔlpxT,no_stress,1.073
20,3,ΔlpxT,no_stress,0.721
20,4,ΔlpxT,no_stress,0.843
20,5,ΔlpxT,no_stress,0.798
20,6,ΔlpxT,no_stress,0.961
20,7,ΔlpxT,no_stress,1.01
20,8,ΔlpxT,no_stress,1.11
20,1,ΔpmrRΔlpxT,no_stress,0.826
20,2,ΔpmrRΔlpxT,no_stress,0.865
20,3,ΔpmrRΔlpxT,no_stress,0.863
20,4,ΔpmrRΔlpxT,no_stress,0.937
20,5,ΔpmrRΔlpxT,no_stress,0.831
20,6,ΔpmrRΔlpxT,no_stress,0.907
20,7,ΔpmrRΔlpxT,no_stress,0.91
20,8,ΔpmrRΔlpxT,no_stress,1.067
20,1,MG1655,stress,0.665
20,2,MG1655,stress,0.696
20,3,MG1655,stress,0.682
20,4,MG1655,stress,0.784
20,5,MG1655,stress,0.759
20,6,MG1655,stress,0.818
20,7,MG1655,stress,0.819
20,8,MG1655,stress,0.765
20,1,ΔpmrR,stress,0.522
20,2,ΔpmrR,stress,0.542
20,3,ΔpmrR,stress,0.607
20,4,ΔpmrR,stress,0.645
20,5,ΔpmrR,stress,0.591
20,6,ΔpmrR,stress,0.628
20,7,ΔpmrR,stress,0.641
20,8,ΔpmrR,stress,0.691
20,1,ΔlpxT,stress,0.739
20,2,ΔlpxT,stress,0.661
20,3,ΔlpxT,stress,0.478
20,4,ΔlpxT,stress,0.618
20,5,ΔlpxT,stress,0.673
20,6,ΔlpxT,stress,0.617
20,7,ΔlpxT,stress,0.701
20,8,ΔlpxT,stress,0.664
20,1,ΔpmrRΔlpxT,stress,0.551
20,2,ΔpmrRΔlpxT,stress,0.557
20,3,ΔpmrRΔlpxT,stress,0.561
20,4,ΔpmrRΔlpxT,stress,0.624
20,5,ΔpmrRΔlpxT,stress,0.601
20,6,ΔpmrRΔlpxT,stress,0.55
20,7,ΔpmrRΔlpxT,stress,0.589
20,8,ΔpmrRΔlpxT,stress,0.586