time,protein,strain,empty_vector,yfp,cfp,yfp:cfp,stress
0,yoaI,wild_type,Pempty vector,14,290,0.048275862,10mM
0,yoaI,wild_type,Pempty vector,21,296,0.070945946,10mM
0,yoaI,wild_type,Pempty vector,12,296,0.040540541,10mM
0,yoaI,wild_type,Pempty vector,14,292,0.047945205,10mM
0,yoaI,wild_type,Pempty vector,21,294,0.071428571,10mM
0,yoaI,wild_type,Pempty vector,21,291,0.072164948,10mM
0,yoaI,wild_type,Pempty vector,15,272,0.055147059,10mM
0,yoaI,wild_type,Pempty vector,18,263,0.068441065,10mM
0,yoaI,mutant,Pempty vector,16,270,0.059259259,10mM
0,yoaI,mutant,Pempty vector,18,299,0.060200669,10mM
0,yoaI,mutant,Pempty vector,19,286,0.066433566,10mM
0,yoaI,mutant,Pempty vector,19,288,0.065972222,10mM
0,yoaI,mutant,Pempty vector,18,288,0.0625,10mM
0,yoaI,mutant,Pempty vector,20,279,0.071684588,10mM
0,yoaI,mutant,Pempty vector,17,276,0.061594203,10mM
0,yoaI,mutant,Pempty vector,16,288,0.055555556,10mM
0,yoaI,wild_type,Psmall protein,13,286,0.045454545,10mM
0,yoaI,wild_type,Psmall protein,25,297,0.084175084,10mM
0,yoaI,wild_type,Psmall protein,18,296,0.060810811,10mM
0,yoaI,wild_type,Psmall protein,17,298,0.05704698,10mM
0,yoaI,wild_type,Psmall protein,18,306,0.058823529,10mM
0,yoaI,wild_type,Psmall protein,18,276,0.065217391,10mM
0,yoaI,wild_type,Psmall protein,19,291,0.065292096,10mM
0,yoaI,wild_type,Psmall protein,20,297,0.067340067,10mM
0,yoaI,mutant,Psmall protein,17,258,0.065891473,10mM
0,yoaI,mutant,Psmall protein,18,268,0.067164179,10mM
0,yoaI,mutant,Psmall protein,16,258,0.062015504,10mM
0,yoaI,mutant,Psmall protein,25,265,0.094339623,10mM
0,yoaI,mutant,Psmall protein,18,267,0.06741573,10mM
0,yoaI,mutant,Psmall protein,17,258,0.065891473,10mM
0,yoaI,mutant,Psmall protein,19,255,0.074509804,10mM
0,yoaI,mutant,Psmall protein,16,258,0.062015504,10mM
0,yoaI,wild_type,Pempty vector,20,294,0.068027211,low_mg
0,yoaI,wild_type,Pempty vector,21,305,0.068852459,low_mg
0,yoaI,wild_type,Pempty vector,16,286,0.055944056,low_mg
0,yoaI,wild_type,Pempty vector,16,294,0.054421769,low_mg
0,yoaI,wild_type,Pempty vector,13,282,0.046099291,low_mg
0,yoaI,wild_type,Pempty vector,15,279,0.053763441,low_mg
0,yoaI,wild_type,Pempty vector,13,253,0.051383399,low_mg
0,yoaI,wild_type,Pempty vector,16,261,0.061302682,low_mg
0,yoaI,mutant,Pempty vector,16,275,0.058181818,low_mg
0,yoaI,mutant,Pempty vector,15,292,0.051369863,low_mg
0,yoaI,mutant,Pempty vector,18,288,0.0625,low_mg
0,yoaI,mutant,Pempty vector,22,279,0.078853047,low_mg
0,yoaI,mutant,Pempty vector,15,277,0.054151625,low_mg
0,yoaI,mutant,Pempty vector,19,274,0.069343066,low_mg
0,yoaI,mutant,Pempty vector,16,278,0.057553957,low_mg
0,yoaI,mutant,Pempty vector,15,281,0.053380783,low_mg
0,yoaI,wild_type,Psmall protein,14,279,0.050179211,low_mg
0,yoaI,wild_type,Psmall protein,18,293,0.061433447,low_mg
0,yoaI,wild_type,Psmall protein,19,303,0.062706271,low_mg
0,yoaI,wild_type,Psmall protein,15,295,0.050847458,low_mg
0,yoaI,wild_type,Psmall protein,15,288,0.052083333,low_mg
0,yoaI,wild_type,Psmall protein,17,278,0.061151079,low_mg
0,yoaI,wild_type,Psmall protein,16,285,0.056140351,low_mg
0,yoaI,wild_type,Psmall protein,17,295,0.057627119,low_mg
0,yoaI,mutant,Psmall protein,15,267,0.056179775,low_mg
0,yoaI,mutant,Psmall protein,21,265,0.079245283,low_mg
0,yoaI,mutant,Psmall protein,15,275,0.054545455,low_mg
0,yoaI,mutant,Psmall protein,18,273,0.065934066,low_mg
0,yoaI,mutant,Psmall protein,20,272,0.073529412,low_mg
0,yoaI,mutant,Psmall protein,20,260,0.076923077,low_mg
0,yoaI,mutant,Psmall protein,16,255,0.062745098,low_mg
0,yoaI,mutant,Psmall protein,17,260,0.065384615,low_mg
1,yoaI,wild_type,Pempty vector,21,290,0.072413793,10mM
1,yoaI,wild_type,Pempty vector,18,300,0.06,10mM
1,yoaI,wild_type,Pempty vector,19,283,0.067137809,10mM
1,yoaI,wild_type,Pempty vector,19,288,0.065972222,10mM
1,yoaI,wild_type,Pempty vector,19,288,0.065972222,10mM
1,yoaI,wild_type,Pempty vector,19,288,0.065972222,10mM
1,yoaI,wild_type,Pempty vector,17,276,0.061594203,10mM
1,yoaI,wild_type,Pempty vector,17,269,0.063197026,10mM
1,yoaI,mutant,Pempty vector,16,276,0.057971014,10mM
1,yoaI,mutant,Pempty vector,16,292,0.054794521,10mM
1,yoaI,mutant,Pempty vector,17,279,0.0609319,10mM
1,yoaI,mutant,Pempty vector,19,286,0.066433566,10mM
1,yoaI,mutant,Pempty vector,19,278,0.068345324,10mM
1,yoaI,mutant,Pempty vector,20,274,0.072992701,10mM
1,yoaI,mutant,Pempty vector,23,278,0.082733813,10mM
1,yoaI,mutant,Pempty vector,19,289,0.065743945,10mM
1,yoaI,wild_type,Psmall protein,14,292,0.047945205,10mM
1,yoaI,wild_type,Psmall protein,18,293,0.061433447,10mM
1,yoaI,wild_type,Psmall protein,18,284,0.063380282,10mM
1,yoaI,wild_type,Psmall protein,18,276,0.065217391,10mM
1,yoaI,wild_type,Psmall protein,18,299,0.060200669,10mM
1,yoaI,wild_type,Psmall protein,16,277,0.057761733,10mM
1,yoaI,wild_type,Psmall protein,19,273,0.06959707,10mM
1,yoaI,wild_type,Psmall protein,18,284,0.063380282,10mM
1,yoaI,mutant,Psmall protein,18,258,0.069767442,10mM
1,yoaI,mutant,Psmall protein,18,265,0.067924528,10mM
1,yoaI,mutant,Psmall protein,20,250,0.08,10mM
1,yoaI,mutant,Psmall protein,15,254,0.059055118,10mM
1,yoaI,mutant,Psmall protein,18,261,0.068965517,10mM
1,yoaI,mutant,Psmall protein,18,251,0.071713147,10mM
1,yoaI,mutant,Psmall protein,17,247,0.068825911,10mM
1,yoaI,mutant,Psmall protein,16,252,0.063492063,10mM
1,yoaI,wild_type,Pempty vector,14,290,0.048275862,low_mg
1,yoaI,wild_type,Pempty vector,18,295,0.061016949,low_mg
1,yoaI,wild_type,Pempty vector,14,276,0.050724638,low_mg
1,yoaI,wild_type,Pempty vector,18,278,0.064748201,low_mg
1,yoaI,wild_type,Pempty vector,16,269,0.059479554,low_mg
1,yoaI,wild_type,Pempty vector,16,270,0.059259259,low_mg
1,yoaI,wild_type,Pempty vector,16,254,0.062992126,low_mg
1,yoaI,wild_type,Pempty vector,18,259,0.069498069,low_mg
1,yoaI,mutant,Pempty vector,15,271,0.055350554,low_mg
1,yoaI,mutant,Pempty vector,17,280,0.060714286,low_mg
1,yoaI,mutant,Pempty vector,19,277,0.068592058,low_mg
1,yoaI,mutant,Pempty vector,17,274,0.062043796,low_mg
1,yoaI,mutant,Pempty vector,18,269,0.066914498,low_mg
1,yoaI,mutant,Pempty vector,16,265,0.060377358,low_mg
1,yoaI,mutant,Pempty vector,15,270,0.055555556,low_mg
1,yoaI,mutant,Pempty vector,16,274,0.058394161,low_mg
1,yoaI,wild_type,Psmall protein,16,290,0.055172414,low_mg
1,yoaI,wild_type,Psmall protein,19,288,0.065972222,low_mg
1,yoaI,wild_type,Psmall protein,18,283,0.06360424,low_mg
1,yoaI,wild_type,Psmall protein,15,272,0.055147059,low_mg
1,yoaI,wild_type,Psmall protein,14,287,0.048780488,low_mg
1,yoaI,wild_type,Psmall protein,16,273,0.058608059,low_mg
1,yoaI,wild_type,Psmall protein,17,272,0.0625,low_mg
1,yoaI,wild_type,Psmall protein,17,286,0.059440559,low_mg
1,yoaI,mutant,Psmall protein,18,259,0.069498069,low_mg
1,yoaI,mutant,Psmall protein,16,253,0.063241107,low_mg
1,yoaI,mutant,Psmall protein,16,252,0.063492063,low_mg
1,yoaI,mutant,Psmall protein,17,258,0.065891473,low_mg
1,yoaI,mutant,Psmall protein,18,258,0.069767442,low_mg
1,yoaI,mutant,Psmall protein,18,249,0.072289157,low_mg
1,yoaI,mutant,Psmall protein,17,245,0.069387755,low_mg
1,yoaI,mutant,Psmall protein,17,250,0.068,low_mg
2,yoaI,wild_type,Pempty vector,25,352,0.071022727,10mM
2,yoaI,wild_type,Pempty vector,10,347,0.028818444,10mM
2,yoaI,wild_type,Pempty vector,27,326,0.082822086,10mM
2,yoaI,wild_type,Pempty vector,22,330,0.066666667,10mM
2,yoaI,wild_type,Pempty vector,24,333,0.072072072,10mM
2,yoaI,wild_type,Pempty vector,23,345,0.066666667,10mM
2,yoaI,wild_type,Pempty vector,19,317,0.059936909,10mM
2,yoaI,wild_type,Pempty vector,20,322,0.062111801,10mM
2,yoaI,mutant,Pempty vector,21,329,0.063829787,10mM
2,yoaI,mutant,Pempty vector,24,332,0.072289157,10mM
2,yoaI,mutant,Pempty vector,23,316,0.07278481,10mM
2,yoaI,mutant,Pempty vector,19,321,0.059190031,10mM
2,yoaI,mutant,Pempty vector,21,319,0.065830721,10mM
2,yoaI,mutant,Pempty vector,17,317,0.05362776,10mM
2,yoaI,mutant,Pempty vector,24,327,0.073394495,10mM
2,yoaI,mutant,Pempty vector,18,336,0.053571429,10mM
2,yoaI,wild_type,Psmall protein,28,350,0.08,10mM
2,yoaI,wild_type,Psmall protein,29,353,0.082152975,10mM
2,yoaI,wild_type,Psmall protein,20,335,0.059701493,10mM
2,yoaI,wild_type,Psmall protein,20,285,0.070175439,10mM
2,yoaI,wild_type,Psmall protein,20,364,0.054945055,10mM
2,yoaI,wild_type,Psmall protein,21,386,0.054404145,10mM
2,yoaI,wild_type,Psmall protein,11,316,0.034810127,10mM
2,yoaI,wild_type,Psmall protein,21,330,0.063636364,10mM
2,yoaI,mutant,Psmall protein,20,285,0.070175439,10mM
2,yoaI,mutant,Psmall protein,24,279,0.086021505,10mM
2,yoaI,mutant,Psmall protein,20,270,0.074074074,10mM
2,yoaI,mutant,Psmall protein,20,284,0.070422535,10mM
2,yoaI,mutant,Psmall protein,20,281,0.071174377,10mM
2,yoaI,mutant,Psmall protein,15,271,0.055350554,10mM
2,yoaI,mutant,Psmall protein,19,270,0.07037037,10mM
2,yoaI,mutant,Psmall protein,21,279,0.075268817,10mM
2,yoaI,wild_type,Pempty vector,22,346,0.063583815,low_mg
2,yoaI,wild_type,Pempty vector,21,326,0.064417178,low_mg
2,yoaI,wild_type,Pempty vector,19,305,0.062295082,low_mg
2,yoaI,wild_type,Pempty vector,19,309,0.061488673,low_mg
2,yoaI,wild_type,Pempty vector,17,310,0.05483871,low_mg
2,yoaI,wild_type,Pempty vector,22,307,0.071661238,low_mg
2,yoaI,wild_type,Pempty vector,21,295,0.071186441,low_mg
2,yoaI,wild_type,Pempty vector,18,297,0.060606061,low_mg
2,yoaI,mutant,Pempty vector,18,313,0.057507987,low_mg
2,yoaI,mutant,Pempty vector,18,311,0.057877814,low_mg
2,yoaI,mutant,Pempty vector,20,304,0.065789474,low_mg
2,yoaI,mutant,Pempty vector,22,304,0.072368421,low_mg
2,yoaI,mutant,Pempty vector,21,301,0.069767442,low_mg
2,yoaI,mutant,Pempty vector,21,300,0.07,low_mg
2,yoaI,mutant,Pempty vector,24,307,0.078175896,low_mg
2,yoaI,mutant,Pempty vector,18,306,0.058823529,low_mg
2,yoaI,wild_type,Psmall protein,6,352,0.017045455,low_mg
2,yoaI,wild_type,Psmall protein,21,326,0.064417178,low_mg
2,yoaI,wild_type,Psmall protein,19,304,0.0625,low_mg
2,yoaI,wild_type,Psmall protein,20,288,0.069444444,low_mg
2,yoaI,wild_type,Psmall protein,20,352,0.056818182,low_mg
2,yoaI,wild_type,Psmall protein,20,309,0.064724919,low_mg
2,yoaI,wild_type,Psmall protein,18,295,0.061016949,low_mg
2,yoaI,wild_type,Psmall protein,18,324,0.055555556,low_mg
2,yoaI,mutant,Psmall protein,23,282,0.081560284,low_mg
2,yoaI,mutant,Psmall protein,22,270,0.081481481,low_mg
2,yoaI,mutant,Psmall protein,17,268,0.063432836,low_mg
2,yoaI,mutant,Psmall protein,18,269,0.066914498,low_mg
2,yoaI,mutant,Psmall protein,18,274,0.065693431,low_mg
2,yoaI,mutant,Psmall protein,18,273,0.065934066,low_mg
2,yoaI,mutant,Psmall protein,21,267,0.078651685,low_mg
2,yoaI,mutant,Psmall protein,20,275,0.072727273,low_mg
3,yoaI,wild_type,Pempty vector,34,440,0.077272727,10mM
3,yoaI,wild_type,Pempty vector,28,441,0.063492063,10mM
3,yoaI,wild_type,Pempty vector,35,425,0.082352941,10mM
3,yoaI,wild_type,Pempty vector,33,419,0.07875895,10mM
3,yoaI,wild_type,Pempty vector,38,420,0.09047619,10mM
3,yoaI,wild_type,Pempty vector,44,437,0.100686499,10mM
3,yoaI,wild_type,Pempty vector,24,408,0.058823529,10mM
3,yoaI,wild_type,Pempty vector,35,424,0.08254717,10mM
3,yoaI,mutant,Pempty vector,31,427,0.072599532,10mM
3,yoaI,mutant,Pempty vector,38,423,0.089834515,10mM
3,yoaI,mutant,Pempty vector,32,415,0.077108434,10mM
3,yoaI,mutant,Pempty vector,42,415,0.101204819,10mM
3,yoaI,mutant,Pempty vector,33,412,0.080097087,10mM
3,yoaI,mutant,Pempty vector,38,416,0.091346154,10mM
3,yoaI,mutant,Pempty vector,37,406,0.091133005,10mM
3,yoaI,mutant,Pempty vector,26,445,0.058426966,10mM
3,yoaI,wild_type,Psmall protein,38,436,0.087155963,10mM
3,yoaI,wild_type,Psmall protein,49,434,0.112903226,10mM
3,yoaI,wild_type,Psmall protein,20,411,0.0486618,10mM
3,yoaI,wild_type,Psmall protein,35,400,0.0875,10mM
3,yoaI,wild_type,Psmall protein,28,482,0.058091286,10mM
3,yoaI,wild_type,Psmall protein,18,447,0.040268456,10mM
3,yoaI,wild_type,Psmall protein,48,370,0.12972973,10mM
3,yoaI,wild_type,Psmall protein,41,384,0.106770833,10mM
3,yoaI,mutant,Psmall protein,30,348,0.086206897,10mM
3,yoaI,mutant,Psmall protein,38,331,0.114803625,10mM
3,yoaI,mutant,Psmall protein,24,325,0.073846154,10mM
3,yoaI,mutant,Psmall protein,21,335,0.062686567,10mM
3,yoaI,mutant,Psmall protein,24,353,0.067988669,10mM
3,yoaI,mutant,Psmall protein,34,327,0.103975535,10mM
3,yoaI,mutant,Psmall protein,27,334,0.080838323,10mM
3,yoaI,mutant,Psmall protein,36,340,0.105882353,10mM
3,yoaI,wild_type,Pempty vector,55,414,0.132850242,low_mg
3,yoaI,wild_type,Pempty vector,26,400,0.065,low_mg
3,yoaI,wild_type,Pempty vector,25,378,0.066137566,low_mg
3,yoaI,wild_type,Pempty vector,30,383,0.078328982,low_mg
3,yoaI,wild_type,Pempty vector,27,383,0.070496084,low_mg
3,yoaI,wild_type,Pempty vector,33,389,0.084832905,low_mg
3,yoaI,wild_type,Pempty vector,25,375,0.066666667,low_mg
3,yoaI,wild_type,Pempty vector,23,382,0.060209424,low_mg
3,yoaI,mutant,Pempty vector,21,388,0.054123711,low_mg
3,yoaI,mutant,Pempty vector,28,378,0.074074074,low_mg
3,yoaI,mutant,Pempty vector,35,364,0.096153846,low_mg
3,yoaI,mutant,Pempty vector,34,366,0.092896175,low_mg
3,yoaI,mutant,Pempty vector,27,372,0.072580645,low_mg
3,yoaI,mutant,Pempty vector,35,369,0.094850949,low_mg
3,yoaI,mutant,Pempty vector,32,365,0.087671233,low_mg
3,yoaI,mutant,Pempty vector,35,376,0.093085106,low_mg
3,yoaI,wild_type,Psmall protein,18,423,0.042553191,low_mg
3,yoaI,wild_type,Psmall protein,28,446,0.062780269,low_mg
3,yoaI,wild_type,Psmall protein,29,419,0.069212411,low_mg
3,yoaI,wild_type,Psmall protein,19,455,0.041758242,low_mg
3,yoaI,wild_type,Psmall protein,21,495,0.042424242,low_mg
3,yoaI,wild_type,Psmall protein,28,436,0.064220183,low_mg
3,yoaI,wild_type,Psmall protein,28,415,0.06746988,low_mg
3,yoaI,wild_type,Psmall protein,30,412,0.072815534,low_mg
3,yoaI,mutant,Psmall protein,30,314,0.095541401,low_mg
3,yoaI,mutant,Psmall protein,18,315,0.057142857,low_mg
3,yoaI,mutant,Psmall protein,24,292,0.082191781,low_mg
3,yoaI,mutant,Psmall protein,25,307,0.081433225,low_mg
3,yoaI,mutant,Psmall protein,24,311,0.077170418,low_mg
3,yoaI,mutant,Psmall protein,29,311,0.093247588,low_mg
3,yoaI,mutant,Psmall protein,27,308,0.087662338,low_mg
3,yoaI,mutant,Psmall protein,28,315,0.088888889,low_mg
4,yoaI,wild_type,Pempty vector,48,574,0.083623693,10mM
4,yoaI,wild_type,Pempty vector,55,556,0.098920863,10mM
4,yoaI,wild_type,Pempty vector,67,544,0.123161765,10mM
4,yoaI,wild_type,Pempty vector,63,560,0.1125,10mM
4,yoaI,wild_type,Pempty vector,37,565,0.065486726,10mM
4,yoaI,wild_type,Pempty vector,46,543,0.084714549,10mM
4,yoaI,wild_type,Pempty vector,46,522,0.088122605,10mM
4,yoaI,wild_type,Pempty vector,38,573,0.066317627,10mM
4,yoaI,mutant,Pempty vector,63,571,0.11033275,10mM
4,yoaI,mutant,Pempty vector,55,562,0.097864769,10mM
4,yoaI,mutant,Pempty vector,73,545,0.133944954,10mM
4,yoaI,mutant,Pempty vector,67,569,0.117750439,10mM
4,yoaI,mutant,Pempty vector,51,545,0.093577982,10mM
4,yoaI,mutant,Pempty vector,59,563,0.104795737,10mM
4,yoaI,mutant,Pempty vector,42,560,0.075,10mM
4,yoaI,mutant,Pempty vector,55,610,0.090163934,10mM
4,yoaI,wild_type,Psmall protein,46,568,0.080985915,10mM
4,yoaI,wild_type,Psmall protein,42,524,0.080152672,10mM
4,yoaI,wild_type,Psmall protein,43,477,0.090146751,10mM
4,yoaI,wild_type,Psmall protein,38,505,0.075247525,10mM
4,yoaI,wild_type,Psmall protein,43,575,0.074782609,10mM
4,yoaI,wild_type,Psmall protein,47,522,0.090038314,10mM
4,yoaI,wild_type,Psmall protein,35,470,0.074468085,10mM
4,yoaI,wild_type,Psmall protein,51,503,0.10139165,10mM
4,yoaI,mutant,Psmall protein,61,421,0.144893112,10mM
4,yoaI,mutant,Psmall protein,50,407,0.122850123,10mM
4,yoaI,mutant,Psmall protein,38,399,0.095238095,10mM
4,yoaI,mutant,Psmall protein,38,439,0.086560364,10mM
4,yoaI,mutant,Psmall protein,49,423,0.115839243,10mM
4,yoaI,mutant,Psmall protein,41,419,0.097852029,10mM
4,yoaI,mutant,Psmall protein,52,419,0.124105012,10mM
4,yoaI,mutant,Psmall protein,42,436,0.096330275,10mM
4,yoaI,wild_type,Pempty vector,57,544,0.104779412,low_mg
4,yoaI,wild_type,Pempty vector,48,496,0.096774194,low_mg
4,yoaI,wild_type,Pempty vector,44,496,0.088709677,low_mg
4,yoaI,wild_type,Pempty vector,45,516,0.087209302,low_mg
4,yoaI,wild_type,Pempty vector,46,508,0.090551181,low_mg
4,yoaI,wild_type,Pempty vector,65,498,0.130522088,low_mg
4,yoaI,wild_type,Pempty vector,41,502,0.081673307,low_mg
4,yoaI,wild_type,Pempty vector,47,499,0.094188377,low_mg
4,yoaI,mutant,Pempty vector,52,448,0.116071429,low_mg
4,yoaI,mutant,Pempty vector,41,448,0.091517857,low_mg
4,yoaI,mutant,Pempty vector,42,439,0.095671982,low_mg
4,yoaI,mutant,Pempty vector,44,439,0.10022779,low_mg
4,yoaI,mutant,Pempty vector,51,450,0.113333333,low_mg
4,yoaI,mutant,Pempty vector,35,428,0.081775701,low_mg
4,yoaI,mutant,Pempty vector,46,439,0.104783599,low_mg
4,yoaI,mutant,Pempty vector,49,444,0.11036036,low_mg
4,yoaI,wild_type,Psmall protein,62,553,0.112115732,low_mg
4,yoaI,wild_type,Psmall protein,54,536,0.100746269,low_mg
4,yoaI,wild_type,Psmall protein,50,539,0.092764378,low_mg
4,yoaI,wild_type,Psmall protein,45,592,0.076013514,low_mg
4,yoaI,wild_type,Psmall protein,37,610,0.060655738,low_mg
4,yoaI,wild_type,Psmall protein,51,537,0.094972067,low_mg
4,yoaI,wild_type,Psmall protein,37,531,0.069679849,low_mg
4,yoaI,wild_type,Psmall protein,46,521,0.088291747,low_mg
4,yoaI,mutant,Psmall protein,40,369,0.108401084,low_mg
4,yoaI,mutant,Psmall protein,25,359,0.069637883,low_mg
4,yoaI,mutant,Psmall protein,31,348,0.08908046,low_mg
4,yoaI,mutant,Psmall protein,39,346,0.112716763,low_mg
4,yoaI,mutant,Psmall protein,46,357,0.128851541,low_mg
4,yoaI,mutant,Psmall protein,36,353,0.101983003,low_mg
4,yoaI,mutant,Psmall protein,40,364,0.10989011,low_mg
4,yoaI,mutant,Psmall protein,44,372,0.11827957,low_mg
5,yoaI,wild_type,Pempty vector,49,820,0.059756098,10mM
5,yoaI,wild_type,Pempty vector,58,841,0.068965517,10mM
5,yoaI,wild_type,Pempty vector,37,630,0.058730159,10mM
5,yoaI,wild_type,Pempty vector,60,653,0.091883614,10mM
5,yoaI,wild_type,Pempty vector,61,681,0.089574156,10mM
5,yoaI,wild_type,Pempty vector,61,672,0.09077381,10mM
5,yoaI,wild_type,Pempty vector,51,696,0.073275862,10mM
5,yoaI,wild_type,Pempty vector,62,762,0.081364829,10mM
5,yoaI,mutant,Pempty vector,63,720,0.0875,10mM
5,yoaI,mutant,Pempty vector,64,687,0.093158661,10mM
5,yoaI,mutant,Pempty vector,29,652,0.044478528,10mM
5,yoaI,mutant,Pempty vector,79,647,0.122102009,10mM
5,yoaI,mutant,Pempty vector,54,626,0.086261981,10mM
5,yoaI,mutant,Pempty vector,63,648,0.097222222,10mM
5,yoaI,mutant,Pempty vector,74,683,0.108345534,10mM
5,yoaI,mutant,Pempty vector,58,742,0.078167116,10mM
5,yoaI,wild_type,Psmall protein,72,785,0.091719745,10mM
5,yoaI,wild_type,Psmall protein,49,715,0.068531469,10mM
5,yoaI,wild_type,Psmall protein,52,679,0.076583211,10mM
5,yoaI,wild_type,Psmall protein,68,664,0.102409639,10mM
5,yoaI,wild_type,Psmall protein,46,751,0.061251664,10mM
5,yoaI,wild_type,Psmall protein,50,707,0.070721358,10mM
5,yoaI,wild_type,Psmall protein,56,676,0.082840237,10mM
5,yoaI,wild_type,Psmall protein,70,743,0.094212651,10mM
5,yoaI,mutant,Psmall protein,57,569,0.100175747,10mM
5,yoaI,mutant,Psmall protein,62,485,0.127835052,10mM
5,yoaI,mutant,Psmall protein,64,483,0.132505176,10mM
5,yoaI,mutant,Psmall protein,50,469,0.106609808,10mM
5,yoaI,mutant,Psmall protein,63,486,0.12962963,10mM
5,yoaI,mutant,Psmall protein,55,480,0.114583333,10mM
5,yoaI,mutant,Psmall protein,54,501,0.107784431,10mM
5,yoaI,mutant,Psmall protein,66,575,0.114782609,10mM
5,yoaI,wild_type,Pempty vector,77,723,0.106500692,low_mg
5,yoaI,wild_type,Pempty vector,56,735,0.076190476,low_mg
5,yoaI,wild_type,Pempty vector,59,638,0.092476489,low_mg
5,yoaI,wild_type,Pempty vector,58,636,0.091194969,low_mg
5,yoaI,wild_type,Pempty vector,50,688,0.072674419,low_mg
5,yoaI,wild_type,Pempty vector,80,684,0.116959064,low_mg
5,yoaI,wild_type,Pempty vector,44,821,0.053593179,low_mg
5,yoaI,wild_type,Pempty vector,52,769,0.067620286,low_mg
5,yoaI,mutant,Pempty vector,52,532,0.097744361,low_mg
5,yoaI,mutant,Pempty vector,64,518,0.123552124,low_mg
5,yoaI,mutant,Pempty vector,50,566,0.088339223,low_mg
5,yoaI,mutant,Pempty vector,53,590,0.089830508,low_mg
5,yoaI,mutant,Pempty vector,47,573,0.082024433,low_mg
5,yoaI,mutant,Pempty vector,61,570,0.107017544,low_mg
5,yoaI,mutant,Pempty vector,59,604,0.097682119,low_mg
5,yoaI,mutant,Pempty vector,52,624,0.083333333,low_mg
5,yoaI,wild_type,Psmall protein,54,666,0.081081081,low_mg
5,yoaI,wild_type,Psmall protein,60,641,0.093603744,low_mg
5,yoaI,wild_type,Psmall protein,62,633,0.097946288,low_mg
5,yoaI,wild_type,Psmall protein,50,658,0.075987842,low_mg
5,yoaI,wild_type,Psmall protein,53,705,0.075177305,low_mg
5,yoaI,wild_type,Psmall protein,46,689,0.066763425,low_mg
5,yoaI,wild_type,Psmall protein,60,786,0.076335878,low_mg
5,yoaI,wild_type,Psmall protein,56,802,0.069825436,low_mg
5,yoaI,mutant,Psmall protein,55,474,0.116033755,low_mg
5,yoaI,mutant,Psmall protein,51,457,0.111597374,low_mg
5,yoaI,mutant,Psmall protein,58,444,0.130630631,low_mg
5,yoaI,mutant,Psmall protein,49,456,0.10745614,low_mg
5,yoaI,mutant,Psmall protein,49,475,0.103157895,low_mg
5,yoaI,mutant,Psmall protein,51,502,0.101593625,low_mg
5,yoaI,mutant,Psmall protein,59,486,0.121399177,low_mg
5,yoaI,mutant,Psmall protein,61,532,0.114661654,low_mg
6,yoaI,wild_type,Pempty vector,74,911,0.081229418,10mM
6,yoaI,wild_type,Pempty vector,53,890,0.059550562,10mM
6,yoaI,wild_type,Pempty vector,69,714,0.096638655,10mM
6,yoaI,wild_type,Pempty vector,68,723,0.094052559,10mM
6,yoaI,wild_type,Pempty vector,70,717,0.09762901,10mM
6,yoaI,wild_type,Pempty vector,72,749,0.096128171,10mM
6,yoaI,wild_type,Pempty vector,72,729,0.098765432,10mM
6,yoaI,wild_type,Pempty vector,60,831,0.072202166,10mM
6,yoaI,mutant,Pempty vector,50,821,0.06090134,10mM
6,yoaI,mutant,Pempty vector,61,773,0.078913325,10mM
6,yoaI,mutant,Pempty vector,56,728,0.076923077,10mM
6,yoaI,mutant,Pempty vector,78,711,0.109704641,10mM
6,yoaI,mutant,Pempty vector,66,694,0.095100865,10mM
6,yoaI,mutant,Pempty vector,64,711,0.090014065,10mM
6,yoaI,mutant,Pempty vector,69,737,0.093622795,10mM
6,yoaI,mutant,Pempty vector,59,829,0.071170084,10mM
6,yoaI,wild_type,Psmall protein,62,923,0.067172264,10mM
6,yoaI,wild_type,Psmall protein,49,819,0.05982906,10mM
6,yoaI,wild_type,Psmall protein,53,779,0.068035944,10mM
6,yoaI,wild_type,Psmall protein,65,780,0.083333333,10mM
6,yoaI,wild_type,Psmall protein,62,851,0.072855464,10mM
6,yoaI,wild_type,Psmall protein,63,847,0.074380165,10mM
6,yoaI,wild_type,Psmall protein,53,811,0.065351418,10mM
6,yoaI,wild_type,Psmall protein,59,870,0.067816092,10mM
6,yoaI,mutant,Psmall protein,60,604,0.099337748,10mM
6,yoaI,mutant,Psmall protein,56,520,0.107692308,10mM
6,yoaI,mutant,Psmall protein,63,527,0.119544592,10mM
6,yoaI,mutant,Psmall protein,91,526,0.173003802,10mM
6,yoaI,mutant,Psmall protein,55,550,0.1,10mM
6,yoaI,mutant,Psmall protein,50,527,0.09487666,10mM
6,yoaI,mutant,Psmall protein,50,552,0.09057971,10mM
6,yoaI,mutant,Psmall protein,64,597,0.10720268,10mM
6,yoaI,wild_type,Pempty vector,76,861,0.088269454,low_mg
6,yoaI,wild_type,Pempty vector,58,823,0.070473876,low_mg
6,yoaI,wild_type,Pempty vector,63,679,0.092783505,low_mg
6,yoaI,wild_type,Pempty vector,64,675,0.094814815,low_mg
6,yoaI,wild_type,Pempty vector,71,684,0.10380117,low_mg
6,yoaI,wild_type,Pempty vector,80,730,0.109589041,low_mg
6,yoaI,wild_type,Pempty vector,61,778,0.07840617,low_mg
6,yoaI,wild_type,Pempty vector,60,789,0.076045627,low_mg
6,yoaI,mutant,Pempty vector,44,526,0.08365019,low_mg
6,yoaI,mutant,Pempty vector,55,553,0.099457505,low_mg
6,yoaI,mutant,Pempty vector,58,562,0.103202847,low_mg
6,yoaI,mutant,Pempty vector,46,579,0.079447323,low_mg
6,yoaI,mutant,Pempty vector,37,586,0.063139932,low_mg
6,yoaI,mutant,Pempty vector,48,564,0.085106383,low_mg
6,yoaI,mutant,Pempty vector,51,600,0.085,low_mg
6,yoaI,mutant,Pempty vector,62,618,0.100323625,low_mg
6,yoaI,wild_type,Psmall protein,34,757,0.044914135,low_mg
6,yoaI,wild_type,Psmall protein,69,731,0.094391245,low_mg
6,yoaI,wild_type,Psmall protein,63,714,0.088235294,low_mg
6,yoaI,wild_type,Psmall protein,60,728,0.082417582,low_mg
6,yoaI,wild_type,Psmall protein,57,800,0.07125,low_mg
6,yoaI,wild_type,Psmall protein,70,767,0.091264668,low_mg
6,yoaI,wild_type,Psmall protein,62,867,0.071510957,low_mg
6,yoaI,wild_type,Psmall protein,63,883,0.071347678,low_mg
6,yoaI,mutant,Psmall protein,55,494,0.111336032,low_mg
6,yoaI,mutant,Psmall protein,50,465,0.107526882,low_mg
6,yoaI,mutant,Psmall protein,48,465,0.103225806,low_mg
6,yoaI,mutant,Psmall protein,53,480,0.110416667,low_mg
6,yoaI,mutant,Psmall protein,53,505,0.104950495,low_mg
6,yoaI,mutant,Psmall protein,60,506,0.118577075,low_mg
6,yoaI,mutant,Psmall protein,50,512,0.09765625,low_mg
6,yoaI,mutant,Psmall protein,52,540,0.096296296,low_mg
7,yoaI,wild_type,Pempty vector,71,1011,0.070227498,10mM
7,yoaI,wild_type,Pempty vector,42,870,0.048275862,10mM
7,yoaI,wild_type,Pempty vector,62,756,0.082010582,10mM
7,yoaI,wild_type,Pempty vector,80,801,0.099875156,10mM
7,yoaI,wild_type,Pempty vector,69,800,0.08625,10mM
7,yoaI,wild_type,Pempty vector,73,768,0.095052083,10mM
7,yoaI,wild_type,Pempty vector,53,815,0.065030675,10mM
7,yoaI,wild_type,Pempty vector,61,873,0.069873998,10mM
7,yoaI,mutant,Pempty vector,50,915,0.054644809,10mM
7,yoaI,mutant,Pempty vector,60,816,0.073529412,10mM
7,yoaI,mutant,Pempty vector,93,796,0.116834171,10mM
7,yoaI,mutant,Pempty vector,71,788,0.090101523,10mM
7,yoaI,mutant,Pempty vector,53,796,0.066582915,10mM
7,yoaI,mutant,Pempty vector,71,795,0.089308176,10mM
7,yoaI,mutant,Pempty vector,58,827,0.070133011,10mM
7,yoaI,mutant,Pempty vector,77,885,0.08700565,10mM
7,yoaI,wild_type,Psmall protein,60,1024,0.05859375,10mM
7,yoaI,wild_type,Psmall protein,56,944,0.059322034,10mM
7,yoaI,wild_type,Psmall protein,49,870,0.056321839,10mM
7,yoaI,wild_type,Psmall protein,59,849,0.069493522,10mM
7,yoaI,wild_type,Psmall protein,78,912,0.085526316,10mM
7,yoaI,wild_type,Psmall protein,54,931,0.058002148,10mM
7,yoaI,wild_type,Psmall protein,52,897,0.057971014,10mM
7,yoaI,wild_type,Psmall protein,73,1030,0.070873786,10mM
7,yoaI,mutant,Psmall protein,64,613,0.104404568,10mM
7,yoaI,mutant,Psmall protein,54,557,0.096947935,10mM
7,yoaI,mutant,Psmall protein,59,570,0.103508772,10mM
7,yoaI,mutant,Psmall protein,45,561,0.080213904,10mM
7,yoaI,mutant,Psmall protein,62,581,0.106712565,10mM
7,yoaI,mutant,Psmall protein,62,574,0.108013937,10mM
7,yoaI,mutant,Psmall protein,53,612,0.086601307,10mM
7,yoaI,mutant,Psmall protein,61,612,0.099673203,10mM
7,yoaI,wild_type,Pempty vector,91,984,0.092479675,low_mg
7,yoaI,wild_type,Pempty vector,54,929,0.058127018,low_mg
7,yoaI,wild_type,Pempty vector,64,748,0.085561497,low_mg
7,yoaI,wild_type,Pempty vector,58,755,0.076821192,low_mg
7,yoaI,wild_type,Pempty vector,73,769,0.094928479,low_mg
7,yoaI,wild_type,Pempty vector,76,792,0.095959596,low_mg
7,yoaI,wild_type,Pempty vector,57,872,0.065366972,low_mg
7,yoaI,wild_type,Pempty vector,57,885,0.06440678,low_mg
7,yoaI,mutant,Pempty vector,29,540,0.053703704,low_mg
7,yoaI,mutant,Pempty vector,54,581,0.092943201,low_mg
7,yoaI,mutant,Pempty vector,55,603,0.091210614,low_mg
7,yoaI,mutant,Pempty vector,52,605,0.085950413,low_mg
7,yoaI,mutant,Pempty vector,52,612,0.08496732,low_mg
7,yoaI,mutant,Pempty vector,45,599,0.075125209,low_mg
7,yoaI,mutant,Pempty vector,64,635,0.100787402,low_mg
7,yoaI,mutant,Pempty vector,52,640,0.08125,low_mg
7,yoaI,wild_type,Psmall protein,48,844,0.056872038,low_mg
7,yoaI,wild_type,Psmall protein,70,795,0.088050314,low_mg
7,yoaI,wild_type,Psmall protein,73,747,0.09772423,low_mg
7,yoaI,wild_type,Psmall protein,55,794,0.069269521,low_mg
7,yoaI,wild_type,Psmall protein,73,828,0.088164251,low_mg
7,yoaI,wild_type,Psmall protein,58,833,0.069627851,low_mg
7,yoaI,wild_type,Psmall protein,54,955,0.056544503,low_mg
7,yoaI,wild_type,Psmall protein,64,954,0.067085954,low_mg
7,yoaI,mutant,Psmall protein,58,500,0.116,low_mg
7,yoaI,mutant,Psmall protein,44,476,0.092436975,low_mg
7,yoaI,mutant,Psmall protein,63,455,0.138461538,low_mg
7,yoaI,mutant,Psmall protein,55,489,0.112474438,low_mg
7,yoaI,mutant,Psmall protein,48,498,0.096385542,low_mg
7,yoaI,mutant,Psmall protein,54,516,0.104651163,low_mg
7,yoaI,mutant,Psmall protein,63,521,0.120921305,low_mg
7,yoaI,mutant,Psmall protein,64,536,0.119402985,low_mg
8,yoaI,wild_type,Pempty vector,60,1094,0.054844607,10mM
8,yoaI,wild_type,Pempty vector,59,946,0.062367865,10mM
8,yoaI,wild_type,Pempty vector,52,812,0.064039409,10mM
8,yoaI,wild_type,Pempty vector,63,840,0.075,10mM
8,yoaI,wild_type,Pempty vector,58,890,0.065168539,10mM
8,yoaI,wild_type,Pempty vector,54,871,0.061997704,10mM
8,yoaI,wild_type,Pempty vector,78,889,0.087739033,10mM
8,yoaI,wild_type,Pempty vector,58,959,0.060479666,10mM
8,yoaI,mutant,Pempty vector,48,985,0.048730964,10mM
8,yoaI,mutant,Pempty vector,76,850,0.089411765,10mM
8,yoaI,mutant,Pempty vector,51,832,0.061298077,10mM
8,yoaI,mutant,Pempty vector,79,839,0.094159714,10mM
8,yoaI,mutant,Pempty vector,52,826,0.062953995,10mM
8,yoaI,mutant,Pempty vector,72,870,0.082758621,10mM
8,yoaI,mutant,Pempty vector,68,857,0.079346558,10mM
8,yoaI,mutant,Pempty vector,64,965,0.066321244,10mM
8,yoaI,wild_type,Psmall protein,83,1148,0.072299652,10mM
8,yoaI,wild_type,Psmall protein,46,1009,0.045589693,10mM
8,yoaI,wild_type,Psmall protein,65,939,0.069222577,10mM
8,yoaI,wild_type,Psmall protein,66,921,0.071661238,10mM
8,yoaI,wild_type,Psmall protein,75,976,0.076844262,10mM
8,yoaI,wild_type,Psmall protein,55,1009,0.054509415,10mM
8,yoaI,wild_type,Psmall protein,48,933,0.051446945,10mM
8,yoaI,wild_type,Psmall protein,55,1158,0.047495682,10mM
8,yoaI,mutant,Psmall protein,62,641,0.096723869,10mM
8,yoaI,mutant,Psmall protein,53,603,0.087893864,10mM
8,yoaI,mutant,Psmall protein,62,577,0.10745234,10mM
8,yoaI,mutant,Psmall protein,42,625,0.0672,10mM
8,yoaI,mutant,Psmall protein,79,619,0.127625202,10mM
8,yoaI,mutant,Psmall protein,60,602,0.099667774,10mM
8,yoaI,mutant,Psmall protein,65,606,0.107260726,10mM
8,yoaI,mutant,Psmall protein,49,670,0.073134328,10mM
8,yoaI,wild_type,Pempty vector,31,1075,0.028837209,low_mg
8,yoaI,wild_type,Pempty vector,59,999,0.059059059,low_mg
8,yoaI,wild_type,Pempty vector,52,822,0.063260341,low_mg
8,yoaI,wild_type,Pempty vector,69,805,0.085714286,low_mg
8,yoaI,wild_type,Pempty vector,68,858,0.079254079,low_mg
8,yoaI,wild_type,Pempty vector,66,882,0.074829932,low_mg
8,yoaI,wild_type,Pempty vector,59,982,0.060081466,low_mg
8,yoaI,wild_type,Pempty vector,64,1004,0.06374502,low_mg
8,yoaI,mutant,Pempty vector,45,572,0.078671329,low_mg
8,yoaI,mutant,Pempty vector,55,597,0.092127303,low_mg
8,yoaI,mutant,Pempty vector,45,620,0.072580645,low_mg
8,yoaI,mutant,Pempty vector,59,617,0.095623987,low_mg
8,yoaI,mutant,Pempty vector,50,612,0.081699346,low_mg
8,yoaI,mutant,Pempty vector,44,625,0.0704,low_mg
8,yoaI,mutant,Pempty vector,66,651,0.101382488,low_mg
8,yoaI,mutant,Pempty vector,52,652,0.079754601,low_mg
8,yoaI,wild_type,Psmall protein,53,920,0.057608696,low_mg
8,yoaI,wild_type,Psmall protein,67,847,0.079102715,low_mg
8,yoaI,wild_type,Psmall protein,71,783,0.090676884,low_mg
8,yoaI,wild_type,Psmall protein,56,817,0.068543452,low_mg
8,yoaI,wild_type,Psmall protein,78,895,0.087150838,low_mg
8,yoaI,wild_type,Psmall protein,73,887,0.082299887,low_mg
8,yoaI,wild_type,Psmall protein,65,999,0.065065065,low_mg
8,yoaI,wild_type,Psmall protein,69,1017,0.067846608,low_mg
8,yoaI,mutant,Psmall protein,62,514,0.120622568,low_mg
8,yoaI,mutant,Psmall protein,44,493,0.089249493,low_mg
8,yoaI,mutant,Psmall protein,57,480,0.11875,low_mg
8,yoaI,mutant,Psmall protein,52,482,0.107883817,low_mg
8,yoaI,mutant,Psmall protein,55,505,0.108910891,low_mg
8,yoaI,mutant,Psmall protein,52,517,0.100580271,low_mg
8,yoaI,mutant,Psmall protein,53,533,0.099437148,low_mg
8,yoaI,mutant,Psmall protein,58,545,0.106422018,low_mg
9,yoaI,wild_type,Pempty vector,64,1202,0.053244592,10mM
9,yoaI,wild_type,Pempty vector,70,1101,0.063578565,10mM
9,yoaI,wild_type,Pempty vector,65,890,0.073033708,10mM
9,yoaI,wild_type,Pempty vector,72,899,0.080088988,10mM
9,yoaI,wild_type,Pempty vector,66,966,0.068322981,10mM
9,yoaI,wild_type,Pempty vector,81,978,0.082822086,10mM
9,yoaI,wild_type,Pempty vector,55,945,0.058201058,10mM
9,yoaI,wild_type,Pempty vector,64,1057,0.060548723,10mM
9,yoaI,mutant,Pempty vector,66,1073,0.061509786,10mM
9,yoaI,mutant,Pempty vector,68,885,0.076836158,10mM
9,yoaI,mutant,Pempty vector,60,891,0.067340067,10mM
9,yoaI,mutant,Pempty vector,83,897,0.092530658,10mM
9,yoaI,mutant,Pempty vector,47,927,0.050701187,10mM
9,yoaI,mutant,Pempty vector,67,930,0.072043011,10mM
9,yoaI,mutant,Pempty vector,66,900,0.073333333,10mM
9,yoaI,mutant,Pempty vector,66,1049,0.062917064,10mM
9,yoaI,wild_type,Psmall protein,73,1275,0.057254902,10mM
9,yoaI,wild_type,Psmall protein,65,1101,0.059037239,10mM
9,yoaI,wild_type,Psmall protein,63,990,0.063636364,10mM
9,yoaI,wild_type,Psmall protein,68,975,0.06974359,10mM
9,yoaI,wild_type,Psmall protein,70,1064,0.065789474,10mM
9,yoaI,wild_type,Psmall protein,68,1058,0.064272212,10mM
9,yoaI,wild_type,Psmall protein,60,986,0.060851927,10mM
9,yoaI,wild_type,Psmall protein,80,1234,0.064829822,10mM
9,yoaI,mutant,Psmall protein,67,700,0.095714286,10mM
9,yoaI,mutant,Psmall protein,72,645,0.111627907,10mM
9,yoaI,mutant,Psmall protein,66,651,0.101382488,10mM
9,yoaI,mutant,Psmall protein,81,649,0.124807396,10mM
9,yoaI,mutant,Psmall protein,68,665,0.102255639,10mM
9,yoaI,mutant,Psmall protein,69,637,0.108320251,10mM
9,yoaI,mutant,Psmall protein,55,649,0.084745763,10mM
9,yoaI,mutant,Psmall protein,57,716,0.079608939,10mM
9,yoaI,wild_type,Pempty vector,82,1143,0.071741032,low_mg
9,yoaI,wild_type,Pempty vector,64,1053,0.060778727,low_mg
9,yoaI,wild_type,Pempty vector,66,863,0.076477404,low_mg
9,yoaI,wild_type,Pempty vector,72,862,0.083526682,low_mg
9,yoaI,wild_type,Pempty vector,61,903,0.067552602,low_mg
9,yoaI,wild_type,Pempty vector,82,916,0.089519651,low_mg
9,yoaI,wild_type,Pempty vector,59,994,0.059356137,low_mg
9,yoaI,wild_type,Pempty vector,70,1059,0.066100094,low_mg
9,yoaI,mutant,Pempty vector,51,592,0.086148649,low_mg
9,yoaI,mutant,Pempty vector,50,622,0.080385852,low_mg
9,yoaI,mutant,Pempty vector,55,609,0.090311987,low_mg
9,yoaI,mutant,Pempty vector,60,626,0.095846645,low_mg
9,yoaI,mutant,Pempty vector,54,628,0.085987261,low_mg
9,yoaI,mutant,Pempty vector,58,614,0.094462541,low_mg
9,yoaI,mutant,Pempty vector,46,675,0.068148148,low_mg
9,yoaI,mutant,Pempty vector,56,686,0.081632653,low_mg
9,yoaI,wild_type,Psmall protein,70,968,0.07231405,low_mg
9,yoaI,wild_type,Psmall protein,75,857,0.087514586,low_mg
9,yoaI,wild_type,Psmall protein,67,800,0.08375,low_mg
9,yoaI,wild_type,Psmall protein,58,860,0.06744186,low_mg
9,yoaI,wild_type,Psmall protein,63,933,0.067524116,low_mg
9,yoaI,wild_type,Psmall protein,60,907,0.06615215,low_mg
9,yoaI,wild_type,Psmall protein,66,1039,0.063522618,low_mg
9,yoaI,wild_type,Psmall protein,74,1066,0.069418386,low_mg
9,yoaI,mutant,Psmall protein,61,528,0.115530303,low_mg
9,yoaI,mutant,Psmall protein,47,506,0.092885375,low_mg
9,yoaI,mutant,Psmall protein,58,485,0.119587629,low_mg
9,yoaI,mutant,Psmall protein,53,492,0.107723577,low_mg
9,yoaI,mutant,Psmall protein,60,494,0.12145749,low_mg
9,yoaI,mutant,Psmall protein,56,521,0.107485605,low_mg
9,yoaI,mutant,Psmall protein,56,548,0.102189781,low_mg
9,yoaI,mutant,Psmall protein,56,561,0.099821747,low_mg
10,yoaI,wild_type,Pempty vector,74,1253,0.05905826,10mM
10,yoaI,wild_type,Pempty vector,82,1188,0.069023569,10mM
10,yoaI,wild_type,Pempty vector,67,948,0.070675105,10mM
10,yoaI,wild_type,Pempty vector,66,957,0.068965517,10mM
10,yoaI,wild_type,Pempty vector,75,1010,0.074257426,10mM
10,yoaI,wild_type,Pempty vector,75,1047,0.071633238,10mM
10,yoaI,wild_type,Pempty vector,81,980,0.082653061,10mM
10,yoaI,wild_type,Pempty vector,72,1118,0.064400716,10mM
10,yoaI,mutant,Pempty vector,67,1126,0.059502664,10mM
10,yoaI,mutant,Pempty vector,53,937,0.056563501,10mM
10,yoaI,mutant,Pempty vector,65,975,0.066666667,10mM
10,yoaI,mutant,Pempty vector,76,974,0.078028747,10mM
10,yoaI,mutant,Pempty vector,60,979,0.061287028,10mM
10,yoaI,mutant,Pempty vector,72,999,0.072072072,10mM
10,yoaI,mutant,Pempty vector,75,984,0.076219512,10mM
10,yoaI,mutant,Pempty vector,50,1103,0.045330916,10mM
10,yoaI,wild_type,Psmall protein,60,1372,0.043731778,10mM
10,yoaI,wild_type,Psmall protein,79,1155,0.068398268,10mM
10,yoaI,wild_type,Psmall protein,65,1061,0.061262959,10mM
10,yoaI,wild_type,Psmall protein,68,1034,0.065764023,10mM
10,yoaI,wild_type,Psmall protein,65,1089,0.059687787,10mM
10,yoaI,wild_type,Psmall protein,63,1125,0.056,10mM
10,yoaI,wild_type,Psmall protein,77,1024,0.075195313,10mM
10,yoaI,wild_type,Psmall protein,82,1300,0.063076923,10mM
10,yoaI,mutant,Psmall protein,71,771,0.092088197,10mM
10,yoaI,mutant,Psmall protein,72,716,0.100558659,10mM
10,yoaI,mutant,Psmall protein,73,668,0.109281437,10mM
10,yoaI,mutant,Psmall protein,47,701,0.067047076,10mM
10,yoaI,mutant,Psmall protein,77,709,0.108603667,10mM
10,yoaI,mutant,Psmall protein,74,689,0.107402032,10mM
10,yoaI,mutant,Psmall protein,56,701,0.079885877,10mM
10,yoaI,mutant,Psmall protein,50,741,0.067476383,10mM
10,yoaI,wild_type,Pempty vector,93,1171,0.0794193,low_mg
10,yoaI,wild_type,Pempty vector,64,1079,0.05931418,low_mg
10,yoaI,wild_type,Pempty vector,66,916,0.072052402,low_mg
10,yoaI,wild_type,Pempty vector,82,896,0.091517857,low_mg
10,yoaI,wild_type,Pempty vector,67,922,0.072668113,low_mg
10,yoaI,wild_type,Pempty vector,85,952,0.089285714,low_mg
10,yoaI,wild_type,Pempty vector,63,1006,0.062624254,low_mg
10,yoaI,wild_type,Pempty vector,64,1039,0.06159769,low_mg
10,yoaI,mutant,Pempty vector,45,637,0.070643642,low_mg
10,yoaI,mutant,Pempty vector,54,643,0.083981337,low_mg
10,yoaI,mutant,Pempty vector,50,638,0.078369906,low_mg
10,yoaI,mutant,Pempty vector,56,633,0.088467615,low_mg
10,yoaI,mutant,Pempty vector,52,640,0.08125,low_mg
10,yoaI,mutant,Pempty vector,65,627,0.103668262,low_mg
10,yoaI,mutant,Pempty vector,54,671,0.0804769,low_mg
10,yoaI,mutant,Pempty vector,54,697,0.077474892,low_mg
10,yoaI,wild_type,Psmall protein,83,1001,0.082917083,low_mg
10,yoaI,wild_type,Psmall protein,66,883,0.074745187,low_mg
10,yoaI,wild_type,Psmall protein,79,823,0.095990279,low_mg
10,yoaI,wild_type,Psmall protein,64,862,0.07424594,low_mg
10,yoaI,wild_type,Psmall protein,58,955,0.060732984,low_mg
10,yoaI,wild_type,Psmall protein,79,957,0.082549634,low_mg
10,yoaI,wild_type,Psmall protein,72,1070,0.06728972,low_mg
10,yoaI,wild_type,Psmall protein,75,1107,0.067750678,low_mg
10,yoaI,mutant,Psmall protein,61,561,0.108734403,low_mg
10,yoaI,mutant,Psmall protein,49,529,0.092627599,low_mg
10,yoaI,mutant,Psmall protein,52,490,0.106122449,low_mg
10,yoaI,mutant,Psmall protein,64,490,0.130612245,low_mg
10,yoaI,mutant,Psmall protein,62,496,0.125,low_mg
10,yoaI,mutant,Psmall protein,55,521,0.105566219,low_mg
10,yoaI,mutant,Psmall protein,58,537,0.108007449,low_mg
10,yoaI,mutant,Psmall protein,61,562,0.108540925,low_mg
11,yoaI,wild_type,Pempty vector,67,1317,0.050873197,10mM
11,yoaI,wild_type,Pempty vector,73,1195,0.061087866,10mM
11,yoaI,wild_type,Pempty vector,66,1029,0.064139942,10mM
11,yoaI,wild_type,Pempty vector,68,1002,0.067864271,10mM
11,yoaI,wild_type,Pempty vector,70,1057,0.066225166,10mM
11,yoaI,wild_type,Pempty vector,63,1104,0.057065217,10mM
11,yoaI,wild_type,Pempty vector,74,1051,0.070409134,10mM
11,yoaI,wild_type,Pempty vector,76,1174,0.064735945,10mM
11,yoaI,mutant,Pempty vector,65,1208,0.053807947,10mM
11,yoaI,mutant,Pempty vector,85,950,0.089473684,10mM
11,yoaI,mutant,Pempty vector,69,1026,0.067251462,10mM
11,yoaI,mutant,Pempty vector,85,1011,0.084075173,10mM
11,yoaI,mutant,Pempty vector,70,1027,0.068159688,10mM
11,yoaI,mutant,Pempty vector,78,1069,0.072965388,10mM
11,yoaI,mutant,Pempty vector,88,1042,0.084452975,10mM
11,yoaI,mutant,Pempty vector,74,1153,0.064180399,10mM
11,yoaI,wild_type,Psmall protein,66,1460,0.045205479,10mM
11,yoaI,wild_type,Psmall protein,67,1239,0.054075868,10mM
11,yoaI,wild_type,Psmall protein,76,1099,0.069153776,10mM
11,yoaI,wild_type,Psmall protein,62,1102,0.056261343,10mM
11,yoaI,wild_type,Psmall protein,80,1145,0.069868996,10mM
11,yoaI,wild_type,Psmall protein,79,1187,0.066554339,10mM
11,yoaI,wild_type,Psmall protein,63,1099,0.057324841,10mM
11,yoaI,wild_type,Psmall protein,69,1366,0.050512445,10mM
11,yoaI,mutant,Psmall protein,58,836,0.06937799,10mM
11,yoaI,mutant,Psmall protein,84,766,0.109660574,10mM
11,yoaI,mutant,Psmall protein,70,720,0.097222222,10mM
11,yoaI,mutant,Psmall protein,61,744,0.081989247,10mM
11,yoaI,mutant,Psmall protein,67,754,0.088859416,10mM
11,yoaI,mutant,Psmall protein,67,728,0.092032967,10mM
11,yoaI,mutant,Psmall protein,63,730,0.08630137,10mM
11,yoaI,mutant,Psmall protein,55,808,0.068069307,10mM
11,yoaI,wild_type,Pempty vector,89,1262,0.070522979,low_mg
11,yoaI,wild_type,Pempty vector,70,1117,0.06266786,low_mg
11,yoaI,wild_type,Pempty vector,66,920,0.07173913,low_mg
11,yoaI,wild_type,Pempty vector,67,947,0.070749736,low_mg
11,yoaI,wild_type,Pempty vector,61,956,0.063807531,low_mg
11,yoaI,wild_type,Pempty vector,74,994,0.07444668,low_mg
11,yoaI,wild_type,Pempty vector,61,982,0.062118126,low_mg
11,yoaI,wild_type,Pempty vector,69,1079,0.0639481,low_mg
11,yoaI,mutant,Pempty vector,60,673,0.089153046,low_mg
11,yoaI,mutant,Pempty vector,60,679,0.088365243,low_mg
11,yoaI,mutant,Pempty vector,46,682,0.06744868,low_mg
11,yoaI,mutant,Pempty vector,70,667,0.104947526,low_mg
11,yoaI,mutant,Pempty vector,60,679,0.088365243,low_mg
11,yoaI,mutant,Pempty vector,54,663,0.081447964,low_mg
11,yoaI,mutant,Pempty vector,56,690,0.08115942,low_mg
11,yoaI,mutant,Pempty vector,57,731,0.077975376,low_mg
11,yoaI,wild_type,Psmall protein,63,1026,0.061403509,low_mg
11,yoaI,wild_type,Psmall protein,66,917,0.071973828,low_mg
11,yoaI,wild_type,Psmall protein,74,847,0.087367178,low_mg
11,yoaI,wild_type,Psmall protein,50,898,0.055679287,low_mg
11,yoaI,wild_type,Psmall protein,72,966,0.074534161,low_mg
11,yoaI,wild_type,Psmall protein,56,982,0.057026477,low_mg
11,yoaI,wild_type,Psmall protein,62,1120,0.055357143,low_mg
11,yoaI,wild_type,Psmall protein,74,1145,0.064628821,low_mg
11,yoaI,mutant,Psmall protein,63,586,0.107508532,low_mg
11,yoaI,mutant,Psmall protein,58,541,0.107208872,low_mg
11,yoaI,mutant,Psmall protein,57,499,0.114228457,low_mg
11,yoaI,mutant,Psmall protein,57,500,0.114,low_mg
11,yoaI,mutant,Psmall protein,63,523,0.120458891,low_mg
11,yoaI,mutant,Psmall protein,58,533,0.108818011,low_mg
11,yoaI,mutant,Psmall protein,63,564,0.111702128,low_mg
11,yoaI,mutant,Psmall protein,66,575,0.114782609,low_mg
12,yoaI,wild_type,Pempty vector,63,1360,0.046323529,10mM
12,yoaI,wild_type,Pempty vector,71,1225,0.057959184,10mM
12,yoaI,wild_type,Pempty vector,82,1076,0.076208178,10mM
12,yoaI,wild_type,Pempty vector,72,1038,0.069364162,10mM
12,yoaI,wild_type,Pempty vector,77,1079,0.071362373,10mM
12,yoaI,wild_type,Pempty vector,83,1123,0.073909172,10mM
12,yoaI,wild_type,Pempty vector,73,1069,0.06828812,10mM
12,yoaI,wild_type,Pempty vector,71,1218,0.058292282,10mM
12,yoaI,mutant,Pempty vector,67,1265,0.052964427,10mM
12,yoaI,mutant,Pempty vector,86,984,0.087398374,10mM
12,yoaI,mutant,Pempty vector,74,1082,0.068391867,10mM
12,yoaI,mutant,Pempty vector,81,1070,0.075700935,10mM
12,yoaI,mutant,Pempty vector,78,1062,0.073446328,10mM
12,yoaI,mutant,Pempty vector,74,1099,0.06733394,10mM
12,yoaI,mutant,Pempty vector,71,1082,0.065619224,10mM
12,yoaI,mutant,Pempty vector,74,1217,0.060805259,10mM
12,yoaI,wild_type,Psmall protein,74,1525,0.04852459,10mM
12,yoaI,wild_type,Psmall protein,80,1266,0.063191153,10mM
12,yoaI,wild_type,Psmall protein,72,1164,0.06185567,10mM
12,yoaI,wild_type,Psmall protein,70,1160,0.060344828,10mM
12,yoaI,wild_type,Psmall protein,64,1170,0.054700855,10mM
12,yoaI,wild_type,Psmall protein,74,1225,0.060408163,10mM
12,yoaI,wild_type,Psmall protein,63,1142,0.055166375,10mM
12,yoaI,wild_type,Psmall protein,84,1418,0.059238364,10mM
12,yoaI,mutant,Psmall protein,74,903,0.081949059,10mM
12,yoaI,mutant,Psmall protein,78,794,0.098236776,10mM
12,yoaI,mutant,Psmall protein,68,741,0.091767881,10mM
12,yoaI,mutant,Psmall protein,59,747,0.078982597,10mM
12,yoaI,mutant,Psmall protein,72,756,0.095238095,10mM
12,yoaI,mutant,Psmall protein,68,761,0.08935611,10mM
12,yoaI,mutant,Psmall protein,69,777,0.088803089,10mM
12,yoaI,mutant,Psmall protein,67,850,0.078823529,10mM
12,yoaI,wild_type,Pempty vector,81,1314,0.061643836,low_mg
12,yoaI,wild_type,Pempty vector,75,1162,0.06454389,low_mg
12,yoaI,wild_type,Pempty vector,69,940,0.073404255,low_mg
12,yoaI,wild_type,Pempty vector,65,961,0.067637877,low_mg
12,yoaI,wild_type,Pempty vector,63,963,0.065420561,low_mg
12,yoaI,wild_type,Pempty vector,77,1012,0.076086957,low_mg
12,yoaI,wild_type,Pempty vector,72,983,0.073245168,low_mg
12,yoaI,wild_type,Pempty vector,80,1087,0.073597056,low_mg
12,yoaI,mutant,Pempty vector,75,725,0.103448276,low_mg
12,yoaI,mutant,Pempty vector,64,727,0.088033012,low_mg
12,yoaI,mutant,Pempty vector,59,717,0.082287308,low_mg
12,yoaI,mutant,Pempty vector,57,719,0.079276773,low_mg
12,yoaI,mutant,Pempty vector,67,724,0.092541436,low_mg
12,yoaI,mutant,Pempty vector,54,711,0.075949367,low_mg
12,yoaI,mutant,Pempty vector,61,715,0.085314685,low_mg
12,yoaI,mutant,Pempty vector,59,762,0.077427822,low_mg
12,yoaI,wild_type,Psmall protein,58,1073,0.054054054,low_mg
12,yoaI,wild_type,Psmall protein,67,937,0.071504803,low_mg
12,yoaI,wild_type,Psmall protein,78,862,0.090487239,low_mg
12,yoaI,wild_type,Psmall protein,58,920,0.063043478,low_mg
12,yoaI,wild_type,Psmall protein,76,994,0.076458753,low_mg
12,yoaI,wild_type,Psmall protein,57,997,0.057171515,low_mg
12,yoaI,wild_type,Psmall protein,81,1153,0.070251518,low_mg
12,yoaI,wild_type,Psmall protein,75,1198,0.062604341,low_mg
12,yoaI,mutant,Psmall protein,60,616,0.097402597,low_mg
12,yoaI,mutant,Psmall protein,49,561,0.087344029,low_mg
12,yoaI,mutant,Psmall protein,48,528,0.090909091,low_mg
12,yoaI,mutant,Psmall protein,63,517,0.121856867,low_mg
12,yoaI,mutant,Psmall protein,55,553,0.099457505,low_mg
12,yoaI,mutant,Psmall protein,56,556,0.100719424,low_mg
12,yoaI,mutant,Psmall protein,54,571,0.094570928,low_mg
12,yoaI,mutant,Psmall protein,62,599,0.103505843,low_mg
13,yoaI,wild_type,Pempty vector,69,1383,0.04989154,10mM
13,yoaI,wild_type,Pempty vector,66,1246,0.052969502,10mM
13,yoaI,wild_type,Pempty vector,85,1110,0.076576577,10mM
13,yoaI,wild_type,Pempty vector,82,1097,0.074749316,10mM
13,yoaI,wild_type,Pempty vector,75,1126,0.06660746,10mM
13,yoaI,wild_type,Pempty vector,76,1149,0.066144473,10mM
13,yoaI,wild_type,Pempty vector,70,1107,0.063233966,10mM
13,yoaI,wild_type,Pempty vector,78,1278,0.061032864,10mM
13,yoaI,mutant,Pempty vector,88,1317,0.066818527,10mM
13,yoaI,mutant,Pempty vector,77,1019,0.075564279,10mM
13,yoaI,mutant,Pempty vector,61,1106,0.055153707,10mM
13,yoaI,mutant,Pempty vector,88,1098,0.080145719,10mM
13,yoaI,mutant,Pempty vector,72,1092,0.065934066,10mM
13,yoaI,mutant,Pempty vector,83,1137,0.07299912,10mM
13,yoaI,mutant,Pempty vector,86,1160,0.074137931,10mM
13,yoaI,mutant,Pempty vector,75,1296,0.05787037,10mM
13,yoaI,wild_type,Psmall protein,80,1589,0.05034613,10mM
13,yoaI,wild_type,Psmall protein,76,1300,0.058461538,10mM
13,yoaI,wild_type,Psmall protein,75,1206,0.062189055,10mM
13,yoaI,wild_type,Psmall protein,77,1213,0.063478978,10mM
13,yoaI,wild_type,Psmall protein,80,1204,0.066445183,10mM
13,yoaI,wild_type,Psmall protein,80,1245,0.064257028,10mM
13,yoaI,wild_type,Psmall protein,65,1200,0.054166667,10mM
13,yoaI,wild_type,Psmall protein,85,1473,0.057705363,10mM
13,yoaI,mutant,Psmall protein,72,966,0.074534161,10mM
13,yoaI,mutant,Psmall protein,89,812,0.109605911,10mM
13,yoaI,mutant,Psmall protein,73,777,0.093951094,10mM
13,yoaI,mutant,Psmall protein,80,782,0.10230179,10mM
13,yoaI,mutant,Psmall protein,66,785,0.084076433,10mM
13,yoaI,mutant,Psmall protein,75,797,0.094102886,10mM
13,yoaI,mutant,Psmall protein,74,815,0.090797546,10mM
13,yoaI,mutant,Psmall protein,78,892,0.087443946,10mM
13,yoaI,wild_type,Pempty vector,69,1311,0.052631579,low_mg
13,yoaI,wild_type,Pempty vector,67,1169,0.057313944,low_mg
13,yoaI,wild_type,Pempty vector,78,967,0.080661841,low_mg
13,yoaI,wild_type,Pempty vector,79,996,0.079317269,low_mg
13,yoaI,wild_type,Pempty vector,77,1001,0.076923077,low_mg
13,yoaI,wild_type,Pempty vector,85,1027,0.082765336,low_mg
13,yoaI,wild_type,Pempty vector,68,957,0.071055381,low_mg
13,yoaI,wild_type,Pempty vector,69,1047,0.065902579,low_mg
13,yoaI,mutant,Pempty vector,50,747,0.066934404,low_mg
13,yoaI,mutant,Pempty vector,68,765,0.088888889,low_mg
13,yoaI,mutant,Pempty vector,67,768,0.087239583,low_mg
13,yoaI,mutant,Pempty vector,61,764,0.079842932,low_mg
13,yoaI,mutant,Pempty vector,66,756,0.087301587,low_mg
13,yoaI,mutant,Pempty vector,70,755,0.092715232,low_mg
13,yoaI,mutant,Pempty vector,67,743,0.090174966,low_mg
13,yoaI,mutant,Pempty vector,67,805,0.083229814,low_mg
13,yoaI,wild_type,Psmall protein,60,1113,0.053908356,low_mg
13,yoaI,wild_type,Psmall protein,77,952,0.080882353,low_mg
13,yoaI,wild_type,Psmall protein,72,875,0.082285714,low_mg
13,yoaI,wild_type,Psmall protein,59,929,0.06350915,low_mg
13,yoaI,wild_type,Psmall protein,69,1021,0.067580803,low_mg
13,yoaI,wild_type,Psmall protein,77,1011,0.076162216,low_mg
13,yoaI,wild_type,Psmall protein,67,1171,0.057216055,low_mg
13,yoaI,wild_type,Psmall protein,79,1219,0.064807219,low_mg
13,yoaI,mutant,Psmall protein,65,641,0.101404056,low_mg
13,yoaI,mutant,Psmall protein,63,586,0.107508532,low_mg
13,yoaI,mutant,Psmall protein,54,539,0.100185529,low_mg
13,yoaI,mutant,Psmall protein,57,536,0.106343284,low_mg
13,yoaI,mutant,Psmall protein,62,572,0.108391608,low_mg
13,yoaI,mutant,Psmall protein,55,580,0.094827586,low_mg
13,yoaI,mutant,Psmall protein,66,592,0.111486486,low_mg
13,yoaI,mutant,Psmall protein,64,626,0.102236422,low_mg
14,yoaI,wild_type,Pempty vector,62,1441,0.043025677,10mM
14,yoaI,wild_type,Pempty vector,77,1278,0.060250391,10mM
14,yoaI,wild_type,Pempty vector,85,1150,0.073913043,10mM
14,yoaI,wild_type,Pempty vector,80,1141,0.070113935,10mM
14,yoaI,wild_type,Pempty vector,75,1163,0.064488392,10mM
14,yoaI,wild_type,Pempty vector,94,1175,0.08,10mM
14,yoaI,wild_type,Pempty vector,73,1157,0.063094209,10mM
14,yoaI,wild_type,Pempty vector,76,1347,0.056421678,10mM
14,yoaI,mutant,Pempty vector,65,1410,0.046099291,10mM
14,yoaI,mutant,Pempty vector,63,1047,0.06017192,10mM
14,yoaI,mutant,Pempty vector,64,1147,0.055797733,10mM
14,yoaI,mutant,Pempty vector,80,1133,0.070609003,10mM
14,yoaI,mutant,Pempty vector,70,1130,0.061946903,10mM
14,yoaI,mutant,Pempty vector,76,1169,0.065012831,10mM
14,yoaI,mutant,Pempty vector,73,1221,0.05978706,10mM
14,yoaI,mutant,Pempty vector,85,1368,0.062134503,10mM
14,yoaI,wild_type,Psmall protein,81,1636,0.049511002,10mM
14,yoaI,wild_type,Psmall protein,88,1322,0.066565809,10mM
14,yoaI,wild_type,Psmall protein,72,1228,0.058631922,10mM
14,yoaI,wild_type,Psmall protein,65,1276,0.050940439,10mM
14,yoaI,wild_type,Psmall protein,70,1225,0.057142857,10mM
14,yoaI,wild_type,Psmall protein,66,1281,0.051522248,10mM
14,yoaI,wild_type,Psmall protein,79,1272,0.062106918,10mM
14,yoaI,wild_type,Psmall protein,84,1586,0.05296343,10mM
14,yoaI,mutant,Psmall protein,69,1028,0.067120623,10mM
14,yoaI,mutant,Psmall protein,70,843,0.083036773,10mM
14,yoaI,mutant,Psmall protein,69,797,0.086574655,10mM
14,yoaI,mutant,Psmall protein,65,830,0.078313253,10mM
14,yoaI,mutant,Psmall protein,73,828,0.088164251,10mM
14,yoaI,mutant,Psmall protein,87,822,0.105839416,10mM
14,yoaI,mutant,Psmall protein,73,857,0.085180863,10mM
14,yoaI,mutant,Psmall protein,73,966,0.075569358,10mM
14,yoaI,wild_type,Pempty vector,115,1386,0.082972583,low_mg
14,yoaI,wild_type,Pempty vector,82,1167,0.070265638,low_mg
14,yoaI,wild_type,Pempty vector,74,935,0.079144385,low_mg
14,yoaI,wild_type,Pempty vector,74,999,0.074074074,low_mg
14,yoaI,wild_type,Pempty vector,70,1009,0.069375619,low_mg
14,yoaI,wild_type,Pempty vector,85,1059,0.0802644,low_mg
14,yoaI,wild_type,Pempty vector,86,988,0.087044534,low_mg
14,yoaI,wild_type,Pempty vector,76,1048,0.072519084,low_mg
14,yoaI,mutant,Pempty vector,56,792,0.070707071,low_mg
14,yoaI,mutant,Pempty vector,64,816,0.078431373,low_mg
14,yoaI,mutant,Pempty vector,60,804,0.074626866,low_mg
14,yoaI,mutant,Pempty vector,69,803,0.085927771,low_mg
14,yoaI,mutant,Pempty vector,66,822,0.080291971,low_mg
14,yoaI,mutant,Pempty vector,45,799,0.056320401,low_mg
14,yoaI,mutant,Pempty vector,71,785,0.09044586,low_mg
14,yoaI,mutant,Pempty vector,78,852,0.091549296,low_mg
14,yoaI,wild_type,Psmall protein,94,1137,0.082673703,low_mg
14,yoaI,wild_type,Psmall protein,67,988,0.067813765,low_mg
14,yoaI,wild_type,Psmall protein,71,910,0.078021978,low_mg
14,yoaI,wild_type,Psmall protein,64,957,0.066875653,low_mg
14,yoaI,wild_type,Psmall protein,78,1042,0.074856046,low_mg
14,yoaI,wild_type,Psmall protein,84,1038,0.080924855,low_mg
14,yoaI,wild_type,Psmall protein,75,1212,0.061881188,low_mg
14,yoaI,wild_type,Psmall protein,75,1255,0.059760956,low_mg
14,yoaI,mutant,Psmall protein,73,674,0.108308605,low_mg
14,yoaI,mutant,Psmall protein,66,629,0.104928458,low_mg
14,yoaI,mutant,Psmall protein,52,573,0.090750436,low_mg
14,yoaI,mutant,Psmall protein,58,574,0.101045296,low_mg
14,yoaI,mutant,Psmall protein,69,613,0.112561175,low_mg
14,yoaI,mutant,Psmall protein,71,620,0.114516129,low_mg
14,yoaI,mutant,Psmall protein,66,627,0.105263158,low_mg
14,yoaI,mutant,Psmall protein,59,661,0.089258699,low_mg
15,yoaI,wild_type,Pempty vector,95,1477,0.064319567,10mM
15,yoaI,wild_type,Pempty vector,82,1311,0.062547674,10mM
15,yoaI,wild_type,Pempty vector,68,1203,0.056525353,10mM
15,yoaI,wild_type,Pempty vector,87,1190,0.073109244,10mM
15,yoaI,wild_type,Pempty vector,85,1193,0.071248952,10mM
15,yoaI,wild_type,Pempty vector,93,1248,0.074519231,10mM
15,yoaI,wild_type,Pempty vector,84,1214,0.069192751,10mM
15,yoaI,wild_type,Pempty vector,83,1406,0.059032717,10mM
15,yoaI,mutant,Pempty vector,79,1466,0.053888131,10mM
15,yoaI,mutant,Pempty vector,77,1074,0.0716946,10mM
15,yoaI,mutant,Pempty vector,81,1194,0.067839196,10mM
15,yoaI,mutant,Pempty vector,56,1206,0.046434494,10mM
15,yoaI,mutant,Pempty vector,69,1175,0.058723404,10mM
15,yoaI,mutant,Pempty vector,68,1197,0.056808688,10mM
15,yoaI,mutant,Pempty vector,88,1265,0.069565217,10mM
15,yoaI,mutant,Pempty vector,79,1410,0.056028369,10mM
15,yoaI,wild_type,Psmall protein,81,1697,0.047731291,10mM
15,yoaI,wild_type,Psmall protein,50,1338,0.037369208,10mM
15,yoaI,wild_type,Psmall protein,67,1271,0.052714398,10mM
15,yoaI,wild_type,Psmall protein,81,1332,0.060810811,10mM
15,yoaI,wild_type,Psmall protein,78,1242,0.062801932,10mM
15,yoaI,wild_type,Psmall protein,65,1275,0.050980392,10mM
15,yoaI,wild_type,Psmall protein,63,1357,0.04642594,10mM
15,yoaI,wild_type,Psmall protein,95,1716,0.055361305,10mM
15,yoaI,mutant,Psmall protein,91,1078,0.084415584,10mM
15,yoaI,mutant,Psmall protein,80,893,0.089585666,10mM
15,yoaI,mutant,Psmall protein,77,841,0.091557669,10mM
15,yoaI,mutant,Psmall protein,59,836,0.070574163,10mM
15,yoaI,mutant,Psmall protein,82,869,0.094361335,10mM
15,yoaI,mutant,Psmall protein,71,872,0.081422018,10mM
15,yoaI,mutant,Psmall protein,79,880,0.089772727,10mM
15,yoaI,mutant,Psmall protein,77,1018,0.075638507,10mM
15,yoaI,wild_type,Pempty vector,98,1436,0.068245125,low_mg
15,yoaI,wild_type,Pempty vector,87,1212,0.071782178,low_mg
15,yoaI,wild_type,Pempty vector,83,990,0.083838384,low_mg
15,yoaI,wild_type,Pempty vector,71,1018,0.069744597,low_mg
15,yoaI,wild_type,Pempty vector,65,1011,0.064292779,low_mg
15,yoaI,wild_type,Pempty vector,93,1074,0.086592179,low_mg
15,yoaI,wild_type,Pempty vector,82,1043,0.078619367,low_mg
15,yoaI,wild_type,Pempty vector,69,1067,0.064667291,low_mg
15,yoaI,mutant,Pempty vector,62,844,0.073459716,low_mg
15,yoaI,mutant,Pempty vector,60,861,0.069686411,low_mg
15,yoaI,mutant,Pempty vector,63,853,0.073856975,low_mg
15,yoaI,mutant,Pempty vector,67,842,0.079572447,low_mg
15,yoaI,mutant,Pempty vector,66,837,0.078853047,low_mg
15,yoaI,mutant,Pempty vector,68,852,0.079812207,low_mg
15,yoaI,mutant,Pempty vector,69,822,0.083941606,low_mg
15,yoaI,mutant,Pempty vector,67,901,0.07436182,low_mg
15,yoaI,wild_type,Psmall protein,86,1164,0.073883162,low_mg
15,yoaI,wild_type,Psmall protein,74,1010,0.073267327,low_mg
15,yoaI,wild_type,Psmall protein,65,935,0.069518717,low_mg
15,yoaI,wild_type,Psmall protein,69,974,0.070841889,low_mg
15,yoaI,wild_type,Psmall protein,70,1068,0.065543071,low_mg
15,yoaI,wild_type,Psmall protein,87,1066,0.081613508,low_mg
15,yoaI,wild_type,Psmall protein,80,1247,0.06415397,low_mg
15,yoaI,wild_type,Psmall protein,78,1286,0.060653188,low_mg
15,yoaI,mutant,Psmall protein,75,714,0.105042017,low_mg
15,yoaI,mutant,Psmall protein,65,661,0.098335855,low_mg
15,yoaI,mutant,Psmall protein,75,606,0.123762376,low_mg
15,yoaI,mutant,Psmall protein,61,595,0.102521008,low_mg
15,yoaI,mutant,Psmall protein,69,632,0.109177215,low_mg
15,yoaI,mutant,Psmall protein,66,643,0.102643857,low_mg
15,yoaI,mutant,Psmall protein,81,670,0.120895522,low_mg
15,yoaI,mutant,Psmall protein,68,690,0.098550725,low_mg
16,yoaI,wild_type,Pempty vector,65,1578,0.041191381,10mM
16,yoaI,wild_type,Pempty vector,89,1346,0.066121842,10mM
16,yoaI,wild_type,Pempty vector,57,1229,0.04637917,10mM
16,yoaI,wild_type,Pempty vector,86,1231,0.069861901,10mM
16,yoaI,wild_type,Pempty vector,94,1234,0.076175041,10mM
16,yoaI,wild_type,Pempty vector,72,1255,0.057370518,10mM
16,yoaI,wild_type,Pempty vector,77,1238,0.062197092,10mM
16,yoaI,wild_type,Pempty vector,81,1466,0.055252387,10mM
16,yoaI,mutant,Pempty vector,79,1513,0.052214144,10mM
16,yoaI,mutant,Pempty vector,88,1129,0.077945084,10mM
16,yoaI,mutant,Pempty vector,87,1214,0.071663921,10mM
16,yoaI,mutant,Pempty vector,95,1221,0.077805078,10mM
16,yoaI,mutant,Pempty vector,71,1188,0.05976431,10mM
16,yoaI,mutant,Pempty vector,89,1234,0.072123177,10mM
16,yoaI,mutant,Pempty vector,96,1287,0.074592075,10mM
16,yoaI,mutant,Pempty vector,93,1475,0.063050847,10mM
16,yoaI,wild_type,Psmall protein,92,1743,0.052782559,10mM
16,yoaI,wild_type,Psmall protein,83,1380,0.060144928,10mM
16,yoaI,wild_type,Psmall protein,68,1276,0.053291536,10mM
16,yoaI,wild_type,Psmall protein,71,1377,0.051561365,10mM
16,yoaI,wild_type,Psmall protein,78,1259,0.061953932,10mM
16,yoaI,wild_type,Psmall protein,75,1306,0.057427259,10mM
16,yoaI,wild_type,Psmall protein,75,1425,0.052631579,10mM
16,yoaI,wild_type,Psmall protein,85,1840,0.046195652,10mM
16,yoaI,mutant,Psmall protein,68,1118,0.060822898,10mM
16,yoaI,mutant,Psmall protein,91,913,0.099671413,10mM
16,yoaI,mutant,Psmall protein,74,861,0.085946574,10mM
16,yoaI,mutant,Psmall protein,67,881,0.076049943,10mM
16,yoaI,mutant,Psmall protein,76,877,0.086659065,10mM
16,yoaI,mutant,Psmall protein,65,886,0.073363431,10mM
16,yoaI,mutant,Psmall protein,78,919,0.084874864,10mM
16,yoaI,mutant,Psmall protein,83,1056,0.078598485,10mM
16,yoaI,wild_type,Pempty vector,109,1468,0.074250681,low_mg
16,yoaI,wild_type,Pempty vector,83,1246,0.066613162,low_mg
16,yoaI,wild_type,Pempty vector,68,982,0.069246436,low_mg
16,yoaI,wild_type,Pempty vector,81,1032,0.078488372,low_mg
16,yoaI,wild_type,Pempty vector,74,1052,0.070342205,low_mg
16,yoaI,wild_type,Pempty vector,75,1095,0.068493151,low_mg
16,yoaI,wild_type,Pempty vector,73,1034,0.070599613,low_mg
16,yoaI,wild_type,Pempty vector,80,1103,0.072529465,low_mg
16,yoaI,mutant,Pempty vector,63,902,0.069844789,low_mg
16,yoaI,mutant,Pempty vector,68,913,0.074479737,low_mg
16,yoaI,mutant,Pempty vector,61,901,0.067702553,low_mg
16,yoaI,mutant,Pempty vector,70,872,0.080275229,low_mg
16,yoaI,mutant,Pempty vector,72,907,0.07938258,low_mg
16,yoaI,mutant,Pempty vector,76,877,0.086659065,low_mg
16,yoaI,mutant,Pempty vector,81,849,0.09540636,low_mg
16,yoaI,mutant,Pempty vector,58,980,0.059183673,low_mg
16,yoaI,wild_type,Psmall protein,80,1195,0.066945607,low_mg
16,yoaI,wild_type,Psmall protein,87,1045,0.083253589,low_mg
16,yoaI,wild_type,Psmall protein,69,952,0.072478992,low_mg
16,yoaI,wild_type,Psmall protein,60,1005,0.059701493,low_mg
16,yoaI,wild_type,Psmall protein,75,1120,0.066964286,low_mg
16,yoaI,wild_type,Psmall protein,77,1079,0.071362373,low_mg
16,yoaI,wild_type,Psmall protein,81,1287,0.062937063,low_mg
16,yoaI,wild_type,Psmall protein,85,1328,0.064006024,low_mg
16,yoaI,mutant,Psmall protein,77,740,0.104054054,low_mg
16,yoaI,mutant,Psmall protein,53,710,0.074647887,low_mg
16,yoaI,mutant,Psmall protein,67,628,0.106687898,low_mg
16,yoaI,mutant,Psmall protein,70,638,0.109717868,low_mg
16,yoaI,mutant,Psmall protein,65,664,0.097891566,low_mg
16,yoaI,mutant,Psmall protein,66,681,0.0969163,low_mg
16,yoaI,mutant,Psmall protein,72,687,0.104803493,low_mg
16,yoaI,mutant,Psmall protein,73,736,0.099184783,low_mg
17,yoaI,wild_type,Pempty vector,105,1677,0.062611807,10mM
17,yoaI,wild_type,Pempty vector,105,1391,0.075485262,10mM
17,yoaI,wild_type,Pempty vector,84,1267,0.066298343,10mM
17,yoaI,wild_type,Pempty vector,81,1260,0.064285714,10mM
17,yoaI,wild_type,Pempty vector,91,1285,0.070817121,10mM
17,yoaI,wild_type,Pempty vector,95,1302,0.07296467,10mM
17,yoaI,wild_type,Pempty vector,80,1271,0.062942565,10mM
17,yoaI,wild_type,Pempty vector,87,1549,0.056165268,10mM
17,yoaI,mutant,Pempty vector,78,1573,0.049586777,10mM
17,yoaI,mutant,Pempty vector,80,1183,0.067624683,10mM
17,yoaI,mutant,Pempty vector,88,1259,0.069896743,10mM
17,yoaI,mutant,Pempty vector,106,1268,0.083596215,10mM
17,yoaI,mutant,Pempty vector,68,1229,0.055329536,10mM
17,yoaI,mutant,Pempty vector,90,1294,0.069551777,10mM
17,yoaI,mutant,Pempty vector,82,1333,0.061515379,10mM
17,yoaI,mutant,Pempty vector,92,1539,0.059779077,10mM
17,yoaI,wild_type,Psmall protein,72,1783,0.04038138,10mM
17,yoaI,wild_type,Psmall protein,74,1408,0.052556818,10mM
17,yoaI,wild_type,Psmall protein,82,1289,0.063615206,10mM
17,yoaI,wild_type,Psmall protein,72,1414,0.050919378,10mM
17,yoaI,wild_type,Psmall protein,76,1289,0.058960434,10mM
17,yoaI,wild_type,Psmall protein,75,1329,0.056433409,10mM
17,yoaI,wild_type,Psmall protein,81,1511,0.053606883,10mM
17,yoaI,wild_type,Psmall protein,99,1949,0.05079528,10mM
17,yoaI,mutant,Psmall protein,87,1151,0.075586447,10mM
17,yoaI,mutant,Psmall protein,82,956,0.085774059,10mM
17,yoaI,mutant,Psmall protein,76,899,0.084538376,10mM
17,yoaI,mutant,Psmall protein,74,912,0.081140351,10mM
17,yoaI,mutant,Psmall protein,80,915,0.087431694,10mM
17,yoaI,mutant,Psmall protein,74,914,0.080962801,10mM
17,yoaI,mutant,Psmall protein,80,955,0.083769634,10mM
17,yoaI,mutant,Psmall protein,74,1103,0.067089755,10mM
17,yoaI,wild_type,Pempty vector,115,1522,0.075558476,low_mg
17,yoaI,wild_type,Pempty vector,85,1315,0.064638783,low_mg
17,yoaI,wild_type,Pempty vector,71,1026,0.06920078,low_mg
17,yoaI,wild_type,Pempty vector,73,1060,0.068867925,low_mg
17,yoaI,wild_type,Pempty vector,76,1088,0.069852941,low_mg
17,yoaI,wild_type,Pempty vector,88,1139,0.077260755,low_mg
17,yoaI,wild_type,Pempty vector,90,1043,0.086289549,low_mg
17,yoaI,wild_type,Pempty vector,74,1149,0.064403829,low_mg
17,yoaI,mutant,Pempty vector,87,958,0.090814196,low_mg
17,yoaI,mutant,Pempty vector,76,964,0.078838174,low_mg
17,yoaI,mutant,Pempty vector,82,952,0.086134454,low_mg
17,yoaI,mutant,Pempty vector,69,921,0.074918567,low_mg
17,yoaI,mutant,Pempty vector,81,949,0.085353003,low_mg
17,yoaI,mutant,Pempty vector,65,936,0.069444444,low_mg
17,yoaI,mutant,Pempty vector,71,905,0.078453039,low_mg
17,yoaI,mutant,Pempty vector,74,1013,0.073050346,low_mg
17,yoaI,wild_type,Psmall protein,84,1228,0.068403909,low_mg
17,yoaI,wild_type,Psmall protein,77,1083,0.0710988,low_mg
17,yoaI,wild_type,Psmall protein,74,966,0.076604555,low_mg
17,yoaI,wild_type,Psmall protein,66,1029,0.064139942,low_mg
17,yoaI,wild_type,Psmall protein,85,1146,0.07417103,low_mg
17,yoaI,wild_type,Psmall protein,84,1113,0.075471698,low_mg
17,yoaI,wild_type,Psmall protein,88,1320,0.066666667,low_mg
17,yoaI,wild_type,Psmall protein,85,1361,0.062454078,low_mg
17,yoaI,mutant,Psmall protein,77,803,0.095890411,low_mg
17,yoaI,mutant,Psmall protein,72,728,0.098901099,low_mg
17,yoaI,mutant,Psmall protein,55,662,0.083081571,low_mg
17,yoaI,mutant,Psmall protein,66,655,0.100763359,low_mg
17,yoaI,mutant,Psmall protein,72,685,0.105109489,low_mg
17,yoaI,mutant,Psmall protein,61,711,0.085794655,low_mg
17,yoaI,mutant,Psmall protein,81,733,0.110504775,low_mg
17,yoaI,mutant,Psmall protein,74,781,0.09475032,low_mg
18,yoaI,wild_type,Pempty vector,94,1743,0.053930006,10mM
18,yoaI,wild_type,Pempty vector,97,1451,0.066850448,10mM
18,yoaI,wild_type,Pempty vector,91,1283,0.070927514,10mM
18,yoaI,wild_type,Pempty vector,85,1306,0.065084227,10mM
18,yoaI,wild_type,Pempty vector,85,1318,0.064491654,10mM
18,yoaI,wild_type,Pempty vector,81,1317,0.061503417,10mM
18,yoaI,wild_type,Pempty vector,84,1320,0.063636364,10mM
18,yoaI,wild_type,Pempty vector,87,1607,0.054138146,10mM
18,yoaI,mutant,Pempty vector,87,1616,0.053836634,10mM
18,yoaI,mutant,Pempty vector,87,1188,0.073232323,10mM
18,yoaI,mutant,Pempty vector,77,1296,0.05941358,10mM
18,yoaI,mutant,Pempty vector,82,1276,0.064263323,10mM
18,yoaI,mutant,Pempty vector,81,1265,0.064031621,10mM
18,yoaI,mutant,Pempty vector,89,1310,0.067938931,10mM
18,yoaI,mutant,Pempty vector,90,1369,0.065741417,10mM
18,yoaI,mutant,Pempty vector,92,1599,0.05753596,10mM
18,yoaI,wild_type,Psmall protein,85,1799,0.047248471,10mM
18,yoaI,wild_type,Psmall protein,91,1426,0.063814867,10mM
18,yoaI,wild_type,Psmall protein,81,1320,0.061363636,10mM
18,yoaI,wild_type,Psmall protein,77,1459,0.052775874,10mM
18,yoaI,wild_type,Psmall protein,78,1293,0.060324826,10mM
18,yoaI,wild_type,Psmall protein,65,1331,0.048835462,10mM
18,yoaI,wild_type,Psmall protein,70,1597,0.043832185,10mM
18,yoaI,wild_type,Psmall protein,97,2042,0.047502449,10mM
18,yoaI,mutant,Psmall protein,87,1196,0.072742475,10mM
18,yoaI,mutant,Psmall protein,75,982,0.076374745,10mM
18,yoaI,mutant,Psmall protein,78,923,0.084507042,10mM
18,yoaI,mutant,Psmall protein,65,952,0.068277311,10mM
18,yoaI,mutant,Psmall protein,86,952,0.090336134,10mM
18,yoaI,mutant,Psmall protein,83,952,0.087184874,10mM
18,yoaI,mutant,Psmall protein,87,995,0.087437186,10mM
18,yoaI,mutant,Psmall protein,85,1134,0.074955908,10mM
18,yoaI,wild_type,Pempty vector,109,1570,0.069426752,low_mg
18,yoaI,wild_type,Pempty vector,85,1367,0.062179956,low_mg
18,yoaI,wild_type,Pempty vector,82,1044,0.078544061,low_mg
18,yoaI,wild_type,Pempty vector,82,1095,0.074885845,low_mg
18,yoaI,wild_type,Pempty vector,85,1100,0.077272727,low_mg
18,yoaI,wild_type,Pempty vector,94,1175,0.08,low_mg
18,yoaI,wild_type,Pempty vector,81,1083,0.074792244,low_mg
18,yoaI,wild_type,Pempty vector,84,1183,0.071005917,low_mg
18,yoaI,mutant,Pempty vector,80,1051,0.076117983,low_mg
18,yoaI,mutant,Pempty vector,83,1032,0.080426357,low_mg
18,yoaI,mutant,Pempty vector,68,988,0.068825911,low_mg
18,yoaI,mutant,Pempty vector,76,973,0.078108941,low_mg
18,yoaI,mutant,Pempty vector,74,991,0.074672048,low_mg
18,yoaI,mutant,Pempty vector,70,987,0.070921986,low_mg
18,yoaI,mutant,Pempty vector,70,956,0.073221757,low_mg
18,yoaI,mutant,Pempty vector,66,1060,0.062264151,low_mg
18,yoaI,wild_type,Psmall protein,64,1250,0.0512,low_mg
18,yoaI,wild_type,Psmall protein,75,1125,0.066666667,low_mg
18,yoaI,wild_type,Psmall protein,75,987,0.075987842,low_mg
18,yoaI,wild_type,Psmall protein,61,1068,0.057116105,low_mg
18,yoaI,wild_type,Psmall protein,75,1167,0.064267352,low_mg
18,yoaI,wild_type,Psmall protein,75,1128,0.066489362,low_mg
18,yoaI,wild_type,Psmall protein,94,1351,0.06957809,low_mg
18,yoaI,wild_type,Psmall protein,89,1408,0.063210227,low_mg
18,yoaI,mutant,Psmall protein,77,856,0.089953271,low_mg
18,yoaI,mutant,Psmall protein,69,783,0.088122605,low_mg
18,yoaI,mutant,Psmall protein,62,705,0.087943262,low_mg
18,yoaI,mutant,Psmall protein,66,690,0.095652174,low_mg
18,yoaI,mutant,Psmall protein,79,719,0.109874826,low_mg
18,yoaI,mutant,Psmall protein,80,755,0.105960265,low_mg
18,yoaI,mutant,Psmall protein,76,764,0.09947644,low_mg
18,yoaI,mutant,Psmall protein,74,816,0.090686275,low_mg
19,yoaI,wild_type,Pempty vector,101,1820,0.055494505,10mM
19,yoaI,wild_type,Pempty vector,102,1529,0.066710268,10mM
19,yoaI,wild_type,Pempty vector,83,1327,0.062547099,10mM
19,yoaI,wild_type,Pempty vector,87,1338,0.065022422,10mM
19,yoaI,wild_type,Pempty vector,99,1353,0.073170732,10mM
19,yoaI,wild_type,Pempty vector,94,1369,0.068663258,10mM
19,yoaI,wild_type,Pempty vector,91,1364,0.066715543,10mM
19,yoaI,wild_type,Pempty vector,92,1663,0.055321708,10mM
19,yoaI,mutant,Pempty vector,87,1660,0.052409639,10mM
19,yoaI,mutant,Pempty vector,97,1201,0.080766028,10mM
19,yoaI,mutant,Pempty vector,79,1328,0.059487952,10mM
19,yoaI,mutant,Pempty vector,102,1298,0.078582435,10mM
19,yoaI,mutant,Pempty vector,106,1300,0.081538462,10mM
19,yoaI,mutant,Pempty vector,95,1346,0.070579495,10mM
19,yoaI,mutant,Pempty vector,92,1418,0.064880113,10mM
19,yoaI,mutant,Pempty vector,94,1648,0.057038835,10mM
19,yoaI,wild_type,Psmall protein,95,1851,0.051323609,10mM
19,yoaI,wild_type,Psmall protein,78,1419,0.054968288,10mM
19,yoaI,wild_type,Psmall protein,81,1344,0.060267857,10mM
19,yoaI,wild_type,Psmall protein,78,1492,0.05227882,10mM
19,yoaI,wild_type,Psmall protein,79,1298,0.060862866,10mM
19,yoaI,wild_type,Psmall protein,80,1312,0.06097561,10mM
19,yoaI,wild_type,Psmall protein,65,1696,0.038325472,10mM
19,yoaI,wild_type,Psmall protein,90,2121,0.042432815,10mM
19,yoaI,mutant,Psmall protein,97,1199,0.080900751,10mM
19,yoaI,mutant,Psmall protein,94,993,0.094662638,10mM
19,yoaI,mutant,Psmall protein,85,950,0.089473684,10mM
19,yoaI,mutant,Psmall protein,80,965,0.082901554,10mM
19,yoaI,mutant,Psmall protein,78,991,0.078708375,10mM
19,yoaI,mutant,Psmall protein,86,991,0.086781029,10mM
19,yoaI,mutant,Psmall protein,80,1006,0.079522863,10mM
19,yoaI,mutant,Psmall protein,89,1178,0.075551783,10mM
19,yoaI,wild_type,Pempty vector,101,1601,0.063085572,low_mg
19,yoaI,wild_type,Pempty vector,87,1344,0.064732143,low_mg
19,yoaI,wild_type,Pempty vector,87,1054,0.082542694,low_mg
19,yoaI,wild_type,Pempty vector,81,1132,0.07155477,low_mg
19,yoaI,wild_type,Pempty vector,101,1144,0.088286713,low_mg
19,yoaI,wild_type,Pempty vector,90,1198,0.075125209,low_mg
19,yoaI,wild_type,Pempty vector,75,1111,0.067506751,low_mg
19,yoaI,wild_type,Pempty vector,80,1196,0.066889632,low_mg
19,yoaI,mutant,Pempty vector,92,1126,0.081705151,low_mg
19,yoaI,mutant,Pempty vector,63,1103,0.057116954,low_mg
19,yoaI,mutant,Pempty vector,83,1030,0.080582524,low_mg
19,yoaI,mutant,Pempty vector,76,1018,0.074656189,low_mg
19,yoaI,mutant,Pempty vector,75,1037,0.072324012,low_mg
19,yoaI,mutant,Pempty vector,78,1016,0.076771654,low_mg
19,yoaI,mutant,Pempty vector,71,994,0.071428571,low_mg
19,yoaI,mutant,Pempty vector,70,1121,0.062444246,low_mg
19,yoaI,wild_type,Psmall protein,86,1263,0.068091845,low_mg
19,yoaI,wild_type,Psmall protein,73,1103,0.066183137,low_mg
19,yoaI,wild_type,Psmall protein,76,1010,0.075247525,low_mg
19,yoaI,wild_type,Psmall protein,71,1091,0.06507791,low_mg
19,yoaI,wild_type,Psmall protein,72,1160,0.062068966,low_mg
19,yoaI,wild_type,Psmall protein,68,1168,0.058219178,low_mg
19,yoaI,wild_type,Psmall protein,79,1383,0.057122198,low_mg
19,yoaI,wild_type,Psmall protein,87,1449,0.060041408,low_mg
19,yoaI,mutant,Psmall protein,81,894,0.090604027,low_mg
19,yoaI,mutant,Psmall protein,65,818,0.079462103,low_mg
19,yoaI,mutant,Psmall protein,62,736,0.08423913,low_mg
19,yoaI,mutant,Psmall protein,73,728,0.100274725,low_mg
19,yoaI,mutant,Psmall protein,63,761,0.082785808,low_mg
19,yoaI,mutant,Psmall protein,72,774,0.093023256,low_mg
19,yoaI,mutant,Psmall protein,62,810,0.07654321,low_mg
19,yoaI,mutant,Psmall protein,78,852,0.091549296,low_mg
20,yoaI,wild_type,Pempty vector,98,1894,0.051742344,10mM
20,yoaI,wild_type,Pempty vector,101,1587,0.063642092,10mM
20,yoaI,wild_type,Pempty vector,94,1349,0.069681245,10mM
20,yoaI,wild_type,Pempty vector,100,1373,0.072833212,10mM
20,yoaI,wild_type,Pempty vector,87,1394,0.06241033,10mM
20,yoaI,wild_type,Pempty vector,75,1397,0.053686471,10mM
20,yoaI,wild_type,Pempty vector,96,1368,0.070175439,10mM
20,yoaI,wild_type,Pempty vector,97,1726,0.056199305,10mM
20,yoaI,mutant,Pempty vector,88,1709,0.051492101,10mM
20,yoaI,mutant,Pempty vector,95,1231,0.07717303,10mM
20,yoaI,mutant,Pempty vector,83,1350,0.061481481,10mM
20,yoaI,mutant,Pempty vector,98,1352,0.072485207,10mM
20,yoaI,mutant,Pempty vector,90,1342,0.067064083,10mM
20,yoaI,mutant,Pempty vector,92,1377,0.06681191,10mM
20,yoaI,mutant,Pempty vector,83,1489,0.055742109,10mM
20,yoaI,mutant,Pempty vector,100,1687,0.059276823,10mM
20,yoaI,wild_type,Psmall protein,85,1885,0.045092838,10mM
20,yoaI,wild_type,Psmall protein,75,1452,0.051652893,10mM
20,yoaI,wild_type,Psmall protein,72,1328,0.054216867,10mM
20,yoaI,wild_type,Psmall protein,89,1530,0.058169935,10mM
20,yoaI,wild_type,Psmall protein,84,1302,0.064516129,10mM
20,yoaI,wild_type,Psmall protein,99,1306,0.075803982,10mM
20,yoaI,wild_type,Psmall protein,72,1750,0.041142857,10mM
20,yoaI,wild_type,Psmall protein,108,2172,0.049723757,10mM
20,yoaI,mutant,Psmall protein,98,1246,0.078651685,10mM
20,yoaI,mutant,Psmall protein,81,1034,0.078336557,10mM
20,yoaI,mutant,Psmall protein,84,968,0.08677686,10mM
20,yoaI,mutant,Psmall protein,69,1027,0.067185979,10mM
20,yoaI,mutant,Psmall protein,85,1015,0.083743842,10mM
20,yoaI,mutant,Psmall protein,76,1008,0.075396825,10mM
20,yoaI,mutant,Psmall protein,87,1064,0.081766917,10mM
20,yoaI,mutant,Psmall protein,95,1211,0.078447564,10mM
20,yoaI,wild_type,Pempty vector,124,1687,0.07350326,low_mg
20,yoaI,wild_type,Pempty vector,89,1414,0.062942008,low_mg
20,yoaI,wild_type,Pempty vector,84,1087,0.077276909,low_mg
20,yoaI,wild_type,Pempty vector,89,1143,0.077865267,low_mg
20,yoaI,wild_type,Pempty vector,87,1132,0.076855124,low_mg
20,yoaI,wild_type,Pempty vector,76,1198,0.063439065,low_mg
20,yoaI,wild_type,Pempty vector,90,1167,0.077120823,low_mg
20,yoaI,wild_type,Pempty vector,96,1235,0.077732794,low_mg
20,yoaI,mutant,Pempty vector,66,1203,0.054862843,low_mg
20,yoaI,mutant,Pempty vector,80,1136,0.070422535,low_mg
20,yoaI,mutant,Pempty vector,81,1082,0.074861368,low_mg
20,yoaI,mutant,Pempty vector,79,1054,0.074952562,low_mg
20,yoaI,mutant,Pempty vector,63,1062,0.059322034,low_mg
20,yoaI,mutant,Pempty vector,69,1069,0.064546305,low_mg
20,yoaI,mutant,Pempty vector,74,1043,0.070949185,low_mg
20,yoaI,mutant,Pempty vector,82,1163,0.070507309,low_mg
20,yoaI,wild_type,Psmall protein,97,1277,0.07595928,low_mg
20,yoaI,wild_type,Psmall protein,85,1139,0.074626866,low_mg
20,yoaI,wild_type,Psmall protein,70,1020,0.068627451,low_mg
20,yoaI,wild_type,Psmall protein,74,1080,0.068518519,low_mg
20,yoaI,wild_type,Psmall protein,69,1183,0.058326289,low_mg
20,yoaI,wild_type,Psmall protein,77,1165,0.066094421,low_mg
20,yoaI,wild_type,Psmall protein,85,1423,0.059732959,low_mg
20,yoaI,wild_type,Psmall protein,91,1496,0.060828877,low_mg
20,yoaI,mutant,Psmall protein,81,939,0.086261981,low_mg
20,yoaI,mutant,Psmall protein,73,854,0.085480094,low_mg
20,yoaI,mutant,Psmall protein,70,758,0.092348285,low_mg
20,yoaI,mutant,Psmall protein,80,754,0.106100796,low_mg
20,yoaI,mutant,Psmall protein,81,788,0.102791878,low_mg
20,yoaI,mutant,Psmall protein,70,805,0.086956522,low_mg
20,yoaI,mutant,Psmall protein,70,826,0.084745763,low_mg
20,yoaI,mutant,Psmall protein,91,886,0.102708804,low_mg