strain,replicate,Bgal
pYoaI,1,881
pYoaI,2,736
pYoaI,3,851
pYoaI,4,734
pYoaI,5,882
pYoaI,6,783
pYoaI,7,823
pYoaI,8,729
pEmpty,1,103
pEmpty,2,101
pEmpty,3,103
pEmpty,4,134
pEmpty,5,109
pEmpty,6,92
pEmpty,7,96
pEmpty,8,124
∆envZ_pEmpty,1,23
∆envZ_pEmpty,2,29
∆envZ_pEmpty,3,21
∆envZ_pEmpty,4,19
∆envZ_pEmpty,5,17
∆envZ_pEmpty,6,18
∆envZ_pEmpty,7,16
∆envZ_pEmpty,8,18
∆envZ_pYoaI,1,24
∆envZ_pYoaI,2,23
∆envZ_pYoaI,3,18
∆envZ_pYoaI,4,20
∆envZ_pYoaI,5,19
∆envZ_pYoaI,6,17
∆envZ_pYoaI,7,13
∆envZ_pYoaI,8,16
pYoaI_E31A,1,97
pYoaI_E31A,2,188
pYoaI_E31A,3,122
pYoaI_E31A,4,129
pYoaI_E31A,5,178
pYoaI_E31A,6,135
pYoaI_E31A,7,188
pYoaI_E31A,8,150
pYoaI_E31Q,1,87
pYoaI_E31Q,2,96
pYoaI_E31Q,3,161
pYoaI_E31Q,4,171
pYoaI_E31Q,5,113
pYoaI_E31Q,6,167
pYoaI_E31Q,7,126
pYoaI_E31Q,8,159
pYoaI_G34A,1,1051
pYoaI_G34A,2,1140
pYoaI_G34A,3,1064
pYoaI_G34A,4,1097
pYoaI_G34A,5,1022
pYoaI_G34A,6,967
pYoaI_G34A,7,1021
pYoaI_G34A,8,1092