time,replicate,strain,mutant,stress,YFP,CFP,yfp:cfp
0,1,Empty_vector,Wild_type,No_stress,14,185,0.075675676
0,2,Empty_vector,Wild_type,No_stress,14,168,0.083333333
0,3,Empty_vector,Wild_type,No_stress,15,166,0.090361446
0,4,Empty_vector,Wild_type,No_stress,13,162,0.080246914
0,1,Empty_vector,Wild_type,stress,12,159,0.075471698
0,2,Empty_vector,Wild_type,stress,14,160,0.0875
0,3,Empty_vector,Wild_type,stress,14,159,0.088050314
0,4,Empty_vector,Wild_type,stress,14,169,0.082840237
0,1,pYoaI,Wild_type,No_stress,14,159,0.088050314
0,2,pYoaI,Wild_type,No_stress,15,152,0.098684211
0,3,pYoaI,Wild_type,No_stress,14,119,0.117647059
0,4,pYoaI,Wild_type,No_stress,13,114,0.114035088
0,1,pYoaI,Wild_type,stress,13,126,0.103174603
0,2,pYoaI,Wild_type,stress,13,127,0.102362205
0,3,pYoaI,Wild_type,stress,14,112,0.125
0,4,pYoaI,Wild_type,stress,14,112,0.125
0,1,Empty_vector,ΔphoB,No_stress,15,180,0.083333333
0,2,Empty_vector,ΔphoB,No_stress,13,156,0.083333333
0,3,Empty_vector,ΔphoB,No_stress,12,153,0.078431373
0,4,Empty_vector,ΔphoB,No_stress,14,149,0.093959732
0,1,Empty_vector,ΔphoB,stress,13,143,0.090909091
0,2,Empty_vector,ΔphoB,stress,13,145,0.089655172
0,3,Empty_vector,ΔphoB,stress,13,155,0.083870968
0,4,Empty_vector,ΔphoB,stress,13,152,0.085526316
0,1,pYoaI,ΔphoB,No_stress,15,171,0.087719298
0,2,pYoaI,ΔphoB,No_stress,13,149,0.087248322
0,3,pYoaI,ΔphoB,No_stress,13,162,0.080246914
0,4,pYoaI,ΔphoB,No_stress,15,178,0.084269663
0,1,pYoaI,ΔphoB,stress,13,141,0.092198582
0,2,pYoaI,ΔphoB,stress,12,121,0.099173554
0,3,pYoaI,ΔphoB,stress,12,136,0.088235294
0,4,pYoaI,ΔphoB,stress,13,149,0.087248322
0,1,Empty_vector,ΔphoQ,No_stress,13,191,0.068062827
0,2,Empty_vector,ΔphoQ,No_stress,13,179,0.072625698
0,3,Empty_vector,ΔphoQ,No_stress,13,160,0.08125
0,4,Empty_vector,ΔphoQ,No_stress,13,155,0.083870968
0,1,Empty_vector,ΔphoQ,stress,13,164,0.079268293
0,2,Empty_vector,ΔphoQ,stress,13,156,0.083333333
0,3,Empty_vector,ΔphoQ,stress,12,125,0.096
0,4,Empty_vector,ΔphoQ,stress,13,146,0.089041096
0,1,pYoaI,ΔphoQ,No_stress,15,128,0.1171875
0,2,pYoaI,ΔphoQ,No_stress,15,115,0.130434783
0,3,pYoaI,ΔphoQ,No_stress,12,102,0.117647059
0,4,pYoaI,ΔphoQ,No_stress,13,101,0.128712871
0,1,pYoaI,ΔphoQ,stress,14,101,0.138613861
0,2,pYoaI,ΔphoQ,stress,14,99,0.141414141
0,3,pYoaI,ΔphoQ,stress,11,81,0.135802469
0,4,pYoaI,ΔphoQ,stress,11,88,0.125
1,1,Empty_vector,Wild_type,No_stress,15,183,0.081967213
1,2,Empty_vector,Wild_type,No_stress,15,185,0.081081081
1,3,Empty_vector,Wild_type,No_stress,14,178,0.078651685
1,4,Empty_vector,Wild_type,No_stress,16,180,0.088888889
1,1,Empty_vector,Wild_type,stress,15,167,0.089820359
1,2,Empty_vector,Wild_type,stress,15,168,0.089285714
1,3,Empty_vector,Wild_type,stress,15,168,0.089285714
1,4,Empty_vector,Wild_type,stress,15,167,0.089820359
1,1,pYoaI,Wild_type,No_stress,14,160,0.0875
1,2,pYoaI,Wild_type,No_stress,15,163,0.09202454
1,3,pYoaI,Wild_type,No_stress,15,138,0.108695652
1,4,pYoaI,Wild_type,No_stress,15,128,0.1171875
1,1,pYoaI,Wild_type,stress,15,139,0.107913669
1,2,pYoaI,Wild_type,stress,14,137,0.102189781
1,3,pYoaI,Wild_type,stress,16,118,0.13559322
1,4,pYoaI,Wild_type,stress,15,116,0.129310345
1,1,Empty_vector,ΔphoB,No_stress,15,167,0.089820359
1,2,Empty_vector,ΔphoB,No_stress,14,165,0.084848485
1,3,Empty_vector,ΔphoB,No_stress,16,165,0.096969697
1,4,Empty_vector,ΔphoB,No_stress,16,163,0.098159509
1,1,Empty_vector,ΔphoB,stress,15,149,0.100671141
1,2,Empty_vector,ΔphoB,stress,16,150,0.106666667
1,3,Empty_vector,ΔphoB,stress,16,161,0.099378882
1,4,Empty_vector,ΔphoB,stress,14,153,0.091503268
1,1,pYoaI,ΔphoB,No_stress,14,162,0.086419753
1,2,pYoaI,ΔphoB,No_stress,15,157,0.095541401
1,3,pYoaI,ΔphoB,No_stress,15,166,0.090361446
1,4,pYoaI,ΔphoB,No_stress,15,190,0.078947368
1,1,pYoaI,ΔphoB,stress,14,145,0.096551724
1,2,pYoaI,ΔphoB,stress,15,147,0.102040816
1,3,pYoaI,ΔphoB,stress,15,155,0.096774194
1,4,pYoaI,ΔphoB,stress,16,154,0.103896104
1,1,Empty_vector,ΔphoQ,No_stress,15,182,0.082417582
1,2,Empty_vector,ΔphoQ,No_stress,14,182,0.076923077
1,3,Empty_vector,ΔphoQ,No_stress,15,163,0.09202454
1,4,Empty_vector,ΔphoQ,No_stress,15,162,0.092592593
1,1,Empty_vector,ΔphoQ,stress,15,164,0.091463415
1,2,Empty_vector,ΔphoQ,stress,14,166,0.084337349
1,3,Empty_vector,ΔphoQ,stress,14,151,0.092715232
1,4,Empty_vector,ΔphoQ,stress,15,150,0.1
1,1,pYoaI,ΔphoQ,No_stress,16,133,0.120300752
1,2,pYoaI,ΔphoQ,No_stress,17,132,0.128787879
1,3,pYoaI,ΔphoQ,No_stress,15,110,0.136363636
1,4,pYoaI,ΔphoQ,No_stress,15,113,0.132743363
1,1,pYoaI,ΔphoQ,stress,15,112,0.133928571
1,2,pYoaI,ΔphoQ,stress,16,108,0.148148148
1,3,pYoaI,ΔphoQ,stress,14,101,0.138613861
1,4,pYoaI,ΔphoQ,stress,14,98,0.142857143
2,1,Empty_vector,Wild_type,No_stress,17,227,0.074889868
2,2,Empty_vector,Wild_type,No_stress,17,218,0.077981651
2,3,Empty_vector,Wild_type,No_stress,15,210,0.071428571
2,4,Empty_vector,Wild_type,No_stress,19,212,0.089622642
2,1,Empty_vector,Wild_type,stress,16,197,0.081218274
2,2,Empty_vector,Wild_type,stress,16,199,0.08040201
2,3,Empty_vector,Wild_type,stress,16,201,0.07960199
2,4,Empty_vector,Wild_type,stress,18,203,0.088669951
2,1,pYoaI,Wild_type,No_stress,17,188,0.090425532
2,2,pYoaI,Wild_type,No_stress,20,183,0.109289617
2,3,pYoaI,Wild_type,No_stress,17,155,0.109677419
2,4,pYoaI,Wild_type,No_stress,15,146,0.102739726
2,1,pYoaI,Wild_type,stress,15,159,0.094339623
2,2,pYoaI,Wild_type,stress,16,166,0.096385542
2,3,pYoaI,Wild_type,stress,16,142,0.112676056
2,4,pYoaI,Wild_type,stress,16,139,0.115107914
2,1,Empty_vector,ΔphoB,No_stress,18,205,0.087804878
2,2,Empty_vector,ΔphoB,No_stress,18,197,0.091370558
2,3,Empty_vector,ΔphoB,No_stress,17,195,0.087179487
2,4,Empty_vector,ΔphoB,No_stress,17,193,0.088082902
2,1,Empty_vector,ΔphoB,stress,15,180,0.083333333
2,2,Empty_vector,ΔphoB,stress,17,182,0.093406593
2,3,Empty_vector,ΔphoB,stress,18,197,0.091370558
2,4,Empty_vector,ΔphoB,stress,16,190,0.084210526
2,1,pYoaI,ΔphoB,No_stress,16,199,0.08040201
2,2,pYoaI,ΔphoB,No_stress,18,186,0.096774194
2,3,pYoaI,ΔphoB,No_stress,17,198,0.085858586
2,4,pYoaI,ΔphoB,No_stress,21,224,0.09375
2,1,pYoaI,ΔphoB,stress,17,173,0.098265896
2,2,pYoaI,ΔphoB,stress,17,174,0.097701149
2,3,pYoaI,ΔphoB,stress,17,186,0.091397849
2,4,pYoaI,ΔphoB,stress,18,189,0.095238095
2,1,Empty_vector,ΔphoQ,No_stress,17,225,0.075555556
2,2,Empty_vector,ΔphoQ,No_stress,17,221,0.076923077
2,3,Empty_vector,ΔphoQ,No_stress,17,192,0.088541667
2,4,Empty_vector,ΔphoQ,No_stress,17,188,0.090425532
2,1,Empty_vector,ΔphoQ,stress,17,193,0.088082902
2,2,Empty_vector,ΔphoQ,stress,17,205,0.082926829
2,3,Empty_vector,ΔphoQ,stress,17,180,0.094444444
2,4,Empty_vector,ΔphoQ,stress,16,188,0.085106383
2,1,pYoaI,ΔphoQ,No_stress,16,152,0.105263158
2,2,pYoaI,ΔphoQ,No_stress,18,147,0.12244898
2,3,pYoaI,ΔphoQ,No_stress,15,125,0.12
2,4,pYoaI,ΔphoQ,No_stress,15,126,0.119047619
2,1,pYoaI,ΔphoQ,stress,18,123,0.146341463
2,2,pYoaI,ΔphoQ,stress,17,121,0.140495868
2,3,pYoaI,ΔphoQ,stress,16,114,0.140350877
2,4,pYoaI,ΔphoQ,stress,16,114,0.140350877
3,1,Empty_vector,Wild_type,No_stress,22,280,0.078571429
3,2,Empty_vector,Wild_type,No_stress,24,273,0.087912088
3,3,Empty_vector,Wild_type,No_stress,23,263,0.087452471
3,4,Empty_vector,Wild_type,No_stress,26,268,0.097014925
3,1,Empty_vector,Wild_type,stress,24,250,0.096
3,2,Empty_vector,Wild_type,stress,26,247,0.105263158
3,3,Empty_vector,Wild_type,stress,24,239,0.10041841
3,4,Empty_vector,Wild_type,stress,20,253,0.079051383
3,1,pYoaI,Wild_type,No_stress,10,235,0.042553191
3,2,pYoaI,Wild_type,No_stress,15,222,0.067567568
3,3,pYoaI,Wild_type,No_stress,20,189,0.105820106
3,4,pYoaI,Wild_type,No_stress,18,167,0.107784431
3,1,pYoaI,Wild_type,stress,23,198,0.116161616
3,2,pYoaI,Wild_type,stress,19,215,0.088372093
3,3,pYoaI,Wild_type,stress,18,188,0.095744681
3,4,pYoaI,Wild_type,stress,22,194,0.113402062
3,1,Empty_vector,ΔphoB,No_stress,20,257,0.077821012
3,2,Empty_vector,ΔphoB,No_stress,19,250,0.076
3,3,Empty_vector,ΔphoB,No_stress,21,240,0.0875
3,4,Empty_vector,ΔphoB,No_stress,25,244,0.102459016
3,1,Empty_vector,ΔphoB,stress,21,233,0.090128755
3,2,Empty_vector,ΔphoB,stress,18,240,0.075
3,3,Empty_vector,ΔphoB,stress,22,258,0.085271318
3,4,Empty_vector,ΔphoB,stress,19,251,0.075697211
3,1,pYoaI,ΔphoB,No_stress,21,245,0.085714286
3,2,pYoaI,ΔphoB,No_stress,22,228,0.096491228
3,3,pYoaI,ΔphoB,No_stress,23,243,0.094650206
3,4,pYoaI,ΔphoB,No_stress,26,283,0.091872792
3,1,pYoaI,ΔphoB,stress,23,230,0.1
3,2,pYoaI,ΔphoB,stress,22,227,0.0969163
3,3,pYoaI,ΔphoB,stress,18,247,0.072874494
3,4,pYoaI,ΔphoB,stress,22,247,0.089068826
3,1,Empty_vector,ΔphoQ,No_stress,21,296,0.070945946
3,2,Empty_vector,ΔphoQ,No_stress,26,281,0.09252669
3,3,Empty_vector,ΔphoQ,No_stress,24,235,0.10212766
3,4,Empty_vector,ΔphoQ,No_stress,21,240,0.0875
3,1,Empty_vector,ΔphoQ,stress,19,251,0.075697211
3,2,Empty_vector,ΔphoQ,stress,24,276,0.086956522
3,3,Empty_vector,ΔphoQ,stress,20,231,0.086580087
3,4,Empty_vector,ΔphoQ,stress,21,245,0.085714286
3,1,pYoaI,ΔphoQ,No_stress,17,175,0.097142857
3,2,pYoaI,ΔphoQ,No_stress,19,165,0.115151515
3,3,pYoaI,ΔphoQ,No_stress,19,148,0.128378378
3,4,pYoaI,ΔphoQ,No_stress,18,149,0.120805369
3,1,pYoaI,ΔphoQ,stress,23,140,0.164285714
3,2,pYoaI,ΔphoQ,stress,20,135,0.148148148
3,3,pYoaI,ΔphoQ,stress,26,138,0.188405797
3,4,pYoaI,ΔphoQ,stress,26,138,0.188405797
4,1,Empty_vector,Wild_type,No_stress,29,341,0.085043988
4,2,Empty_vector,Wild_type,No_stress,30,334,0.089820359
4,3,Empty_vector,Wild_type,No_stress,28,324,0.086419753
4,4,Empty_vector,Wild_type,No_stress,32,331,0.096676737
4,1,Empty_vector,Wild_type,stress,30,313,0.095846645
4,2,Empty_vector,Wild_type,stress,32,323,0.099071207
4,3,Empty_vector,Wild_type,stress,28,282,0.09929078
4,4,Empty_vector,Wild_type,stress,27,321,0.08411215
4,1,pYoaI,Wild_type,No_stress,25,292,0.085616438
4,2,pYoaI,Wild_type,No_stress,28,282,0.09929078
4,3,pYoaI,Wild_type,No_stress,27,251,0.107569721
4,4,pYoaI,Wild_type,No_stress,24,212,0.113207547
4,1,pYoaI,Wild_type,stress,31,246,0.12601626
4,2,pYoaI,Wild_type,stress,30,261,0.114942529
4,3,pYoaI,Wild_type,stress,28,251,0.111553785
4,4,pYoaI,Wild_type,stress,28,239,0.117154812
4,1,Empty_vector,ΔphoB,No_stress,28,322,0.086956522
4,2,Empty_vector,ΔphoB,No_stress,29,317,0.09148265
4,3,Empty_vector,ΔphoB,No_stress,27,303,0.089108911
4,4,Empty_vector,ΔphoB,No_stress,31,318,0.097484277
4,1,Empty_vector,ΔphoB,stress,23,289,0.079584775
4,2,Empty_vector,ΔphoB,stress,24,294,0.081632653
4,3,Empty_vector,ΔphoB,stress,28,316,0.088607595
4,4,Empty_vector,ΔphoB,stress,23,295,0.077966102
4,1,pYoaI,ΔphoB,No_stress,27,309,0.087378641
4,2,pYoaI,ΔphoB,No_stress,28,293,0.09556314
4,3,pYoaI,ΔphoB,No_stress,28,305,0.091803279
4,4,pYoaI,ΔphoB,No_stress,35,347,0.100864553
4,1,pYoaI,ΔphoB,stress,26,278,0.09352518
4,2,pYoaI,ΔphoB,stress,23,282,0.081560284
4,3,pYoaI,ΔphoB,stress,24,296,0.081081081
4,4,pYoaI,ΔphoB,stress,23,289,0.079584775
4,1,Empty_vector,ΔphoQ,No_stress,28,371,0.075471698
4,2,Empty_vector,ΔphoQ,No_stress,30,365,0.082191781
4,3,Empty_vector,ΔphoQ,No_stress,29,297,0.097643098
4,4,Empty_vector,ΔphoQ,No_stress,27,303,0.089108911
4,1,Empty_vector,ΔphoQ,stress,27,331,0.081570997
4,2,Empty_vector,ΔphoQ,stress,27,341,0.079178886
4,3,Empty_vector,ΔphoQ,stress,25,279,0.089605735
4,4,Empty_vector,ΔphoQ,stress,24,300,0.08
4,1,pYoaI,ΔphoQ,No_stress,25,190,0.131578947
4,2,pYoaI,ΔphoQ,No_stress,24,183,0.131147541
4,3,pYoaI,ΔphoQ,No_stress,26,176,0.147727273
4,4,pYoaI,ΔphoQ,No_stress,24,181,0.132596685
4,1,pYoaI,ΔphoQ,stress,37,159,0.232704403
4,2,pYoaI,ΔphoQ,stress,36,160,0.225
4,3,pYoaI,ΔphoQ,stress,53,161,0.329192547
4,4,pYoaI,ΔphoQ,stress,58,160,0.3625
5,1,Empty_vector,Wild_type,No_stress,38,404,0.094059406
5,2,Empty_vector,Wild_type,No_stress,40,385,0.103896104
5,3,Empty_vector,Wild_type,No_stress,38,376,0.10106383
5,4,Empty_vector,Wild_type,No_stress,38,391,0.097186701
5,1,Empty_vector,Wild_type,stress,38,374,0.101604278
5,2,Empty_vector,Wild_type,stress,38,388,0.097938144
5,3,Empty_vector,Wild_type,stress,39,338,0.115384615
5,4,Empty_vector,Wild_type,stress,37,396,0.093434343
5,1,pYoaI,Wild_type,No_stress,34,359,0.094707521
5,2,pYoaI,Wild_type,No_stress,36,336,0.107142857
5,3,pYoaI,Wild_type,No_stress,34,299,0.113712375
5,4,pYoaI,Wild_type,No_stress,33,276,0.119565217
5,1,pYoaI,Wild_type,stress,42,296,0.141891892
5,2,pYoaI,Wild_type,stress,41,309,0.132686084
5,3,pYoaI,Wild_type,stress,40,308,0.12987013
5,4,pYoaI,Wild_type,stress,40,287,0.139372822
5,1,Empty_vector,ΔphoB,No_stress,38,385,0.098701299
5,2,Empty_vector,ΔphoB,No_stress,37,381,0.097112861
5,3,Empty_vector,ΔphoB,No_stress,37,363,0.101928375
5,4,Empty_vector,ΔphoB,No_stress,38,376,0.10106383
5,1,Empty_vector,ΔphoB,stress,28,340,0.082352941
5,2,Empty_vector,ΔphoB,stress,28,342,0.081871345
5,3,Empty_vector,ΔphoB,stress,30,364,0.082417582
5,4,Empty_vector,ΔphoB,stress,27,340,0.079411765
5,1,pYoaI,ΔphoB,No_stress,37,375,0.098666667
5,2,pYoaI,ΔphoB,No_stress,36,357,0.100840336
5,3,pYoaI,ΔphoB,No_stress,37,354,0.104519774
5,4,pYoaI,ΔphoB,No_stress,40,387,0.103359173
5,1,pYoaI,ΔphoB,stress,28,329,0.085106383
5,2,pYoaI,ΔphoB,stress,28,333,0.084084084
5,3,pYoaI,ΔphoB,stress,29,346,0.083815029
5,4,pYoaI,ΔphoB,stress,26,340,0.076470588
5,1,Empty_vector,ΔphoQ,No_stress,38,438,0.086757991
5,2,Empty_vector,ΔphoQ,No_stress,38,431,0.088167053
5,3,Empty_vector,ΔphoQ,No_stress,37,361,0.102493075
5,4,Empty_vector,ΔphoQ,No_stress,37,367,0.100817439
5,1,Empty_vector,ΔphoQ,stress,31,391,0.079283887
5,2,Empty_vector,ΔphoQ,stress,33,400,0.0825
5,3,Empty_vector,ΔphoQ,stress,30,330,0.090909091
5,4,Empty_vector,ΔphoQ,stress,29,358,0.081005587
5,1,pYoaI,ΔphoQ,No_stress,32,215,0.148837209
5,2,pYoaI,ΔphoQ,No_stress,32,208,0.153846154
5,3,pYoaI,ΔphoQ,No_stress,35,211,0.165876777
5,4,pYoaI,ΔphoQ,No_stress,34,214,0.158878505
5,1,pYoaI,ΔphoQ,stress,59,177,0.333333333
5,2,pYoaI,ΔphoQ,stress,59,179,0.329608939
5,3,pYoaI,ΔphoQ,stress,91,184,0.494565217
5,4,pYoaI,ΔphoQ,stress,97,184,0.527173913
6,1,Empty_vector,Wild_type,No_stress,41,441,0.092970522
6,2,Empty_vector,Wild_type,No_stress,41,432,0.094907407
6,3,Empty_vector,Wild_type,No_stress,41,398,0.103015075
6,4,Empty_vector,Wild_type,No_stress,43,424,0.101415094
6,1,Empty_vector,Wild_type,stress,41,398,0.103015075
6,2,Empty_vector,Wild_type,stress,46,429,0.107226107
6,3,Empty_vector,Wild_type,stress,45,364,0.123626374
6,4,Empty_vector,Wild_type,stress,45,444,0.101351351
6,1,pYoaI,Wild_type,No_stress,43,412,0.104368932
6,2,pYoaI,Wild_type,No_stress,43,385,0.111688312
6,3,pYoaI,Wild_type,No_stress,38,314,0.121019108
6,4,pYoaI,Wild_type,No_stress,39,320,0.121875
6,1,pYoaI,Wild_type,stress,51,342,0.149122807
6,2,pYoaI,Wild_type,stress,50,354,0.141242938
6,3,pYoaI,Wild_type,stress,52,354,0.146892655
6,4,pYoaI,Wild_type,stress,49,330,0.148484848
6,1,Empty_vector,ΔphoB,No_stress,40,420,0.095238095
6,2,Empty_vector,ΔphoB,No_stress,41,408,0.100490196
6,3,Empty_vector,ΔphoB,No_stress,43,394,0.109137056
6,4,Empty_vector,ΔphoB,No_stress,39,414,0.094202899
6,1,Empty_vector,ΔphoB,stress,30,388,0.077319588
6,2,Empty_vector,ΔphoB,stress,32,391,0.081841432
6,3,Empty_vector,ΔphoB,stress,34,411,0.082725061
6,4,Empty_vector,ΔphoB,stress,31,379,0.081794195
6,1,pYoaI,ΔphoB,No_stress,42,405,0.103703704
6,2,pYoaI,ΔphoB,No_stress,39,383,0.101827676
6,3,pYoaI,ΔphoB,No_stress,40,385,0.103896104
6,4,pYoaI,ΔphoB,No_stress,41,416,0.098557692
6,1,pYoaI,ΔphoB,stress,30,378,0.079365079
6,2,pYoaI,ΔphoB,stress,33,378,0.087301587
6,3,pYoaI,ΔphoB,stress,32,390,0.082051282
6,4,pYoaI,ΔphoB,stress,30,390,0.076923077
6,1,Empty_vector,ΔphoQ,No_stress,40,480,0.083333333
6,2,Empty_vector,ΔphoQ,No_stress,39,482,0.080912863
6,3,Empty_vector,ΔphoQ,No_stress,40,409,0.097799511
6,4,Empty_vector,ΔphoQ,No_stress,40,410,0.097560976
6,1,Empty_vector,ΔphoQ,stress,35,439,0.079726651
6,2,Empty_vector,ΔphoQ,stress,37,454,0.081497797
6,3,Empty_vector,ΔphoQ,stress,34,376,0.090425532
6,4,Empty_vector,ΔphoQ,stress,33,409,0.080684597
6,1,pYoaI,ΔphoQ,No_stress,41,240,0.170833333
6,2,pYoaI,ΔphoQ,No_stress,42,232,0.181034483
6,3,pYoaI,ΔphoQ,No_stress,39,237,0.164556962
6,4,pYoaI,ΔphoQ,No_stress,40,241,0.165975104
6,1,pYoaI,ΔphoQ,stress,84,198,0.424242424
6,2,pYoaI,ΔphoQ,stress,84,199,0.422110553
6,3,pYoaI,ΔphoQ,stress,130,207,0.628019324
6,4,pYoaI,ΔphoQ,stress,139,206,0.674757282
7,1,Empty_vector,Wild_type,No_stress,39,472,0.082627119
7,2,Empty_vector,Wild_type,No_stress,42,454,0.092511013
7,3,Empty_vector,Wild_type,No_stress,39,419,0.093078759
7,4,Empty_vector,Wild_type,No_stress,36,434,0.082949309
7,1,Empty_vector,Wild_type,stress,43,405,0.10617284
7,2,Empty_vector,Wild_type,stress,44,464,0.094827586
7,3,Empty_vector,Wild_type,stress,45,388,0.115979381
7,4,Empty_vector,Wild_type,stress,47,471,0.099787686
7,1,pYoaI,Wild_type,No_stress,47,451,0.10421286
7,2,pYoaI,Wild_type,No_stress,39,414,0.094202899
7,3,pYoaI,Wild_type,No_stress,42,332,0.126506024
7,4,pYoaI,Wild_type,No_stress,40,355,0.112676056
7,1,pYoaI,Wild_type,stress,61,372,0.163978495
7,2,pYoaI,Wild_type,stress,58,385,0.150649351
7,3,pYoaI,Wild_type,stress,63,389,0.161953728
7,4,pYoaI,Wild_type,stress,62,363,0.170798898
7,1,Empty_vector,ΔphoB,No_stress,44,446,0.098654709
7,2,Empty_vector,ΔphoB,No_stress,42,434,0.096774194
7,3,Empty_vector,ΔphoB,No_stress,38,419,0.090692124
7,4,Empty_vector,ΔphoB,No_stress,40,432,0.092592593
7,1,Empty_vector,ΔphoB,stress,33,437,0.075514874
7,2,Empty_vector,ΔphoB,stress,30,440,0.068181818
7,3,Empty_vector,ΔphoB,stress,35,451,0.077605322
7,4,Empty_vector,ΔphoB,stress,34,418,0.081339713
7,1,pYoaI,ΔphoB,No_stress,43,436,0.098623853
7,2,pYoaI,ΔphoB,No_stress,40,414,0.096618357
7,3,pYoaI,ΔphoB,No_stress,44,406,0.108374384
7,4,pYoaI,ΔphoB,No_stress,44,442,0.099547511
7,1,pYoaI,ΔphoB,stress,38,415,0.091566265
7,2,pYoaI,ΔphoB,stress,35,426,0.082159624
7,3,pYoaI,ΔphoB,stress,36,441,0.081632653
7,4,pYoaI,ΔphoB,stress,33,431,0.076566125
7,1,Empty_vector,ΔphoQ,No_stress,40,506,0.079051383
7,2,Empty_vector,ΔphoQ,No_stress,41,516,0.079457364
7,3,Empty_vector,ΔphoQ,No_stress,43,434,0.099078341
7,4,Empty_vector,ΔphoQ,No_stress,36,435,0.082758621
7,1,Empty_vector,ΔphoQ,stress,39,490,0.079591837
7,2,Empty_vector,ΔphoQ,stress,41,515,0.07961165
7,3,Empty_vector,ΔphoQ,stress,39,417,0.09352518
7,4,Empty_vector,ΔphoQ,stress,35,456,0.076754386
7,1,pYoaI,ΔphoQ,No_stress,48,251,0.19123506
7,2,pYoaI,ΔphoQ,No_stress,44,248,0.177419355
7,3,pYoaI,ΔphoQ,No_stress,39,252,0.154761905
7,4,pYoaI,ΔphoQ,No_stress,40,255,0.156862745
7,1,pYoaI,ΔphoQ,stress,104,216,0.481481481
7,2,pYoaI,ΔphoQ,stress,107,218,0.490825688
7,3,pYoaI,ΔphoQ,stress,166,228,0.728070175
7,4,pYoaI,ΔphoQ,stress,179,228,0.785087719
8,1,Empty_vector,Wild_type,No_stress,44,504,0.087301587
8,2,Empty_vector,Wild_type,No_stress,40,489,0.081799591
8,3,Empty_vector,Wild_type,No_stress,44,438,0.100456621
8,4,Empty_vector,Wild_type,No_stress,37,461,0.080260304
8,1,Empty_vector,Wild_type,stress,49,431,0.113689095
8,2,Empty_vector,Wild_type,stress,53,472,0.112288136
8,3,Empty_vector,Wild_type,stress,48,408,0.117647059
8,4,Empty_vector,Wild_type,stress,51,500,0.102
8,1,pYoaI,Wild_type,No_stress,38,470,0.080851064
8,2,pYoaI,Wild_type,No_stress,41,437,0.09382151
8,3,pYoaI,Wild_type,No_stress,43,346,0.124277457
8,4,pYoaI,Wild_type,No_stress,44,374,0.117647059
8,1,pYoaI,Wild_type,stress,72,393,0.183206107
8,2,pYoaI,Wild_type,stress,70,405,0.172839506
8,3,pYoaI,Wild_type,stress,69,410,0.168292683
8,4,pYoaI,Wild_type,stress,76,390,0.194871795
8,1,Empty_vector,ΔphoB,No_stress,44,471,0.093418259
8,2,Empty_vector,ΔphoB,No_stress,44,466,0.094420601
8,3,Empty_vector,ΔphoB,No_stress,32,438,0.073059361
8,4,Empty_vector,ΔphoB,No_stress,47,463,0.101511879
8,1,Empty_vector,ΔphoB,stress,39,481,0.081081081
8,2,Empty_vector,ΔphoB,stress,34,484,0.070247934
8,3,Empty_vector,ΔphoB,stress,41,496,0.08266129
8,4,Empty_vector,ΔphoB,stress,38,465,0.08172043
8,1,pYoaI,ΔphoB,No_stress,36,452,0.079646018
8,2,pYoaI,ΔphoB,No_stress,41,438,0.093607306
8,3,pYoaI,ΔphoB,No_stress,39,437,0.089244851
8,4,pYoaI,ΔphoB,No_stress,43,468,0.091880342
8,1,pYoaI,ΔphoB,stress,41,468,0.087606838
8,2,pYoaI,ΔphoB,stress,36,469,0.076759062
8,3,pYoaI,ΔphoB,stress,36,477,0.075471698
8,4,pYoaI,ΔphoB,stress,39,474,0.082278481
8,1,Empty_vector,ΔphoQ,No_stress,40,535,0.074766355
8,2,Empty_vector,ΔphoQ,No_stress,41,561,0.073083779
8,3,Empty_vector,ΔphoQ,No_stress,41,463,0.088552916
8,4,Empty_vector,ΔphoQ,No_stress,35,461,0.075921909
8,1,Empty_vector,ΔphoQ,stress,41,518,0.079150579
8,2,Empty_vector,ΔphoQ,stress,42,551,0.076225045
8,3,Empty_vector,ΔphoQ,stress,44,444,0.099099099
8,4,Empty_vector,ΔphoQ,stress,38,480,0.079166667
8,1,pYoaI,ΔphoQ,No_stress,42,265,0.158490566
8,2,pYoaI,ΔphoQ,No_stress,44,255,0.17254902
8,3,pYoaI,ΔphoQ,No_stress,37,267,0.138576779
8,4,pYoaI,ΔphoQ,No_stress,38,267,0.142322097
8,1,pYoaI,ΔphoQ,stress,124,235,0.527659574
8,2,pYoaI,ΔphoQ,stress,127,238,0.533613445
8,3,pYoaI,ΔphoQ,stress,203,248,0.818548387
8,4,pYoaI,ΔphoQ,stress,222,252,0.880952381
9,1,Empty_vector,Wild_type,No_stress,43,524,0.082061069
9,2,Empty_vector,Wild_type,No_stress,43,522,0.082375479
9,3,Empty_vector,Wild_type,No_stress,42,460,0.091304348
9,4,Empty_vector,Wild_type,No_stress,42,483,0.086956522
9,1,Empty_vector,Wild_type,stress,48,460,0.104347826
9,2,Empty_vector,Wild_type,stress,51,500,0.102
9,3,Empty_vector,Wild_type,stress,49,425,0.115294118
9,4,Empty_vector,Wild_type,stress,49,546,0.08974359
9,1,pYoaI,Wild_type,No_stress,44,503,0.087475149
9,2,pYoaI,Wild_type,No_stress,45,460,0.097826087
9,3,pYoaI,Wild_type,No_stress,44,357,0.1232493
9,4,pYoaI,Wild_type,No_stress,43,381,0.112860892
9,1,pYoaI,Wild_type,stress,70,408,0.171568627
9,2,pYoaI,Wild_type,stress,69,410,0.168292683
9,3,pYoaI,Wild_type,stress,76,423,0.179669031
9,4,pYoaI,Wild_type,stress,80,403,0.198511166
9,1,Empty_vector,ΔphoB,No_stress,43,505,0.085148515
9,2,Empty_vector,ΔphoB,No_stress,43,497,0.086519115
9,3,Empty_vector,ΔphoB,No_stress,42,478,0.087866109
9,4,Empty_vector,ΔphoB,No_stress,42,491,0.085539715
9,1,Empty_vector,ΔphoB,stress,40,516,0.07751938
9,2,Empty_vector,ΔphoB,stress,41,526,0.077946768
9,3,Empty_vector,ΔphoB,stress,45,532,0.084586466
9,4,Empty_vector,ΔphoB,stress,39,500,0.078
9,1,pYoaI,ΔphoB,No_stress,41,478,0.085774059
9,2,pYoaI,ΔphoB,No_stress,42,469,0.089552239
9,3,pYoaI,ΔphoB,No_stress,41,462,0.088744589
9,4,pYoaI,ΔphoB,No_stress,43,502,0.085657371
9,1,pYoaI,ΔphoB,stress,40,506,0.079051383
9,2,pYoaI,ΔphoB,stress,41,510,0.080392157
9,3,pYoaI,ΔphoB,stress,41,515,0.07961165
9,4,pYoaI,ΔphoB,stress,39,521,0.074856046
9,1,Empty_vector,ΔphoQ,No_stress,43,562,0.076512456
9,2,Empty_vector,ΔphoQ,No_stress,42,601,0.069883527
9,3,Empty_vector,ΔphoQ,No_stress,41,489,0.083844581
9,4,Empty_vector,ΔphoQ,No_stress,41,480,0.085416667
9,1,Empty_vector,ΔphoQ,stress,46,549,0.083788707
9,2,Empty_vector,ΔphoQ,stress,48,581,0.082616179
9,3,Empty_vector,ΔphoQ,stress,46,460,0.1
9,4,Empty_vector,ΔphoQ,stress,44,487,0.090349076
9,1,pYoaI,ΔphoQ,No_stress,46,279,0.164874552
9,2,pYoaI,ΔphoQ,No_stress,46,268,0.171641791
9,3,pYoaI,ΔphoQ,No_stress,40,287,0.139372822
9,4,pYoaI,ΔphoQ,No_stress,40,284,0.14084507
9,1,pYoaI,ΔphoQ,stress,142,255,0.556862745
9,2,pYoaI,ΔphoQ,stress,148,256,0.578125
9,3,pYoaI,ΔphoQ,stress,229,267,0.857677903
9,4,pYoaI,ΔphoQ,stress,253,273,0.926739927
10,1,Empty_vector,Wild_type,No_stress,40,543,0.073664825
10,2,Empty_vector,Wild_type,No_stress,42,550,0.076363636
10,3,Empty_vector,Wild_type,No_stress,43,478,0.089958159
10,4,Empty_vector,Wild_type,No_stress,44,508,0.086614173
10,1,Empty_vector,Wild_type,stress,49,469,0.104477612
10,2,Empty_vector,Wild_type,stress,52,535,0.097196262
10,3,Empty_vector,Wild_type,stress,48,442,0.108597285
10,4,Empty_vector,Wild_type,stress,51,586,0.087030717
10,1,pYoaI,Wild_type,No_stress,46,539,0.085343228
10,2,pYoaI,Wild_type,No_stress,50,485,0.103092784
10,3,pYoaI,Wild_type,No_stress,43,364,0.118131868
10,4,pYoaI,Wild_type,No_stress,46,394,0.116751269
10,1,pYoaI,Wild_type,stress,65,411,0.158150852
10,2,pYoaI,Wild_type,stress,74,412,0.17961165
10,3,pYoaI,Wild_type,stress,78,434,0.179723502
10,4,pYoaI,Wild_type,stress,79,411,0.192214112
10,1,Empty_vector,ΔphoB,No_stress,45,529,0.085066163
10,2,Empty_vector,ΔphoB,No_stress,45,528,0.085227273
10,3,Empty_vector,ΔphoB,No_stress,42,514,0.081712062
10,4,Empty_vector,ΔphoB,No_stress,43,518,0.083011583
10,1,Empty_vector,ΔphoB,stress,48,559,0.085867621
10,2,Empty_vector,ΔphoB,stress,47,569,0.082601054
10,3,Empty_vector,ΔphoB,stress,46,558,0.082437276
10,4,Empty_vector,ΔphoB,stress,40,536,0.074626866
10,1,pYoaI,ΔphoB,No_stress,45,505,0.089108911
10,2,pYoaI,ΔphoB,No_stress,47,497,0.094567404
10,3,pYoaI,ΔphoB,No_stress,37,494,0.074898785
10,4,pYoaI,ΔphoB,No_stress,46,525,0.087619048
10,1,pYoaI,ΔphoB,stress,45,548,0.082116788
10,2,pYoaI,ΔphoB,stress,50,551,0.090744102
10,3,pYoaI,ΔphoB,stress,43,552,0.077898551
10,4,pYoaI,ΔphoB,stress,38,563,0.06749556
10,1,Empty_vector,ΔphoQ,No_stress,44,594,0.074074074
10,2,Empty_vector,ΔphoQ,No_stress,40,638,0.062695925
10,3,Empty_vector,ΔphoQ,No_stress,39,510,0.076470588
10,4,Empty_vector,ΔphoQ,No_stress,45,506,0.088932806
10,1,Empty_vector,ΔphoQ,stress,50,563,0.088809947
10,2,Empty_vector,ΔphoQ,stress,48,600,0.08
10,3,Empty_vector,ΔphoQ,stress,50,470,0.106382979
10,4,Empty_vector,ΔphoQ,stress,43,486,0.088477366
10,1,pYoaI,ΔphoQ,No_stress,44,291,0.151202749
10,2,pYoaI,ΔphoQ,No_stress,45,283,0.159010601
10,3,pYoaI,ΔphoQ,No_stress,43,302,0.142384106
10,4,pYoaI,ΔphoQ,No_stress,41,305,0.13442623
10,1,pYoaI,ΔphoQ,stress,154,269,0.572490706
10,2,pYoaI,ΔphoQ,stress,163,271,0.601476015
10,3,pYoaI,ΔphoQ,stress,256,284,0.901408451
10,4,pYoaI,ΔphoQ,stress,286,290,0.986206897
11,1,Empty_vector,Wild_type,No_stress,40,562,0.071174377
11,2,Empty_vector,Wild_type,No_stress,39,580,0.067241379
11,3,Empty_vector,Wild_type,No_stress,42,502,0.083665339
11,4,Empty_vector,Wild_type,No_stress,46,527,0.087286528
11,1,Empty_vector,Wild_type,stress,50,494,0.101214575
11,2,Empty_vector,Wild_type,stress,61,562,0.108540925
11,3,Empty_vector,Wild_type,stress,53,462,0.114718615
11,4,Empty_vector,Wild_type,stress,54,607,0.088962109
11,1,pYoaI,Wild_type,No_stress,54,552,0.097826087
11,2,pYoaI,Wild_type,No_stress,39,500,0.078
11,3,pYoaI,Wild_type,No_stress,44,381,0.115485564
11,4,pYoaI,Wild_type,No_stress,51,407,0.125307125
11,1,pYoaI,Wild_type,stress,71,413,0.171912833
11,2,pYoaI,Wild_type,stress,72,400,0.18
11,3,pYoaI,Wild_type,stress,84,425,0.197647059
11,4,pYoaI,Wild_type,stress,84,413,0.203389831
11,1,Empty_vector,ΔphoB,No_stress,40,551,0.072595281
11,2,Empty_vector,ΔphoB,No_stress,40,543,0.073664825
11,3,Empty_vector,ΔphoB,No_stress,41,537,0.076350093
11,4,Empty_vector,ΔphoB,No_stress,44,543,0.081031308
11,1,Empty_vector,ΔphoB,stress,47,587,0.080068143
11,2,Empty_vector,ΔphoB,stress,50,601,0.083194676
11,3,Empty_vector,ΔphoB,stress,49,594,0.082491582
11,4,Empty_vector,ΔphoB,stress,45,566,0.0795053
11,1,pYoaI,ΔphoB,No_stress,45,520,0.086538462
11,2,pYoaI,ΔphoB,No_stress,44,520,0.084615385
11,3,pYoaI,ΔphoB,No_stress,45,523,0.086042065
11,4,pYoaI,ΔphoB,No_stress,48,561,0.085561497
11,1,pYoaI,ΔphoB,stress,48,579,0.082901554
11,2,pYoaI,ΔphoB,stress,48,586,0.081911263
11,3,pYoaI,ΔphoB,stress,50,593,0.084317032
11,4,pYoaI,ΔphoB,stress,48,612,0.078431373
11,1,Empty_vector,ΔphoQ,No_stress,44,618,0.071197411
11,2,Empty_vector,ΔphoQ,No_stress,41,677,0.0605613
11,3,Empty_vector,ΔphoQ,No_stress,41,537,0.076350093
11,4,Empty_vector,ΔphoQ,No_stress,38,526,0.072243346
11,1,Empty_vector,ΔphoQ,stress,52,574,0.090592334
11,2,Empty_vector,ΔphoQ,stress,54,590,0.091525424
11,3,Empty_vector,ΔphoQ,stress,48,468,0.102564103
11,4,Empty_vector,ΔphoQ,stress,47,478,0.09832636
11,1,pYoaI,ΔphoQ,No_stress,49,306,0.160130719
11,2,pYoaI,ΔphoQ,No_stress,48,299,0.160535117
11,3,pYoaI,ΔphoQ,No_stress,44,318,0.13836478
11,4,pYoaI,ΔphoQ,No_stress,44,321,0.137071651
11,1,pYoaI,ΔphoQ,stress,167,278,0.600719424
11,2,pYoaI,ΔphoQ,stress,175,282,0.620567376
11,3,pYoaI,ΔphoQ,stress,271,297,0.912457912
11,4,pYoaI,ΔphoQ,stress,311,305,1.019672131
12,1,Empty_vector,Wild_type,No_stress,44,574,0.076655052
12,2,Empty_vector,Wild_type,No_stress,44,606,0.072607261
12,3,Empty_vector,Wild_type,No_stress,43,525,0.081904762
12,4,Empty_vector,Wild_type,No_stress,44,551,0.079854809
12,1,Empty_vector,Wild_type,stress,48,511,0.093933464
12,2,Empty_vector,Wild_type,stress,53,585,0.090598291
12,3,Empty_vector,Wild_type,stress,50,477,0.104821803
12,4,Empty_vector,Wild_type,stress,50,645,0.07751938
12,1,pYoaI,Wild_type,No_stress,46,577,0.079722704
12,2,pYoaI,Wild_type,No_stress,46,531,0.086629002
12,3,pYoaI,Wild_type,No_stress,45,392,0.114795918
12,4,pYoaI,Wild_type,No_stress,45,417,0.107913669
12,1,pYoaI,Wild_type,stress,69,406,0.169950739
12,2,pYoaI,Wild_type,stress,69,395,0.174683544
12,3,pYoaI,Wild_type,stress,79,427,0.18501171
12,4,pYoaI,Wild_type,stress,90,422,0.213270142
12,1,Empty_vector,ΔphoB,No_stress,43,587,0.073253833
12,2,Empty_vector,ΔphoB,No_stress,43,584,0.073630137
12,3,Empty_vector,ΔphoB,No_stress,42,570,0.073684211
12,4,Empty_vector,ΔphoB,No_stress,43,569,0.075571178
12,1,Empty_vector,ΔphoB,stress,50,624,0.080128205
12,2,Empty_vector,ΔphoB,stress,50,637,0.078492936
12,3,Empty_vector,ΔphoB,stress,55,611,0.090016367
12,4,Empty_vector,ΔphoB,stress,49,600,0.081666667
12,1,pYoaI,ΔphoB,No_stress,41,539,0.07606679
12,2,pYoaI,ΔphoB,No_stress,42,545,0.07706422
12,3,pYoaI,ΔphoB,No_stress,42,547,0.07678245
12,4,pYoaI,ΔphoB,No_stress,45,585,0.076923077
12,1,pYoaI,ΔphoB,stress,49,626,0.07827476
12,2,pYoaI,ΔphoB,stress,51,626,0.081469649
12,3,pYoaI,ΔphoB,stress,51,626,0.081469649
12,4,pYoaI,ΔphoB,stress,48,652,0.073619632
12,1,Empty_vector,ΔphoQ,No_stress,43,651,0.066052227
12,2,Empty_vector,ΔphoQ,No_stress,43,709,0.060648801
12,3,Empty_vector,ΔphoQ,No_stress,43,563,0.076376554
12,4,Empty_vector,ΔphoQ,No_stress,42,552,0.076086957
12,1,Empty_vector,ΔphoQ,stress,51,578,0.088235294
12,2,Empty_vector,ΔphoQ,stress,52,620,0.083870968
12,3,Empty_vector,ΔphoQ,stress,52,456,0.114035088
12,4,Empty_vector,ΔphoQ,stress,50,458,0.109170306
12,1,pYoaI,ΔphoQ,No_stress,47,316,0.148734177
12,2,pYoaI,ΔphoQ,No_stress,46,308,0.149350649
12,3,pYoaI,ΔphoQ,No_stress,41,340,0.120588235
12,4,pYoaI,ΔphoQ,No_stress,41,337,0.121661721
12,1,pYoaI,ΔphoQ,stress,176,287,0.613240418
12,2,pYoaI,ΔphoQ,stress,188,296,0.635135135
12,3,pYoaI,ΔphoQ,stress,279,303,0.920792079
12,4,pYoaI,ΔphoQ,stress,332,317,1.047318612
13,1,Empty_vector,Wild_type,No_stress,46,592,0.077702703
13,2,Empty_vector,Wild_type,No_stress,41,631,0.064976228
13,3,Empty_vector,Wild_type,No_stress,44,543,0.081031308
13,4,Empty_vector,Wild_type,No_stress,41,570,0.071929825
13,1,Empty_vector,Wild_type,stress,45,524,0.085877863
13,2,Empty_vector,Wild_type,stress,52,597,0.087102178
13,3,Empty_vector,Wild_type,stress,51,494,0.103238866
13,4,Empty_vector,Wild_type,stress,55,665,0.082706767
13,1,pYoaI,Wild_type,No_stress,46,603,0.07628524
13,2,pYoaI,Wild_type,No_stress,49,551,0.08892922
13,3,pYoaI,Wild_type,No_stress,47,417,0.112709832
13,4,pYoaI,Wild_type,No_stress,44,428,0.102803738
13,1,pYoaI,Wild_type,stress,70,395,0.17721519
13,2,pYoaI,Wild_type,stress,69,396,0.174242424
13,3,pYoaI,Wild_type,stress,78,423,0.184397163
13,4,pYoaI,Wild_type,stress,91,427,0.213114754
13,1,Empty_vector,ΔphoB,No_stress,47,622,0.075562701
13,2,Empty_vector,ΔphoB,No_stress,43,607,0.070840198
13,3,Empty_vector,ΔphoB,No_stress,47,598,0.078595318
13,4,Empty_vector,ΔphoB,No_stress,42,595,0.070588235
13,1,Empty_vector,ΔphoB,stress,51,651,0.078341014
13,2,Empty_vector,ΔphoB,stress,53,664,0.079819277
13,3,Empty_vector,ΔphoB,stress,55,632,0.087025316
13,4,Empty_vector,ΔphoB,stress,53,633,0.083728278
13,1,pYoaI,ΔphoB,No_stress,46,559,0.082289803
13,2,pYoaI,ΔphoB,No_stress,43,564,0.076241135
13,3,pYoaI,ΔphoB,No_stress,45,573,0.078534031
13,4,pYoaI,ΔphoB,No_stress,47,611,0.076923077
13,1,pYoaI,ΔphoB,stress,52,657,0.079147641
13,2,pYoaI,ΔphoB,stress,57,661,0.08623298
13,3,pYoaI,ΔphoB,stress,53,650,0.081538462
13,4,pYoaI,ΔphoB,stress,51,705,0.072340426
13,1,Empty_vector,ΔphoQ,No_stress,44,679,0.064801178
13,2,Empty_vector,ΔphoQ,No_stress,43,749,0.05740988
13,3,Empty_vector,ΔphoQ,No_stress,41,592,0.069256757
13,4,Empty_vector,ΔphoQ,No_stress,41,572,0.071678322
13,1,Empty_vector,ΔphoQ,stress,51,604,0.084437086
13,2,Empty_vector,ΔphoQ,stress,53,658,0.080547112
13,3,Empty_vector,ΔphoQ,stress,55,443,0.124153499
13,4,Empty_vector,ΔphoQ,stress,53,447,0.118568233
13,1,pYoaI,ΔphoQ,No_stress,47,326,0.144171779
13,2,pYoaI,ΔphoQ,No_stress,47,321,0.146417445
13,3,pYoaI,ΔphoQ,No_stress,42,359,0.116991643
13,4,pYoaI,ΔphoQ,No_stress,41,355,0.115492958
13,1,pYoaI,ΔphoQ,stress,182,294,0.619047619
13,2,pYoaI,ΔphoQ,stress,195,304,0.641447368
13,3,pYoaI,ΔphoQ,stress,283,309,0.915857605
13,4,pYoaI,ΔphoQ,stress,345,328,1.051829268
14,1,Empty_vector,Wild_type,No_stress,49,602,0.081395349
14,2,Empty_vector,Wild_type,No_stress,46,651,0.070660522
14,3,Empty_vector,Wild_type,No_stress,39,554,0.070397112
14,4,Empty_vector,Wild_type,No_stress,42,588,0.071428571
14,1,Empty_vector,Wild_type,stress,49,537,0.091247672
14,2,Empty_vector,Wild_type,stress,48,615,0.07804878
14,3,Empty_vector,Wild_type,stress,48,523,0.091778203
14,4,Empty_vector,Wild_type,stress,49,690,0.071014493
14,1,pYoaI,Wild_type,No_stress,44,608,0.072368421
14,2,pYoaI,Wild_type,No_stress,53,572,0.092657343
14,3,pYoaI,Wild_type,No_stress,48,424,0.113207547
14,4,pYoaI,Wild_type,No_stress,47,443,0.106094808
14,1,pYoaI,Wild_type,stress,67,405,0.165432099
14,2,pYoaI,Wild_type,stress,64,394,0.162436548
14,3,pYoaI,Wild_type,stress,78,422,0.184834123
14,4,pYoaI,Wild_type,stress,90,416,0.216346154
14,1,Empty_vector,ΔphoB,No_stress,47,654,0.071865443
14,2,Empty_vector,ΔphoB,No_stress,45,636,0.070754717
14,3,Empty_vector,ΔphoB,No_stress,53,627,0.084529506
14,4,Empty_vector,ΔphoB,No_stress,43,620,0.069354839
14,1,Empty_vector,ΔphoB,stress,60,674,0.089020772
14,2,Empty_vector,ΔphoB,stress,55,689,0.079825835
14,3,Empty_vector,ΔphoB,stress,59,635,0.092913386
14,4,Empty_vector,ΔphoB,stress,54,655,0.082442748
14,1,pYoaI,ΔphoB,No_stress,47,586,0.080204778
14,2,pYoaI,ΔphoB,No_stress,45,580,0.077586207
14,3,pYoaI,ΔphoB,No_stress,49,602,0.081395349
14,4,pYoaI,ΔphoB,No_stress,45,638,0.070532915
14,1,pYoaI,ΔphoB,stress,53,692,0.076589595
14,2,pYoaI,ΔphoB,stress,54,686,0.078717201
14,3,pYoaI,ΔphoB,stress,57,665,0.085714286
14,4,pYoaI,ΔphoB,stress,56,743,0.075370121
14,1,Empty_vector,ΔphoQ,No_stress,46,700,0.065714286
14,2,Empty_vector,ΔphoQ,No_stress,42,768,0.0546875
14,3,Empty_vector,ΔphoQ,No_stress,43,614,0.070032573
14,4,Empty_vector,ΔphoQ,No_stress,42,587,0.071550256
14,1,Empty_vector,ΔphoQ,stress,52,625,0.0832
14,2,Empty_vector,ΔphoQ,stress,52,690,0.075362319
14,3,Empty_vector,ΔphoQ,stress,53,445,0.119101124
14,4,Empty_vector,ΔphoQ,stress,52,453,0.114790287
14,1,pYoaI,ΔphoQ,No_stress,53,338,0.156804734
14,2,pYoaI,ΔphoQ,No_stress,50,334,0.149700599
14,3,pYoaI,ΔphoQ,No_stress,42,369,0.113821138
14,4,pYoaI,ΔphoQ,No_stress,43,367,0.117166213
14,1,pYoaI,ΔphoQ,stress,177,303,0.584158416
14,2,pYoaI,ΔphoQ,stress,194,311,0.623794212
14,3,pYoaI,ΔphoQ,stress,273,322,0.847826087
14,4,pYoaI,ΔphoQ,stress,347,337,1.029673591
15,1,Empty_vector,Wild_type,No_stress,46,610,0.075409836
15,2,Empty_vector,Wild_type,No_stress,45,666,0.067567568
15,3,Empty_vector,Wild_type,No_stress,46,580,0.079310345
15,4,Empty_vector,Wild_type,No_stress,44,599,0.07345576
15,1,Empty_vector,Wild_type,stress,48,550,0.087272727
15,2,Empty_vector,Wild_type,stress,52,636,0.081761006
15,3,Empty_vector,Wild_type,stress,54,541,0.099815157
15,4,Empty_vector,Wild_type,stress,53,712,0.074438202
15,1,pYoaI,Wild_type,No_stress,47,616,0.076298701
15,2,pYoaI,Wild_type,No_stress,48,604,0.079470199
15,3,pYoaI,Wild_type,No_stress,48,438,0.109589041
15,4,pYoaI,Wild_type,No_stress,45,459,0.098039216
15,1,pYoaI,Wild_type,stress,68,407,0.167076167
15,2,pYoaI,Wild_type,stress,65,395,0.164556962
15,3,pYoaI,Wild_type,stress,76,422,0.180094787
15,4,pYoaI,Wild_type,stress,89,415,0.214457831
15,1,Empty_vector,ΔphoB,No_stress,49,677,0.072378139
15,2,Empty_vector,ΔphoB,No_stress,43,652,0.06595092
15,3,Empty_vector,ΔphoB,No_stress,45,651,0.069124424
15,4,Empty_vector,ΔphoB,No_stress,40,638,0.062695925
15,1,Empty_vector,ΔphoB,stress,57,691,0.082489146
15,2,Empty_vector,ΔphoB,stress,59,700,0.084285714
15,3,Empty_vector,ΔphoB,stress,58,659,0.08801214
15,4,Empty_vector,ΔphoB,stress,55,684,0.080409357
15,1,pYoaI,ΔphoB,No_stress,42,594,0.070707071
15,2,pYoaI,ΔphoB,No_stress,45,602,0.074750831
15,3,pYoaI,ΔphoB,No_stress,47,621,0.07568438
15,4,pYoaI,ΔphoB,No_stress,44,654,0.067278287
15,1,pYoaI,ΔphoB,stress,57,710,0.08028169
15,2,pYoaI,ΔphoB,stress,57,706,0.080736544
15,3,pYoaI,ΔphoB,stress,59,677,0.087149188
15,4,pYoaI,ΔphoB,stress,57,780,0.073076923
15,1,Empty_vector,ΔphoQ,No_stress,42,725,0.057931034
15,2,Empty_vector,ΔphoQ,No_stress,43,790,0.05443038
15,3,Empty_vector,ΔphoQ,No_stress,43,631,0.0681458
15,4,Empty_vector,ΔphoQ,No_stress,43,617,0.069692058
15,1,Empty_vector,ΔphoQ,stress,51,659,0.077389985
15,2,Empty_vector,ΔphoQ,stress,51,705,0.072340426
15,3,Empty_vector,ΔphoQ,stress,56,453,0.123620309
15,4,Empty_vector,ΔphoQ,stress,51,457,0.111597374
15,1,pYoaI,ΔphoQ,No_stress,47,345,0.136231884
15,2,pYoaI,ΔphoQ,No_stress,49,341,0.143695015
15,3,pYoaI,ΔphoQ,No_stress,43,390,0.11025641
15,4,pYoaI,ΔphoQ,No_stress,43,385,0.111688312
15,1,pYoaI,ΔphoQ,stress,171,304,0.5625
15,2,pYoaI,ΔphoQ,stress,189,313,0.603833866
15,3,pYoaI,ΔphoQ,stress,267,329,0.811550152
15,4,pYoaI,ΔphoQ,stress,343,343,1
16,1,Empty_vector,Wild_type,No_stress,48,619,0.077544426
16,2,Empty_vector,Wild_type,No_stress,44,677,0.064992614
16,3,Empty_vector,Wild_type,No_stress,42,598,0.070234114
16,4,Empty_vector,Wild_type,No_stress,44,613,0.07177814
16,1,Empty_vector,Wild_type,stress,49,569,0.086115993
16,2,Empty_vector,Wild_type,stress,56,644,0.086956522
16,3,Empty_vector,Wild_type,stress,54,556,0.097122302
16,4,Empty_vector,Wild_type,stress,50,735,0.068027211
16,1,pYoaI,Wild_type,No_stress,44,607,0.072487644
16,2,pYoaI,Wild_type,No_stress,48,621,0.077294686
16,3,pYoaI,Wild_type,No_stress,47,457,0.102844639
16,4,pYoaI,Wild_type,No_stress,44,465,0.094623656
16,1,pYoaI,Wild_type,stress,69,413,0.167070218
16,2,pYoaI,Wild_type,stress,66,394,0.16751269
16,3,pYoaI,Wild_type,stress,73,419,0.174224344
16,4,pYoaI,Wild_type,stress,85,412,0.20631068
16,1,Empty_vector,ΔphoB,No_stress,42,699,0.060085837
16,2,Empty_vector,ΔphoB,No_stress,42,674,0.06231454
16,3,Empty_vector,ΔphoB,No_stress,45,667,0.067466267
16,4,Empty_vector,ΔphoB,No_stress,40,659,0.060698027
16,1,Empty_vector,ΔphoB,stress,60,707,0.084865629
16,2,Empty_vector,ΔphoB,stress,58,709,0.08180536
16,3,Empty_vector,ΔphoB,stress,57,695,0.082014388
16,4,Empty_vector,ΔphoB,stress,54,698,0.077363897
16,1,pYoaI,ΔphoB,No_stress,41,610,0.067213115
16,2,pYoaI,ΔphoB,No_stress,46,616,0.074675325
16,3,pYoaI,ΔphoB,No_stress,46,639,0.07198748
16,4,pYoaI,ΔphoB,No_stress,45,667,0.067466267
16,1,pYoaI,ΔphoB,stress,58,724,0.080110497
16,2,pYoaI,ΔphoB,stress,62,714,0.086834734
16,3,pYoaI,ΔphoB,stress,60,692,0.086705202
16,4,pYoaI,ΔphoB,stress,55,801,0.06866417
16,1,Empty_vector,ΔphoQ,No_stress,45,742,0.0606469
16,2,Empty_vector,ΔphoQ,No_stress,44,798,0.055137845
16,3,Empty_vector,ΔphoQ,No_stress,43,648,0.066358025
16,4,Empty_vector,ΔphoQ,No_stress,48,629,0.076311606
16,1,Empty_vector,ΔphoQ,stress,50,679,0.073637703
16,2,Empty_vector,ΔphoQ,stress,49,723,0.067773167
16,3,Empty_vector,ΔphoQ,stress,51,451,0.11308204
16,4,Empty_vector,ΔphoQ,stress,50,466,0.107296137
16,1,pYoaI,ΔphoQ,No_stress,48,351,0.136752137
16,2,pYoaI,ΔphoQ,No_stress,50,350,0.142857143
16,3,pYoaI,ΔphoQ,No_stress,43,398,0.108040201
16,4,pYoaI,ΔphoQ,No_stress,42,390,0.107692308
16,1,pYoaI,ΔphoQ,stress,181,308,0.587662338
16,2,pYoaI,ΔphoQ,stress,195,327,0.596330275
16,3,pYoaI,ΔphoQ,stress,275,337,0.816023739
16,4,pYoaI,ΔphoQ,stress,346,358,0.966480447
17,1,Empty_vector,Wild_type,No_stress,44,630,0.06984127
17,2,Empty_vector,Wild_type,No_stress,37,693,0.053391053
17,3,Empty_vector,Wild_type,No_stress,42,603,0.069651741
17,4,Empty_vector,Wild_type,No_stress,33,636,0.051886792
17,1,Empty_vector,Wild_type,stress,48,570,0.084210526
17,2,Empty_vector,Wild_type,stress,40,659,0.060698027
17,3,Empty_vector,Wild_type,stress,53,577,0.091854419
17,4,Empty_vector,Wild_type,stress,55,756,0.072751323
17,1,pYoaI,Wild_type,No_stress,52,618,0.084142395
17,2,pYoaI,Wild_type,No_stress,55,648,0.084876543
17,3,pYoaI,Wild_type,No_stress,43,476,0.090336134
17,4,pYoaI,Wild_type,No_stress,45,480,0.09375
17,1,pYoaI,Wild_type,stress,64,418,0.153110048
17,2,pYoaI,Wild_type,stress,71,400,0.1775
17,3,pYoaI,Wild_type,stress,73,421,0.173396675
17,4,pYoaI,Wild_type,stress,82,408,0.200980392
17,1,Empty_vector,ΔphoB,No_stress,48,723,0.066390041
17,2,Empty_vector,ΔphoB,No_stress,41,685,0.059854015
17,3,Empty_vector,ΔphoB,No_stress,51,685,0.074452555
17,4,Empty_vector,ΔphoB,No_stress,46,676,0.068047337
17,1,Empty_vector,ΔphoB,stress,58,737,0.078697422
17,2,Empty_vector,ΔphoB,stress,59,733,0.080491132
17,3,Empty_vector,ΔphoB,stress,60,709,0.084626234
17,4,Empty_vector,ΔphoB,stress,53,713,0.074333801
17,1,pYoaI,ΔphoB,No_stress,56,632,0.088607595
17,2,pYoaI,ΔphoB,No_stress,46,627,0.073365231
17,3,pYoaI,ΔphoB,No_stress,43,651,0.066052227
17,4,pYoaI,ΔphoB,No_stress,45,680,0.066176471
17,1,pYoaI,ΔphoB,stress,61,750,0.081333333
17,2,pYoaI,ΔphoB,stress,63,743,0.084791386
17,3,pYoaI,ΔphoB,stress,65,720,0.090277778
17,4,pYoaI,ΔphoB,stress,60,828,0.072463768
17,1,Empty_vector,ΔphoQ,No_stress,43,777,0.055341055
17,2,Empty_vector,ΔphoQ,No_stress,44,825,0.053333333
17,3,Empty_vector,ΔphoQ,No_stress,40,673,0.059435364
17,4,Empty_vector,ΔphoQ,No_stress,41,647,0.063369397
17,1,Empty_vector,ΔphoQ,stress,59,699,0.084406295
17,2,Empty_vector,ΔphoQ,stress,54,746,0.072386059
17,3,Empty_vector,ΔphoQ,stress,56,446,0.125560538
17,4,Empty_vector,ΔphoQ,stress,52,475,0.109473684
17,1,pYoaI,ΔphoQ,No_stress,44,355,0.123943662
17,2,pYoaI,ΔphoQ,No_stress,46,355,0.129577465
17,3,pYoaI,ΔphoQ,No_stress,42,408,0.102941176
17,4,pYoaI,ΔphoQ,No_stress,45,399,0.112781955
17,1,pYoaI,ΔphoQ,stress,188,320,0.5875
17,2,pYoaI,ΔphoQ,stress,199,337,0.590504451
17,3,pYoaI,ΔphoQ,stress,293,346,0.846820809
17,4,pYoaI,ΔphoQ,stress,365,366,0.99726776
18,1,Empty_vector,Wild_type,No_stress,43,652,0.06595092
18,2,Empty_vector,Wild_type,No_stress,44,713,0.06171108
18,3,Empty_vector,Wild_type,No_stress,42,616,0.068181818
18,4,Empty_vector,Wild_type,No_stress,38,651,0.058371736
18,1,Empty_vector,Wild_type,stress,41,583,0.070325901
18,2,Empty_vector,Wild_type,stress,45,682,0.065982405
18,3,Empty_vector,Wild_type,stress,50,592,0.084459459
18,4,Empty_vector,Wild_type,stress,46,770,0.05974026
18,1,pYoaI,Wild_type,No_stress,52,631,0.082408875
18,2,pYoaI,Wild_type,No_stress,54,658,0.082066869
18,3,pYoaI,Wild_type,No_stress,41,487,0.084188912
18,4,pYoaI,Wild_type,No_stress,49,491,0.099796334
18,1,pYoaI,Wild_type,stress,67,419,0.159904535
18,2,pYoaI,Wild_type,stress,64,403,0.158808933
18,3,pYoaI,Wild_type,stress,75,420,0.178571429
18,4,pYoaI,Wild_type,stress,83,410,0.202439024
18,1,Empty_vector,ΔphoB,No_stress,38,754,0.050397878
18,2,Empty_vector,ΔphoB,No_stress,50,696,0.07183908
18,3,Empty_vector,ΔphoB,No_stress,39,688,0.056686047
18,4,Empty_vector,ΔphoB,No_stress,36,695,0.051798561
18,1,Empty_vector,ΔphoB,stress,53,768,0.069010417
18,2,Empty_vector,ΔphoB,stress,64,754,0.084880637
18,3,Empty_vector,ΔphoB,stress,61,731,0.083447332
18,4,Empty_vector,ΔphoB,stress,53,766,0.069190601
18,1,pYoaI,ΔphoB,No_stress,50,645,0.07751938
18,2,pYoaI,ΔphoB,No_stress,45,640,0.0703125
18,3,pYoaI,ΔphoB,No_stress,47,664,0.070783133
18,4,pYoaI,ΔphoB,No_stress,47,703,0.06685633
18,1,pYoaI,ΔphoB,stress,61,785,0.077707006
18,2,pYoaI,ΔphoB,stress,62,782,0.079283887
18,3,pYoaI,ΔphoB,stress,66,757,0.087186262
18,4,pYoaI,ΔphoB,stress,66,862,0.076566125
18,1,Empty_vector,ΔphoQ,No_stress,39,802,0.048628429
18,2,Empty_vector,ΔphoQ,No_stress,49,843,0.058125741
18,3,Empty_vector,ΔphoQ,No_stress,42,685,0.061313869
18,4,Empty_vector,ΔphoQ,No_stress,43,665,0.064661654
18,1,Empty_vector,ΔphoQ,stress,57,713,0.079943899
18,2,Empty_vector,ΔphoQ,stress,58,757,0.07661823
18,3,Empty_vector,ΔphoQ,stress,60,451,0.133037694
18,4,Empty_vector,ΔphoQ,stress,51,483,0.105590062
18,1,pYoaI,ΔphoQ,No_stress,48,365,0.131506849
18,2,pYoaI,ΔphoQ,No_stress,49,358,0.136871508
18,3,pYoaI,ΔphoQ,No_stress,44,410,0.107317073
18,4,pYoaI,ΔphoQ,No_stress,45,405,0.111111111
18,1,pYoaI,ΔphoQ,stress,195,318,0.613207547
18,2,pYoaI,ΔphoQ,stress,204,337,0.605341246
18,3,pYoaI,ΔphoQ,stress,299,350,0.854285714
18,4,pYoaI,ΔphoQ,stress,382,376,1.015957447
19,1,Empty_vector,Wild_type,No_stress,41,660,0.062121212
19,2,Empty_vector,Wild_type,No_stress,43,718,0.059888579
19,3,Empty_vector,Wild_type,No_stress,39,628,0.062101911
19,4,Empty_vector,Wild_type,No_stress,43,670,0.064179104
19,1,Empty_vector,Wild_type,stress,55,595,0.092436975
19,2,Empty_vector,Wild_type,stress,55,694,0.07925072
19,3,Empty_vector,Wild_type,stress,53,615,0.086178862
19,4,Empty_vector,Wild_type,stress,44,792,0.055555556
19,1,pYoaI,Wild_type,No_stress,45,643,0.069984448
19,2,pYoaI,Wild_type,No_stress,50,666,0.075075075
19,3,pYoaI,Wild_type,No_stress,38,505,0.075247525
19,4,pYoaI,Wild_type,No_stress,53,512,0.103515625
19,1,pYoaI,Wild_type,stress,66,438,0.150684932
19,2,pYoaI,Wild_type,stress,72,397,0.181360202
19,3,pYoaI,Wild_type,stress,72,414,0.173913043
19,4,pYoaI,Wild_type,stress,82,399,0.205513784
19,1,Empty_vector,ΔphoB,No_stress,43,793,0.054224464
19,2,Empty_vector,ΔphoB,No_stress,41,720,0.056944444
19,3,Empty_vector,ΔphoB,No_stress,55,702,0.078347578
19,4,Empty_vector,ΔphoB,No_stress,41,713,0.057503506
19,1,Empty_vector,ΔphoB,stress,59,784,0.075255102
19,2,Empty_vector,ΔphoB,stress,62,773,0.080206986
19,3,Empty_vector,ΔphoB,stress,56,753,0.07436919
19,4,Empty_vector,ΔphoB,stress,52,816,0.06372549
19,1,pYoaI,ΔphoB,No_stress,42,668,0.062874251
19,2,pYoaI,ΔphoB,No_stress,45,661,0.068078669
19,3,pYoaI,ΔphoB,No_stress,45,672,0.066964286
19,4,pYoaI,ΔphoB,No_stress,47,716,0.065642458
19,1,pYoaI,ΔphoB,stress,54,802,0.067331671
19,2,pYoaI,ΔphoB,stress,67,803,0.083437111
19,3,pYoaI,ΔphoB,stress,64,795,0.080503145
19,4,pYoaI,ΔphoB,stress,60,913,0.065717415
19,1,Empty_vector,ΔphoQ,No_stress,40,810,0.049382716
19,2,Empty_vector,ΔphoQ,No_stress,41,864,0.047453704
19,3,Empty_vector,ΔphoQ,No_stress,53,709,0.074753173
19,4,Empty_vector,ΔphoQ,No_stress,53,680,0.077941176
19,1,Empty_vector,ΔphoQ,stress,46,728,0.063186813
19,2,Empty_vector,ΔphoQ,stress,56,781,0.071702945
19,3,Empty_vector,ΔphoQ,stress,61,457,0.133479212
19,4,Empty_vector,ΔphoQ,stress,49,485,0.101030928
19,1,pYoaI,ΔphoQ,No_stress,53,375,0.141333333
19,2,pYoaI,ΔphoQ,No_stress,59,362,0.162983425
19,3,pYoaI,ΔphoQ,No_stress,47,429,0.10955711
19,4,pYoaI,ΔphoQ,No_stress,42,412,0.101941748
19,1,pYoaI,ΔphoQ,stress,202,329,0.613981763
19,2,pYoaI,ΔphoQ,stress,207,338,0.612426036
19,3,pYoaI,ΔphoQ,stress,304,356,0.853932584
19,4,pYoaI,ΔphoQ,stress,406,384,1.057291667
20,1,Empty_vector,Wild_type,No_stress,44,679,0.064801178
20,2,Empty_vector,Wild_type,No_stress,53,736,0.07201087
20,3,Empty_vector,Wild_type,No_stress,43,630,0.068253968
20,4,Empty_vector,Wild_type,No_stress,50,668,0.074850299
20,1,Empty_vector,Wild_type,stress,53,604,0.087748344
20,2,Empty_vector,Wild_type,stress,53,697,0.076040172
20,3,Empty_vector,Wild_type,stress,56,631,0.088748019
20,4,Empty_vector,Wild_type,stress,52,809,0.064276885
20,1,pYoaI,Wild_type,No_stress,64,681,0.093979442
20,2,pYoaI,Wild_type,No_stress,33,692,0.047687861
20,3,pYoaI,Wild_type,No_stress,50,521,0.09596929
20,4,pYoaI,Wild_type,No_stress,43,521,0.082533589
20,1,pYoaI,Wild_type,stress,76,436,0.174311927
20,2,pYoaI,Wild_type,stress,70,410,0.170731707
20,3,pYoaI,Wild_type,stress,74,423,0.174940898
20,4,pYoaI,Wild_type,stress,85,396,0.214646465
20,1,Empty_vector,ΔphoB,No_stress,56,809,0.069221261
20,2,Empty_vector,ΔphoB,No_stress,48,736,0.065217391
20,3,Empty_vector,ΔphoB,No_stress,56,717,0.078103208
20,4,Empty_vector,ΔphoB,No_stress,48,722,0.066481994
20,1,Empty_vector,ΔphoB,stress,62,810,0.07654321
20,2,Empty_vector,ΔphoB,stress,64,788,0.081218274
20,3,Empty_vector,ΔphoB,stress,61,763,0.079947575
20,4,Empty_vector,ΔphoB,stress,60,850,0.070588235
20,1,pYoaI,ΔphoB,No_stress,48,680,0.070588235
20,2,pYoaI,ΔphoB,No_stress,44,669,0.065769806
20,3,pYoaI,ΔphoB,No_stress,43,686,0.062682216
20,4,pYoaI,ΔphoB,No_stress,42,739,0.056833559
20,1,pYoaI,ΔphoB,stress,65,831,0.078219013
20,2,pYoaI,ΔphoB,stress,70,819,0.085470085
20,3,pYoaI,ΔphoB,stress,56,805,0.069565217
20,4,pYoaI,ΔphoB,stress,60,964,0.062240664
20,1,Empty_vector,ΔphoQ,No_stress,46,832,0.055288462
20,2,Empty_vector,ΔphoQ,No_stress,39,893,0.043673012
20,3,Empty_vector,ΔphoQ,No_stress,44,724,0.060773481
20,4,Empty_vector,ΔphoQ,No_stress,48,698,0.068767908
20,1,Empty_vector,ΔphoQ,stress,62,750,0.082666667
20,2,Empty_vector,ΔphoQ,stress,55,804,0.06840796
20,3,Empty_vector,ΔphoQ,stress,50,463,0.107991361
20,4,Empty_vector,ΔphoQ,stress,47,499,0.094188377
20,1,pYoaI,ΔphoQ,No_stress,55,383,0.143603133
20,2,pYoaI,ΔphoQ,No_stress,55,371,0.148247978
20,3,pYoaI,ΔphoQ,No_stress,48,430,0.111627907
20,4,pYoaI,ΔphoQ,No_stress,46,426,0.107981221
20,1,pYoaI,ΔphoQ,stress,209,330,0.633333333
20,2,pYoaI,ΔphoQ,stress,234,348,0.672413793
20,3,pYoaI,ΔphoQ,stress,315,361,0.872576177
20,4,pYoaI,ΔphoQ,stress,428,391,1.094629156
21,1,Empty_vector,Wild_type,No_stress,41,689,0.059506531
21,2,Empty_vector,Wild_type,No_stress,46,746,0.061662198
21,3,Empty_vector,Wild_type,No_stress,39,635,0.061417323
21,4,Empty_vector,Wild_type,No_stress,44,683,0.064421669
21,1,Empty_vector,Wild_type,stress,47,615,0.076422764
21,2,Empty_vector,Wild_type,stress,48,722,0.066481994
21,3,Empty_vector,Wild_type,stress,53,647,0.081916538
21,4,Empty_vector,Wild_type,stress,51,832,0.061298077
21,1,pYoaI,Wild_type,No_stress,55,730,0.075342466
21,2,pYoaI,Wild_type,No_stress,40,690,0.057971014
21,3,pYoaI,Wild_type,No_stress,51,535,0.095327103
21,4,pYoaI,Wild_type,No_stress,45,533,0.084427767
21,1,pYoaI,Wild_type,stress,67,447,0.149888143
21,2,pYoaI,Wild_type,stress,70,416,0.168269231
21,3,pYoaI,Wild_type,stress,72,418,0.172248804
21,4,pYoaI,Wild_type,stress,76,377,0.201591512
21,1,Empty_vector,ΔphoB,No_stress,45,841,0.053507729
21,2,Empty_vector,ΔphoB,No_stress,50,766,0.065274151
21,3,Empty_vector,ΔphoB,No_stress,49,724,0.067679558
21,4,Empty_vector,ΔphoB,No_stress,45,738,0.06097561
21,1,Empty_vector,ΔphoB,stress,60,831,0.072202166
21,2,Empty_vector,ΔphoB,stress,60,802,0.074812968
21,3,Empty_vector,ΔphoB,stress,62,790,0.078481013
21,4,Empty_vector,ΔphoB,stress,60,888,0.067567568
21,1,pYoaI,ΔphoB,No_stress,51,709,0.071932299
21,2,pYoaI,ΔphoB,No_stress,44,684,0.064327485
21,3,pYoaI,ΔphoB,No_stress,48,699,0.068669528
21,4,pYoaI,ΔphoB,No_stress,48,746,0.064343164
21,1,pYoaI,ΔphoB,stress,62,843,0.073546856
21,2,pYoaI,ΔphoB,stress,66,841,0.078478002
21,3,pYoaI,ΔphoB,stress,63,832,0.075721154
21,4,pYoaI,ΔphoB,stress,67,1009,0.066402379
21,1,Empty_vector,ΔphoQ,No_stress,50,849,0.058892815
21,2,Empty_vector,ΔphoQ,No_stress,43,917,0.046892039
21,3,Empty_vector,ΔphoQ,No_stress,42,745,0.056375839
21,4,Empty_vector,ΔphoQ,No_stress,45,712,0.063202247
21,1,Empty_vector,ΔphoQ,stress,52,775,0.067096774
21,2,Empty_vector,ΔphoQ,stress,57,827,0.068923821
21,3,Empty_vector,ΔphoQ,stress,54,467,0.115631692
21,4,Empty_vector,ΔphoQ,stress,51,511,0.099804305
21,1,pYoaI,ΔphoQ,No_stress,49,391,0.125319693
21,2,pYoaI,ΔphoQ,No_stress,49,377,0.129973475
21,3,pYoaI,ΔphoQ,No_stress,44,436,0.100917431
21,4,pYoaI,ΔphoQ,No_stress,40,430,0.093023256
21,1,pYoaI,ΔphoQ,stress,217,334,0.649700599
21,2,pYoaI,ΔphoQ,stress,238,354,0.672316384
21,3,pYoaI,ΔphoQ,stress,331,368,0.899456522
21,4,pYoaI,ΔphoQ,stress,440,401,1.097256858