time,replicate,protein,OD,wild_type,strain,stress
0,1,yobF,0.109,mutant,small_protein,stress
0,2,yobF,0.109,mutant,small_protein,stress
0,3,yobF,0.11,mutant,small_protein,stress
0,4,yobF,0.108,mutant,small_protein,stress
0,1,yobF,0.11,mutant,small_protein,no_stress
0,2,yobF,0.11,mutant,small_protein,no_stress
0,3,yobF,0.11,mutant,small_protein,no_stress
0,4,yobF,0.109,mutant,small_protein,no_stress
0,1,yobF,0.12,mutant,empty_vector,stress
0,2,yobF,0.11,mutant,empty_vector,stress
0,3,yobF,0.108,mutant,empty_vector,stress
0,4,yobF,0.109,mutant,empty_vector,stress
0,1,yobF,0.108,mutant,empty_vector,no_stress
0,2,yobF,0.107,mutant,empty_vector,no_stress
0,3,yobF,0.108,mutant,empty_vector,no_stress
0,4,yobF,0.11,mutant,empty_vector,no_stress
0,1,yobF,0.109,mutant,stop,stress
0,2,yobF,0.118,mutant,stop,stress
0,3,yobF,0.111,mutant,stop,stress
0,4,yobF,0.108,mutant,stop,stress
0,1,yobF,0.109,mutant,stop,no_stress
0,2,yobF,0.111,mutant,stop,no_stress
0,3,yobF,0.112,mutant,stop,no_stress
0,4,yobF,0.112,mutant,stop,no_stress
1,1,yobF,0.134,mutant,small_protein,stress
1,2,yobF,0.136,mutant,small_protein,stress
1,3,yobF,0.137,mutant,small_protein,stress
1,4,yobF,0.134,mutant,small_protein,stress
1,1,yobF,0.137,mutant,small_protein,no_stress
1,2,yobF,0.137,mutant,small_protein,no_stress
1,3,yobF,0.139,mutant,small_protein,no_stress
1,4,yobF,0.136,mutant,small_protein,no_stress
1,1,yobF,0.144,mutant,empty_vector,stress
1,2,yobF,0.137,mutant,empty_vector,stress
1,3,yobF,0.133,mutant,empty_vector,stress
1,4,yobF,0.136,mutant,empty_vector,stress
1,1,yobF,0.137,mutant,empty_vector,no_stress
1,2,yobF,0.128,mutant,empty_vector,no_stress
1,3,yobF,0.134,mutant,empty_vector,no_stress
1,4,yobF,0.136,mutant,empty_vector,no_stress
1,1,yobF,0.134,mutant,stop,stress
1,2,yobF,0.139,mutant,stop,stress
1,3,yobF,0.136,mutant,stop,stress
1,4,yobF,0.134,mutant,stop,stress
1,1,yobF,0.134,mutant,stop,no_stress
1,2,yobF,0.133,mutant,stop,no_stress
1,3,yobF,0.139,mutant,stop,no_stress
1,4,yobF,0.136,mutant,stop,no_stress
2,1,yobF,0.16,mutant,small_protein,stress
2,2,yobF,0.162,mutant,small_protein,stress
2,3,yobF,0.172,mutant,small_protein,stress
2,4,yobF,0.168,mutant,small_protein,stress
2,1,yobF,0.164,mutant,small_protein,no_stress
2,2,yobF,0.164,mutant,small_protein,no_stress
2,3,yobF,0.163,mutant,small_protein,no_stress
2,4,yobF,0.161,mutant,small_protein,no_stress
2,1,yobF,0.184,mutant,empty_vector,stress
2,2,yobF,0.166,mutant,empty_vector,stress
2,3,yobF,0.161,mutant,empty_vector,stress
2,4,yobF,0.166,mutant,empty_vector,stress
2,1,yobF,0.157,mutant,empty_vector,no_stress
2,2,yobF,0.153,mutant,empty_vector,no_stress
2,3,yobF,0.159,mutant,empty_vector,no_stress
2,4,yobF,0.169,mutant,empty_vector,no_stress
2,1,yobF,0.167,mutant,stop,stress
2,2,yobF,0.172,mutant,stop,stress
2,3,yobF,0.16,mutant,stop,stress
2,4,yobF,0.161,mutant,stop,stress
2,1,yobF,0.156,mutant,stop,no_stress
2,2,yobF,0.162,mutant,stop,no_stress
2,3,yobF,0.165,mutant,stop,no_stress
2,4,yobF,0.173,mutant,stop,no_stress
3,1,yobF,0.204,mutant,small_protein,stress
3,2,yobF,0.2,mutant,small_protein,stress
3,3,yobF,0.207,mutant,small_protein,stress
3,4,yobF,0.202,mutant,small_protein,stress
3,1,yobF,0.208,mutant,small_protein,no_stress
3,2,yobF,0.207,mutant,small_protein,no_stress
3,3,yobF,0.205,mutant,small_protein,no_stress
3,4,yobF,0.207,mutant,small_protein,no_stress
3,1,yobF,0.229,mutant,empty_vector,stress
3,2,yobF,0.197,mutant,empty_vector,stress
3,3,yobF,0.195,mutant,empty_vector,stress
3,4,yobF,0.2,mutant,empty_vector,stress
3,1,yobF,0.193,mutant,empty_vector,no_stress
3,2,yobF,0.185,mutant,empty_vector,no_stress
3,3,yobF,0.195,mutant,empty_vector,no_stress
3,4,yobF,0.207,mutant,empty_vector,no_stress
3,1,yobF,0.207,mutant,stop,stress
3,2,yobF,0.199,mutant,stop,stress
3,3,yobF,0.193,mutant,stop,stress
3,4,yobF,0.196,mutant,stop,stress
3,1,yobF,0.192,mutant,stop,no_stress
3,2,yobF,0.198,mutant,stop,no_stress
3,3,yobF,0.198,mutant,stop,no_stress
3,4,yobF,0.209,mutant,stop,no_stress
4,1,yobF,0.319,mutant,small_protein,stress
4,2,yobF,0.323,mutant,small_protein,stress
4,3,yobF,0.329,mutant,small_protein,stress
4,4,yobF,0.322,mutant,small_protein,stress
4,1,yobF,0.337,mutant,small_protein,no_stress
4,2,yobF,0.326,mutant,small_protein,no_stress
4,3,yobF,0.316,mutant,small_protein,no_stress
4,4,yobF,0.311,mutant,small_protein,no_stress
4,1,yobF,0.316,mutant,empty_vector,stress
4,2,yobF,0.272,mutant,empty_vector,stress
4,3,yobF,0.28,mutant,empty_vector,stress
4,4,yobF,0.281,mutant,empty_vector,stress
4,1,yobF,0.288,mutant,empty_vector,no_stress
4,2,yobF,0.264,mutant,empty_vector,no_stress
4,3,yobF,0.281,mutant,empty_vector,no_stress
4,4,yobF,0.292,mutant,empty_vector,no_stress
4,1,yobF,0.291,mutant,stop,stress
4,2,yobF,0.267,mutant,stop,stress
4,3,yobF,0.262,mutant,stop,stress
4,4,yobF,0.274,mutant,stop,stress
4,1,yobF,0.279,mutant,stop,no_stress
4,2,yobF,0.279,mutant,stop,no_stress
4,3,yobF,0.276,mutant,stop,no_stress
4,4,yobF,0.3,mutant,stop,no_stress
5,1,yobF,0.546,mutant,small_protein,stress
5,2,yobF,0.575,mutant,small_protein,stress
5,3,yobF,0.547,mutant,small_protein,stress
5,4,yobF,0.566,mutant,small_protein,stress
5,1,yobF,0.621,mutant,small_protein,no_stress
5,2,yobF,0.643,mutant,small_protein,no_stress
5,3,yobF,0.687,mutant,small_protein,no_stress
5,4,yobF,0.601,mutant,small_protein,no_stress
5,1,yobF,0.412,mutant,empty_vector,stress
5,2,yobF,0.412,mutant,empty_vector,stress
5,3,yobF,0.377,mutant,empty_vector,stress
5,4,yobF,0.371,mutant,empty_vector,stress
5,1,yobF,0.449,mutant,empty_vector,no_stress
5,2,yobF,0.421,mutant,empty_vector,no_stress
5,3,yobF,0.476,mutant,empty_vector,no_stress
5,4,yobF,0.481,mutant,empty_vector,no_stress
5,1,yobF,0.376,mutant,stop,stress
5,2,yobF,0.353,mutant,stop,stress
5,3,yobF,0.376,mutant,stop,stress
5,4,yobF,0.372,mutant,stop,stress
5,1,yobF,0.463,mutant,stop,no_stress
5,2,yobF,0.445,mutant,stop,no_stress
5,3,yobF,0.435,mutant,stop,no_stress
5,4,yobF,0.458,mutant,stop,no_stress
6,1,yobF,0.627,mutant,small_protein,stress
6,2,yobF,0.62,mutant,small_protein,stress
6,3,yobF,0.664,mutant,small_protein,stress
6,4,yobF,0.631,mutant,small_protein,stress
6,1,yobF,0.688,mutant,small_protein,no_stress
6,2,yobF,0.645,mutant,small_protein,no_stress
6,3,yobF,0.695,mutant,small_protein,no_stress
6,4,yobF,0.669,mutant,small_protein,no_stress
6,1,yobF,0.415,mutant,empty_vector,stress
6,2,yobF,0.419,mutant,empty_vector,stress
6,3,yobF,0.423,mutant,empty_vector,stress
6,4,yobF,0.403,mutant,empty_vector,stress
6,1,yobF,0.481,mutant,empty_vector,no_stress
6,2,yobF,0.467,mutant,empty_vector,no_stress
6,3,yobF,0.495,mutant,empty_vector,no_stress
6,4,yobF,0.499,mutant,empty_vector,no_stress
6,1,yobF,0.423,mutant,stop,stress
6,2,yobF,0.385,mutant,stop,stress
6,3,yobF,0.416,mutant,stop,stress
6,4,yobF,0.412,mutant,stop,stress
6,1,yobF,0.475,mutant,stop,no_stress
6,2,yobF,0.467,mutant,stop,no_stress
6,3,yobF,0.432,mutant,stop,no_stress
6,4,yobF,0.483,mutant,stop,no_stress
7,1,yobF,0.669,mutant,small_protein,stress
7,2,yobF,0.642,mutant,small_protein,stress
7,3,yobF,0.633,mutant,small_protein,stress
7,4,yobF,0.653,mutant,small_protein,stress
7,1,yobF,0.684,mutant,small_protein,no_stress
7,2,yobF,0.684,mutant,small_protein,no_stress
7,3,yobF,0.659,mutant,small_protein,no_stress
7,4,yobF,0.698,mutant,small_protein,no_stress
7,1,yobF,0.41,mutant,empty_vector,stress
7,2,yobF,0.42,mutant,empty_vector,stress
7,3,yobF,0.427,mutant,empty_vector,stress
7,4,yobF,0.41,mutant,empty_vector,stress
7,1,yobF,0.512,mutant,empty_vector,no_stress
7,2,yobF,0.512,mutant,empty_vector,no_stress
7,3,yobF,0.521,mutant,empty_vector,no_stress
7,4,yobF,0.566,mutant,empty_vector,no_stress
7,1,yobF,0.428,mutant,stop,stress
7,2,yobF,0.392,mutant,stop,stress
7,3,yobF,0.426,mutant,stop,stress
7,4,yobF,0.416,mutant,stop,stress
7,1,yobF,0.514,mutant,stop,no_stress
7,2,yobF,0.51,mutant,stop,no_stress
7,3,yobF,0.464,mutant,stop,no_stress
7,4,yobF,0.554,mutant,stop,no_stress
8,1,yobF,0.68,mutant,small_protein,stress
8,2,yobF,0.618,mutant,small_protein,stress
8,3,yobF,0.615,mutant,small_protein,stress
8,4,yobF,0.625,mutant,small_protein,stress
8,1,yobF,0.681,mutant,small_protein,no_stress
8,2,yobF,0.688,mutant,small_protein,no_stress
8,3,yobF,0.686,mutant,small_protein,no_stress
8,4,yobF,0.779,mutant,small_protein,no_stress
8,1,yobF,0.415,mutant,empty_vector,stress
8,2,yobF,0.425,mutant,empty_vector,stress
8,3,yobF,0.426,mutant,empty_vector,stress
8,4,yobF,0.414,mutant,empty_vector,stress
8,1,yobF,0.531,mutant,empty_vector,no_stress
8,2,yobF,0.54,mutant,empty_vector,no_stress
8,3,yobF,0.545,mutant,empty_vector,no_stress
8,4,yobF,0.631,mutant,empty_vector,no_stress
8,1,yobF,0.425,mutant,stop,stress
8,2,yobF,0.381,mutant,stop,stress
8,3,yobF,0.423,mutant,stop,stress
8,4,yobF,0.419,mutant,stop,stress
8,1,yobF,0.531,mutant,stop,no_stress
8,2,yobF,0.542,mutant,stop,no_stress
8,3,yobF,0.475,mutant,stop,no_stress
8,4,yobF,0.603,mutant,stop,no_stress
9,1,yobF,0.696,mutant,small_protein,stress
9,2,yobF,0.613,mutant,small_protein,stress
9,3,yobF,0.617,mutant,small_protein,stress
9,4,yobF,0.618,mutant,small_protein,stress
9,1,yobF,0.69,mutant,small_protein,no_stress
9,2,yobF,0.693,mutant,small_protein,no_stress
9,3,yobF,0.717,mutant,small_protein,no_stress
9,4,yobF,0.771,mutant,small_protein,no_stress
9,1,yobF,0.42,mutant,empty_vector,stress
9,2,yobF,0.417,mutant,empty_vector,stress
9,3,yobF,0.432,mutant,empty_vector,stress
9,4,yobF,0.421,mutant,empty_vector,stress
9,1,yobF,0.552,mutant,empty_vector,no_stress
9,2,yobF,0.574,mutant,empty_vector,no_stress
9,3,yobF,0.567,mutant,empty_vector,no_stress
9,4,yobF,0.684,mutant,empty_vector,no_stress
9,1,yobF,0.426,mutant,stop,stress
9,2,yobF,0.379,mutant,stop,stress
9,3,yobF,0.418,mutant,stop,stress
9,4,yobF,0.409,mutant,stop,stress
9,1,yobF,0.548,mutant,stop,no_stress
9,2,yobF,0.563,mutant,stop,no_stress
9,3,yobF,0.485,mutant,stop,no_stress
9,4,yobF,0.653,mutant,stop,no_stress
10,1,yobF,0.712,mutant,small_protein,stress
10,2,yobF,0.614,mutant,small_protein,stress
10,3,yobF,0.616,mutant,small_protein,stress
10,4,yobF,0.616,mutant,small_protein,stress
10,1,yobF,0.697,mutant,small_protein,no_stress
10,2,yobF,0.715,mutant,small_protein,no_stress
10,3,yobF,0.738,mutant,small_protein,no_stress
10,4,yobF,0.799,mutant,small_protein,no_stress
10,1,yobF,0.425,mutant,empty_vector,stress
10,2,yobF,0.412,mutant,empty_vector,stress
10,3,yobF,0.431,mutant,empty_vector,stress
10,4,yobF,0.421,mutant,empty_vector,stress
10,1,yobF,0.579,mutant,empty_vector,no_stress
10,2,yobF,0.607,mutant,empty_vector,no_stress
10,3,yobF,0.578,mutant,empty_vector,no_stress
10,4,yobF,0.745,mutant,empty_vector,no_stress
10,1,yobF,0.43,mutant,stop,stress
10,2,yobF,0.376,mutant,stop,stress
10,3,yobF,0.41,mutant,stop,stress
10,4,yobF,0.401,mutant,stop,stress
10,1,yobF,0.57,mutant,stop,no_stress
10,2,yobF,0.611,mutant,stop,no_stress
10,3,yobF,0.497,mutant,stop,no_stress
10,4,yobF,0.659,mutant,stop,no_stress
11,1,yobF,0.72,mutant,small_protein,stress
11,2,yobF,0.622,mutant,small_protein,stress
11,3,yobF,0.615,mutant,small_protein,stress
11,4,yobF,0.61,mutant,small_protein,stress
11,1,yobF,0.705,mutant,small_protein,no_stress
11,2,yobF,0.723,mutant,small_protein,no_stress
11,3,yobF,0.754,mutant,small_protein,no_stress
11,4,yobF,0.83,mutant,small_protein,no_stress
11,1,yobF,0.426,mutant,empty_vector,stress
11,2,yobF,0.409,mutant,empty_vector,stress
11,3,yobF,0.425,mutant,empty_vector,stress
11,4,yobF,0.418,mutant,empty_vector,stress
11,1,yobF,0.594,mutant,empty_vector,no_stress
11,2,yobF,0.614,mutant,empty_vector,no_stress
11,3,yobF,0.598,mutant,empty_vector,no_stress
11,4,yobF,0.768,mutant,empty_vector,no_stress
11,1,yobF,0.43,mutant,stop,stress
11,2,yobF,0.375,mutant,stop,stress
11,3,yobF,0.407,mutant,stop,stress
11,4,yobF,0.401,mutant,stop,stress
11,1,yobF,0.584,mutant,stop,no_stress
11,2,yobF,0.623,mutant,stop,no_stress
11,3,yobF,0.509,mutant,stop,no_stress
11,4,yobF,0.689,mutant,stop,no_stress
12,1,yobF,0.701,mutant,small_protein,stress
12,2,yobF,0.602,mutant,small_protein,stress
12,3,yobF,0.602,mutant,small_protein,stress
12,4,yobF,0.595,mutant,small_protein,stress
12,1,yobF,0.719,mutant,small_protein,no_stress
12,2,yobF,0.725,mutant,small_protein,no_stress
12,3,yobF,0.76,mutant,small_protein,no_stress
12,4,yobF,0.833,mutant,small_protein,no_stress
12,1,yobF,0.429,mutant,empty_vector,stress
12,2,yobF,0.408,mutant,empty_vector,stress
12,3,yobF,0.425,mutant,empty_vector,stress
12,4,yobF,0.418,mutant,empty_vector,stress
12,1,yobF,0.603,mutant,empty_vector,no_stress
12,2,yobF,0.623,mutant,empty_vector,no_stress
12,3,yobF,0.614,mutant,empty_vector,no_stress
12,4,yobF,0.771,mutant,empty_vector,no_stress
12,1,yobF,0.429,mutant,stop,stress
12,2,yobF,0.376,mutant,stop,stress
12,3,yobF,0.406,mutant,stop,stress
12,4,yobF,0.399,mutant,stop,stress
12,1,yobF,0.603,mutant,stop,no_stress
12,2,yobF,0.64,mutant,stop,no_stress
12,3,yobF,0.519,mutant,stop,no_stress
12,4,yobF,0.759,mutant,stop,no_stress
13,1,yobF,0.69,mutant,small_protein,stress
13,2,yobF,0.594,mutant,small_protein,stress
13,3,yobF,0.596,mutant,small_protein,stress
13,4,yobF,0.582,mutant,small_protein,stress
13,1,yobF,0.718,mutant,small_protein,no_stress
13,2,yobF,0.729,mutant,small_protein,no_stress
13,3,yobF,0.757,mutant,small_protein,no_stress
13,4,yobF,0.846,mutant,small_protein,no_stress
13,1,yobF,0.43,mutant,empty_vector,stress
13,2,yobF,0.409,mutant,empty_vector,stress
13,3,yobF,0.426,mutant,empty_vector,stress
13,4,yobF,0.42,mutant,empty_vector,stress
13,1,yobF,0.615,mutant,empty_vector,no_stress
13,2,yobF,0.636,mutant,empty_vector,no_stress
13,3,yobF,0.622,mutant,empty_vector,no_stress
13,4,yobF,0.799,mutant,empty_vector,no_stress
13,1,yobF,0.43,mutant,stop,stress
13,2,yobF,0.377,mutant,stop,stress
13,3,yobF,0.406,mutant,stop,stress
13,4,yobF,0.401,mutant,stop,stress
13,1,yobF,0.612,mutant,stop,no_stress
13,2,yobF,0.652,mutant,stop,no_stress
13,3,yobF,0.525,mutant,stop,no_stress
13,4,yobF,0.819,mutant,stop,no_stress
14,1,yobF,0.671,mutant,small_protein,stress
14,2,yobF,0.59,mutant,small_protein,stress
14,3,yobF,0.586,mutant,small_protein,stress
14,4,yobF,0.572,mutant,small_protein,stress
14,1,yobF,0.719,mutant,small_protein,no_stress
14,2,yobF,0.729,mutant,small_protein,no_stress
14,3,yobF,0.767,mutant,small_protein,no_stress
14,4,yobF,0.875,mutant,small_protein,no_stress
14,1,yobF,0.433,mutant,empty_vector,stress
14,2,yobF,0.41,mutant,empty_vector,stress
14,3,yobF,0.429,mutant,empty_vector,stress
14,4,yobF,0.42,mutant,empty_vector,stress
14,1,yobF,0.621,mutant,empty_vector,no_stress
14,2,yobF,0.643,mutant,empty_vector,no_stress
14,3,yobF,0.629,mutant,empty_vector,no_stress
14,4,yobF,0.84,mutant,empty_vector,no_stress
14,1,yobF,0.433,mutant,stop,stress
14,2,yobF,0.381,mutant,stop,stress
14,3,yobF,0.408,mutant,stop,stress
14,4,yobF,0.403,mutant,stop,stress
14,1,yobF,0.621,mutant,stop,no_stress
14,2,yobF,0.685,mutant,stop,no_stress
14,3,yobF,0.532,mutant,stop,no_stress
14,4,yobF,0.858,mutant,stop,no_stress
15,1,yobF,0.656,mutant,small_protein,stress
15,2,yobF,0.58,mutant,small_protein,stress
15,3,yobF,0.579,mutant,small_protein,stress
15,4,yobF,0.565,mutant,small_protein,stress
15,1,yobF,0.717,mutant,small_protein,no_stress
15,2,yobF,0.735,mutant,small_protein,no_stress
15,3,yobF,0.785,mutant,small_protein,no_stress
15,4,yobF,0.884,mutant,small_protein,no_stress
15,1,yobF,0.439,mutant,empty_vector,stress
15,2,yobF,0.414,mutant,empty_vector,stress
15,3,yobF,0.434,mutant,empty_vector,stress
15,4,yobF,0.424,mutant,empty_vector,stress
15,1,yobF,0.631,mutant,empty_vector,no_stress
15,2,yobF,0.662,mutant,empty_vector,no_stress
15,3,yobF,0.633,mutant,empty_vector,no_stress
15,4,yobF,0.883,mutant,empty_vector,no_stress
15,1,yobF,0.436,mutant,stop,stress
15,2,yobF,0.383,mutant,stop,stress
15,3,yobF,0.412,mutant,stop,stress
15,4,yobF,0.406,mutant,stop,stress
15,1,yobF,0.636,mutant,stop,no_stress
15,2,yobF,0.731,mutant,stop,no_stress
15,3,yobF,0.545,mutant,stop,no_stress
15,4,yobF,0.9,mutant,stop,no_stress
16,1,yobF,0.662,mutant,small_protein,stress
16,2,yobF,0.575,mutant,small_protein,stress
16,3,yobF,0.572,mutant,small_protein,stress
16,4,yobF,0.561,mutant,small_protein,stress
16,1,yobF,0.716,mutant,small_protein,no_stress
16,2,yobF,0.74,mutant,small_protein,no_stress
16,3,yobF,0.793,mutant,small_protein,no_stress
16,4,yobF,0.897,mutant,small_protein,no_stress
16,1,yobF,0.443,mutant,empty_vector,stress
16,2,yobF,0.422,mutant,empty_vector,stress
16,3,yobF,0.439,mutant,empty_vector,stress
16,4,yobF,0.428,mutant,empty_vector,stress
16,1,yobF,0.663,mutant,empty_vector,no_stress
16,2,yobF,0.73,mutant,empty_vector,no_stress
16,3,yobF,0.645,mutant,empty_vector,no_stress
16,4,yobF,0.903,mutant,empty_vector,no_stress
16,1,yobF,0.443,mutant,stop,stress
16,2,yobF,0.387,mutant,stop,stress
16,3,yobF,0.418,mutant,stop,stress
16,4,yobF,0.413,mutant,stop,stress
16,1,yobF,0.652,mutant,stop,no_stress
16,2,yobF,0.766,mutant,stop,no_stress
16,3,yobF,0.557,mutant,stop,no_stress
16,4,yobF,0.907,mutant,stop,no_stress
17,1,yobF,0.65,mutant,small_protein,stress
17,2,yobF,0.566,mutant,small_protein,stress
17,3,yobF,0.571,mutant,small_protein,stress
17,4,yobF,0.563,mutant,small_protein,stress
17,1,yobF,0.721,mutant,small_protein,no_stress
17,2,yobF,0.754,mutant,small_protein,no_stress
17,3,yobF,0.802,mutant,small_protein,no_stress
17,4,yobF,0.923,mutant,small_protein,no_stress
17,1,yobF,0.45,mutant,empty_vector,stress
17,2,yobF,0.428,mutant,empty_vector,stress
17,3,yobF,0.443,mutant,empty_vector,stress
17,4,yobF,0.432,mutant,empty_vector,stress
17,1,yobF,0.697,mutant,empty_vector,no_stress
17,2,yobF,0.762,mutant,empty_vector,no_stress
17,3,yobF,0.655,mutant,empty_vector,no_stress
17,4,yobF,0.938,mutant,empty_vector,no_stress
17,1,yobF,0.45,mutant,stop,stress
17,2,yobF,0.395,mutant,stop,stress
17,3,yobF,0.426,mutant,stop,stress
17,4,yobF,0.421,mutant,stop,stress
17,1,yobF,0.669,mutant,stop,no_stress
17,2,yobF,0.8,mutant,stop,no_stress
17,3,yobF,0.569,mutant,stop,no_stress
17,4,yobF,0.887,mutant,stop,no_stress
18,1,yobF,0.674,mutant,small_protein,stress
18,2,yobF,0.573,mutant,small_protein,stress
18,3,yobF,0.579,mutant,small_protein,stress
18,4,yobF,0.57,mutant,small_protein,stress
18,1,yobF,0.73,mutant,small_protein,no_stress
18,2,yobF,0.772,mutant,small_protein,no_stress
18,3,yobF,0.817,mutant,small_protein,no_stress
18,4,yobF,0.938,mutant,small_protein,no_stress
18,1,yobF,0.457,mutant,empty_vector,stress
18,2,yobF,0.435,mutant,empty_vector,stress
18,3,yobF,0.451,mutant,empty_vector,stress
18,4,yobF,0.438,mutant,empty_vector,stress
18,1,yobF,0.728,mutant,empty_vector,no_stress
18,2,yobF,0.777,mutant,empty_vector,no_stress
18,3,yobF,0.666,mutant,empty_vector,no_stress
18,4,yobF,0.953,mutant,empty_vector,no_stress
18,1,yobF,0.453,mutant,stop,stress
18,2,yobF,0.405,mutant,stop,stress
18,3,yobF,0.433,mutant,stop,stress
18,4,yobF,0.43,mutant,stop,stress
18,1,yobF,0.698,mutant,stop,no_stress
18,2,yobF,0.825,mutant,stop,no_stress
18,3,yobF,0.584,mutant,stop,no_stress
18,4,yobF,0.906,mutant,stop,no_stress
19,1,yobF,0.681,mutant,small_protein,stress
19,2,yobF,0.586,mutant,small_protein,stress
19,3,yobF,0.58,mutant,small_protein,stress
19,4,yobF,0.576,mutant,small_protein,stress
19,1,yobF,0.737,mutant,small_protein,no_stress
19,2,yobF,0.77,mutant,small_protein,no_stress
19,3,yobF,0.812,mutant,small_protein,no_stress
19,4,yobF,0.938,mutant,small_protein,no_stress
19,1,yobF,0.47,mutant,empty_vector,stress
19,2,yobF,0.443,mutant,empty_vector,stress
19,3,yobF,0.456,mutant,empty_vector,stress
19,4,yobF,0.443,mutant,empty_vector,stress
19,1,yobF,0.746,mutant,empty_vector,no_stress
19,2,yobF,0.809,mutant,empty_vector,no_stress
19,3,yobF,0.682,mutant,empty_vector,no_stress
19,4,yobF,0.937,mutant,empty_vector,no_stress
19,1,yobF,0.46,mutant,stop,stress
19,2,yobF,0.416,mutant,stop,stress
19,3,yobF,0.438,mutant,stop,stress
19,4,yobF,0.435,mutant,stop,stress
19,1,yobF,0.721,mutant,stop,no_stress
19,2,yobF,0.853,mutant,stop,no_stress
19,3,yobF,0.601,mutant,stop,no_stress
19,4,yobF,0.935,mutant,stop,no_stress
20,1,yobF,0.661,mutant,small_protein,stress
20,2,yobF,0.588,mutant,small_protein,stress
20,3,yobF,0.581,mutant,small_protein,stress
20,4,yobF,0.578,mutant,small_protein,stress
20,1,yobF,0.743,mutant,small_protein,no_stress
20,2,yobF,0.767,mutant,small_protein,no_stress
20,3,yobF,0.805,mutant,small_protein,no_stress
20,4,yobF,0.94,mutant,small_protein,no_stress
20,1,yobF,0.484,mutant,empty_vector,stress
20,2,yobF,0.452,mutant,empty_vector,stress
20,3,yobF,0.46,mutant,empty_vector,stress
20,4,yobF,0.447,mutant,empty_vector,stress
20,1,yobF,0.758,mutant,empty_vector,no_stress
20,2,yobF,0.831,mutant,empty_vector,no_stress
20,3,yobF,0.694,mutant,empty_vector,no_stress
20,4,yobF,0.888,mutant,empty_vector,no_stress
20,1,yobF,0.466,mutant,stop,stress
20,2,yobF,0.428,mutant,stop,stress
20,3,yobF,0.445,mutant,stop,stress
20,4,yobF,0.44,mutant,stop,stress
20,1,yobF,0.745,mutant,stop,no_stress
20,2,yobF,0.883,mutant,stop,no_stress
20,3,yobF,0.618,mutant,stop,no_stress
20,4,yobF,0.949,mutant,stop,no_stress
0,1,yobF,0.113,wild_type,empty_vector,stress
0,2,yobF,0.116,wild_type,empty_vector,stress
0,3,yobF,0.116,wild_type,empty_vector,stress
0,4,yobF,0.115,wild_type,empty_vector,stress
0,1,yobF,0.113,wild_type,empty_vector,no_stress
0,2,yobF,0.115,wild_type,empty_vector,no_stress
0,3,yobF,0.113,wild_type,empty_vector,no_stress
0,4,yobF,0.113,wild_type,empty_vector,no_stress
1,1,yobF,0.14,wild_type,empty_vector,stress
1,2,yobF,0.144,wild_type,empty_vector,stress
1,3,yobF,0.148,wild_type,empty_vector,stress
1,4,yobF,0.144,wild_type,empty_vector,stress
1,1,yobF,0.142,wild_type,empty_vector,no_stress
1,2,yobF,0.148,wild_type,empty_vector,no_stress
1,3,yobF,0.141,wild_type,empty_vector,no_stress
1,4,yobF,0.143,wild_type,empty_vector,no_stress
2,1,yobF,0.175,wild_type,empty_vector,stress
2,2,yobF,0.176,wild_type,empty_vector,stress
2,3,yobF,0.175,wild_type,empty_vector,stress
2,4,yobF,0.179,wild_type,empty_vector,stress
2,1,yobF,0.175,wild_type,empty_vector,no_stress
2,2,yobF,0.178,wild_type,empty_vector,no_stress
2,3,yobF,0.177,wild_type,empty_vector,no_stress
2,4,yobF,0.171,wild_type,empty_vector,no_stress
3,1,yobF,0.229,wild_type,empty_vector,stress
3,2,yobF,0.23,wild_type,empty_vector,stress
3,3,yobF,0.235,wild_type,empty_vector,stress
3,4,yobF,0.234,wild_type,empty_vector,stress
3,1,yobF,0.198,wild_type,empty_vector,no_stress
3,2,yobF,0.225,wild_type,empty_vector,no_stress
3,3,yobF,0.22,wild_type,empty_vector,no_stress
3,4,yobF,0.218,wild_type,empty_vector,no_stress
4,1,yobF,0.264,wild_type,empty_vector,stress
4,2,yobF,0.301,wild_type,empty_vector,stress
4,3,yobF,0.313,wild_type,empty_vector,stress
4,4,yobF,0.311,wild_type,empty_vector,stress
4,1,yobF,0.29,wild_type,empty_vector,no_stress
4,2,yobF,0.322,wild_type,empty_vector,no_stress
4,3,yobF,0.324,wild_type,empty_vector,no_stress
4,4,yobF,0.351,wild_type,empty_vector,no_stress
5,1,yobF,0.497,wild_type,empty_vector,stress
5,2,yobF,0.497,wild_type,empty_vector,stress
5,3,yobF,0.518,wild_type,empty_vector,stress
5,4,yobF,0.506,wild_type,empty_vector,stress
5,1,yobF,0.484,wild_type,empty_vector,no_stress
5,2,yobF,0.553,wild_type,empty_vector,no_stress
5,3,yobF,0.567,wild_type,empty_vector,no_stress
5,4,yobF,0.583,wild_type,empty_vector,no_stress
6,1,yobF,0.574,wild_type,empty_vector,stress
6,2,yobF,0.574,wild_type,empty_vector,stress
6,3,yobF,0.603,wild_type,empty_vector,stress
6,4,yobF,0.59,wild_type,empty_vector,stress
6,1,yobF,0.49,wild_type,empty_vector,no_stress
6,2,yobF,0.593,wild_type,empty_vector,no_stress
6,3,yobF,0.619,wild_type,empty_vector,no_stress
6,4,yobF,0.653,wild_type,empty_vector,no_stress
7,1,yobF,0.558,wild_type,empty_vector,stress
7,2,yobF,0.558,wild_type,empty_vector,stress
7,3,yobF,0.597,wild_type,empty_vector,stress
7,4,yobF,0.583,wild_type,empty_vector,stress
7,1,yobF,0.511,wild_type,empty_vector,no_stress
7,2,yobF,0.618,wild_type,empty_vector,no_stress
7,3,yobF,0.64,wild_type,empty_vector,no_stress
7,4,yobF,0.685,wild_type,empty_vector,no_stress
8,1,yobF,0.569,wild_type,empty_vector,stress
8,2,yobF,0.569,wild_type,empty_vector,stress
8,3,yobF,0.606,wild_type,empty_vector,stress
8,4,yobF,0.592,wild_type,empty_vector,stress
8,1,yobF,0.529,wild_type,empty_vector,no_stress
8,2,yobF,0.643,wild_type,empty_vector,no_stress
8,3,yobF,0.686,wild_type,empty_vector,no_stress
8,4,yobF,0.72,wild_type,empty_vector,no_stress
9,1,yobF,0.582,wild_type,empty_vector,stress
9,2,yobF,0.582,wild_type,empty_vector,stress
9,3,yobF,0.613,wild_type,empty_vector,stress
9,4,yobF,0.596,wild_type,empty_vector,stress
9,1,yobF,0.54,wild_type,empty_vector,no_stress
9,2,yobF,0.658,wild_type,empty_vector,no_stress
9,3,yobF,0.717,wild_type,empty_vector,no_stress
9,4,yobF,0.756,wild_type,empty_vector,no_stress
10,1,yobF,0.586,wild_type,empty_vector,stress
10,2,yobF,0.586,wild_type,empty_vector,stress
10,3,yobF,0.607,wild_type,empty_vector,stress
10,4,yobF,0.593,wild_type,empty_vector,stress
10,1,yobF,0.551,wild_type,empty_vector,no_stress
10,2,yobF,0.666,wild_type,empty_vector,no_stress
10,3,yobF,0.735,wild_type,empty_vector,no_stress
10,4,yobF,0.781,wild_type,empty_vector,no_stress
11,1,yobF,0.594,wild_type,empty_vector,stress
11,2,yobF,0.594,wild_type,empty_vector,stress
11,3,yobF,0.611,wild_type,empty_vector,stress
11,4,yobF,0.593,wild_type,empty_vector,stress
11,1,yobF,0.556,wild_type,empty_vector,no_stress
11,2,yobF,0.683,wild_type,empty_vector,no_stress
11,3,yobF,0.766,wild_type,empty_vector,no_stress
11,4,yobF,0.806,wild_type,empty_vector,no_stress
12,1,yobF,0.588,wild_type,empty_vector,stress
12,2,yobF,0.588,wild_type,empty_vector,stress
12,3,yobF,0.605,wild_type,empty_vector,stress
12,4,yobF,0.585,wild_type,empty_vector,stress
12,1,yobF,0.559,wild_type,empty_vector,no_stress
12,2,yobF,0.694,wild_type,empty_vector,no_stress
12,3,yobF,0.769,wild_type,empty_vector,no_stress
12,4,yobF,0.811,wild_type,empty_vector,no_stress
13,1,yobF,0.564,wild_type,empty_vector,stress
13,2,yobF,0.564,wild_type,empty_vector,stress
13,3,yobF,0.591,wild_type,empty_vector,stress
13,4,yobF,0.568,wild_type,empty_vector,stress
13,1,yobF,0.567,wild_type,empty_vector,no_stress
13,2,yobF,0.717,wild_type,empty_vector,no_stress
13,3,yobF,0.752,wild_type,empty_vector,no_stress
13,4,yobF,0.769,wild_type,empty_vector,no_stress
14,1,yobF,0.538,wild_type,empty_vector,stress
14,2,yobF,0.538,wild_type,empty_vector,stress
14,3,yobF,0.566,wild_type,empty_vector,stress
14,4,yobF,0.554,wild_type,empty_vector,stress
14,1,yobF,0.575,wild_type,empty_vector,no_stress
14,2,yobF,0.701,wild_type,empty_vector,no_stress
14,3,yobF,0.702,wild_type,empty_vector,no_stress
14,4,yobF,0.76,wild_type,empty_vector,no_stress
15,1,yobF,0.533,wild_type,empty_vector,stress
15,2,yobF,0.533,wild_type,empty_vector,stress
15,3,yobF,0.547,wild_type,empty_vector,stress
15,4,yobF,0.53,wild_type,empty_vector,stress
15,1,yobF,0.582,wild_type,empty_vector,no_stress
15,2,yobF,0.675,wild_type,empty_vector,no_stress
15,3,yobF,0.685,wild_type,empty_vector,no_stress
15,4,yobF,0.743,wild_type,empty_vector,no_stress
16,1,yobF,0.528,wild_type,empty_vector,stress
16,2,yobF,0.528,wild_type,empty_vector,stress
16,3,yobF,0.548,wild_type,empty_vector,stress
16,4,yobF,0.529,wild_type,empty_vector,stress
16,1,yobF,0.589,wild_type,empty_vector,no_stress
16,2,yobF,0.654,wild_type,empty_vector,no_stress
16,3,yobF,0.681,wild_type,empty_vector,no_stress
16,4,yobF,0.763,wild_type,empty_vector,no_stress
17,1,yobF,0.537,wild_type,empty_vector,stress
17,2,yobF,0.537,wild_type,empty_vector,stress
17,3,yobF,0.555,wild_type,empty_vector,stress
17,4,yobF,0.532,wild_type,empty_vector,stress
17,1,yobF,0.596,wild_type,empty_vector,no_stress
17,2,yobF,0.649,wild_type,empty_vector,no_stress
17,3,yobF,0.692,wild_type,empty_vector,no_stress
17,4,yobF,0.764,wild_type,empty_vector,no_stress
18,1,yobF,0.544,wild_type,empty_vector,stress
18,2,yobF,0.544,wild_type,empty_vector,stress
18,3,yobF,0.561,wild_type,empty_vector,stress
18,4,yobF,0.543,wild_type,empty_vector,stress
18,1,yobF,0.606,wild_type,empty_vector,no_stress
18,2,yobF,0.652,wild_type,empty_vector,no_stress
18,3,yobF,0.717,wild_type,empty_vector,no_stress
18,4,yobF,0.807,wild_type,empty_vector,no_stress
19,1,yobF,0.552,wild_type,empty_vector,stress
19,2,yobF,0.552,wild_type,empty_vector,stress
19,3,yobF,0.56,wild_type,empty_vector,stress
19,4,yobF,0.545,wild_type,empty_vector,stress
19,1,yobF,0.62,wild_type,empty_vector,no_stress
19,2,yobF,0.656,wild_type,empty_vector,no_stress
19,3,yobF,0.734,wild_type,empty_vector,no_stress
19,4,yobF,0.825,wild_type,empty_vector,no_stress
20,1,yobF,0.555,wild_type,empty_vector,stress
20,2,yobF,0.555,wild_type,empty_vector,stress
20,3,yobF,0.559,wild_type,empty_vector,stress
20,4,yobF,0.543,wild_type,empty_vector,stress
20,1,yobF,0.631,wild_type,empty_vector,no_stress
20,2,yobF,0.66,wild_type,empty_vector,no_stress
20,3,yobF,0.74,wild_type,empty_vector,no_stress
20,4,yobF,0.831,wild_type,empty_vector,no_stress
0,1,pmrR,0.108,mutant,small_protein,stress
0,2,pmrR,0.11,mutant,small_protein,stress
0,3,pmrR,0.109,mutant,small_protein,stress
0,4,pmrR,0.11,mutant,small_protein,stress
0,1,pmrR,0.106,mutant,small_protein,no_stress
0,2,pmrR,0.109,mutant,small_protein,no_stress
0,3,pmrR,0.11,mutant,small_protein,no_stress
0,4,pmrR,0.108,mutant,small_protein,no_stress
0,1,pmrR,0.107,mutant,empty_vector,stress
0,2,pmrR,0.109,mutant,empty_vector,stress
0,3,pmrR,0.111,mutant,empty_vector,stress
0,4,pmrR,0.11,mutant,empty_vector,stress
0,1,pmrR,0.108,mutant,empty_vector,no_stress
0,2,pmrR,0.109,mutant,empty_vector,no_stress
0,3,pmrR,0.113,mutant,empty_vector,no_stress
0,4,pmrR,0.11,mutant,empty_vector,no_stress
0,1,pmrR,0.115,mutant,stop,stress
0,2,pmrR,0.11,mutant,stop,stress
0,3,pmrR,0.11,mutant,stop,stress
0,4,pmrR,0.109,mutant,stop,stress
0,1,pmrR,0.111,mutant,stop,no_stress
0,2,pmrR,0.11,mutant,stop,no_stress
0,3,pmrR,0.109,mutant,stop,no_stress
0,4,pmrR,0.108,mutant,stop,no_stress
1,1,pmrR,0.134,mutant,small_protein,stress
1,2,pmrR,0.142,mutant,small_protein,stress
1,3,pmrR,0.142,mutant,small_protein,stress
1,4,pmrR,0.142,mutant,small_protein,stress
1,1,pmrR,0.135,mutant,small_protein,no_stress
1,2,pmrR,0.14,mutant,small_protein,no_stress
1,3,pmrR,0.139,mutant,small_protein,no_stress
1,4,pmrR,0.14,mutant,small_protein,no_stress
1,1,pmrR,0.138,mutant,empty_vector,stress
1,2,pmrR,0.141,mutant,empty_vector,stress
1,3,pmrR,0.144,mutant,empty_vector,stress
1,4,pmrR,0.141,mutant,empty_vector,stress
1,1,pmrR,0.138,mutant,empty_vector,no_stress
1,2,pmrR,0.14,mutant,empty_vector,no_stress
1,3,pmrR,0.143,mutant,empty_vector,no_stress
1,4,pmrR,0.144,mutant,empty_vector,no_stress
1,1,pmrR,0.146,mutant,stop,stress
1,2,pmrR,0.144,mutant,stop,stress
1,3,pmrR,0.143,mutant,stop,stress
1,4,pmrR,0.142,mutant,stop,stress
1,1,pmrR,0.143,mutant,stop,no_stress
1,2,pmrR,0.141,mutant,stop,no_stress
1,3,pmrR,0.136,mutant,stop,no_stress
1,4,pmrR,0.137,mutant,stop,no_stress
2,1,pmrR,0.155,mutant,small_protein,stress
2,2,pmrR,0.163,mutant,small_protein,stress
2,3,pmrR,0.164,mutant,small_protein,stress
2,4,pmrR,0.163,mutant,small_protein,stress
2,1,pmrR,0.149,mutant,small_protein,no_stress
2,2,pmrR,0.162,mutant,small_protein,no_stress
2,3,pmrR,0.161,mutant,small_protein,no_stress
2,4,pmrR,0.155,mutant,small_protein,no_stress
2,1,pmrR,0.164,mutant,empty_vector,stress
2,2,pmrR,0.165,mutant,empty_vector,stress
2,3,pmrR,0.169,mutant,empty_vector,stress
2,4,pmrR,0.166,mutant,empty_vector,stress
2,1,pmrR,0.161,mutant,empty_vector,no_stress
2,2,pmrR,0.159,mutant,empty_vector,no_stress
2,3,pmrR,0.161,mutant,empty_vector,no_stress
2,4,pmrR,0.159,mutant,empty_vector,no_stress
2,1,pmrR,0.17,mutant,stop,stress
2,2,pmrR,0.162,mutant,stop,stress
2,3,pmrR,0.161,mutant,stop,stress
2,4,pmrR,0.164,mutant,stop,stress
2,1,pmrR,0.158,mutant,stop,no_stress
2,2,pmrR,0.159,mutant,stop,no_stress
2,3,pmrR,0.151,mutant,stop,no_stress
2,4,pmrR,0.156,mutant,stop,no_stress
3,1,pmrR,0.213,mutant,small_protein,stress
3,2,pmrR,0.216,mutant,small_protein,stress
3,3,pmrR,0.197,mutant,small_protein,stress
3,4,pmrR,0.197,mutant,small_protein,stress
3,1,pmrR,0.215,mutant,small_protein,no_stress
3,2,pmrR,0.227,mutant,small_protein,no_stress
3,3,pmrR,0.204,mutant,small_protein,no_stress
3,4,pmrR,0.207,mutant,small_protein,no_stress
3,1,pmrR,0.223,mutant,empty_vector,stress
3,2,pmrR,0.203,mutant,empty_vector,stress
3,3,pmrR,0.203,mutant,empty_vector,stress
3,4,pmrR,0.218,mutant,empty_vector,stress
3,1,pmrR,0.209,mutant,empty_vector,no_stress
3,2,pmrR,0.206,mutant,empty_vector,no_stress
3,3,pmrR,0.211,mutant,empty_vector,no_stress
3,4,pmrR,0.224,mutant,empty_vector,no_stress
3,1,pmrR,0.223,mutant,stop,stress
3,2,pmrR,0.206,mutant,stop,stress
3,3,pmrR,0.201,mutant,stop,stress
3,4,pmrR,0.204,mutant,stop,stress
3,1,pmrR,0.208,mutant,stop,no_stress
3,2,pmrR,0.205,mutant,stop,no_stress
3,3,pmrR,0.196,mutant,stop,no_stress
3,4,pmrR,0.197,mutant,stop,no_stress
4,1,pmrR,0.324,mutant,small_protein,stress
4,2,pmrR,0.316,mutant,small_protein,stress
4,3,pmrR,0.286,mutant,small_protein,stress
4,4,pmrR,0.3,mutant,small_protein,stress
4,1,pmrR,0.231,mutant,small_protein,no_stress
4,2,pmrR,0.239,mutant,small_protein,no_stress
4,3,pmrR,0.216,mutant,small_protein,no_stress
4,4,pmrR,0.212,mutant,small_protein,no_stress
4,1,pmrR,0.307,mutant,empty_vector,stress
4,2,pmrR,0.292,mutant,empty_vector,stress
4,3,pmrR,0.305,mutant,empty_vector,stress
4,4,pmrR,0.322,mutant,empty_vector,stress
4,1,pmrR,0.353,mutant,empty_vector,no_stress
4,2,pmrR,0.346,mutant,empty_vector,no_stress
4,3,pmrR,0.347,mutant,empty_vector,no_stress
4,4,pmrR,0.359,mutant,empty_vector,no_stress
4,1,pmrR,0.314,mutant,stop,stress
4,2,pmrR,0.298,mutant,stop,stress
4,3,pmrR,0.297,mutant,stop,stress
4,4,pmrR,0.308,mutant,stop,stress
4,1,pmrR,0.349,mutant,stop,no_stress
4,2,pmrR,0.34,mutant,stop,no_stress
4,3,pmrR,0.331,mutant,stop,no_stress
4,4,pmrR,0.329,mutant,stop,no_stress
5,1,pmrR,0.381,mutant,small_protein,stress
5,2,pmrR,0.38,mutant,small_protein,stress
5,3,pmrR,0.334,mutant,small_protein,stress
5,4,pmrR,0.372,mutant,small_protein,stress
5,1,pmrR,0.292,mutant,small_protein,no_stress
5,2,pmrR,0.305,mutant,small_protein,no_stress
5,3,pmrR,0.289,mutant,small_protein,no_stress
5,4,pmrR,0.307,mutant,small_protein,no_stress
5,1,pmrR,0.343,mutant,empty_vector,stress
5,2,pmrR,0.304,mutant,empty_vector,stress
5,3,pmrR,0.305,mutant,empty_vector,stress
5,4,pmrR,0.303,mutant,empty_vector,stress
5,1,pmrR,0.591,mutant,empty_vector,no_stress
5,2,pmrR,0.568,mutant,empty_vector,no_stress
5,3,pmrR,0.631,mutant,empty_vector,no_stress
5,4,pmrR,0.669,mutant,empty_vector,no_stress
5,1,pmrR,0.354,mutant,stop,stress
5,2,pmrR,0.306,mutant,stop,stress
5,3,pmrR,0.307,mutant,stop,stress
5,4,pmrR,0.314,mutant,stop,stress
5,1,pmrR,0.592,mutant,stop,no_stress
5,2,pmrR,0.61,mutant,stop,no_stress
5,3,pmrR,0.614,mutant,stop,no_stress
5,4,pmrR,0.614,mutant,stop,no_stress
6,1,pmrR,0.498,mutant,small_protein,stress
6,2,pmrR,0.494,mutant,small_protein,stress
6,3,pmrR,0.452,mutant,small_protein,stress
6,4,pmrR,0.495,mutant,small_protein,stress
6,1,pmrR,0.305,mutant,small_protein,no_stress
6,2,pmrR,0.313,mutant,small_protein,no_stress
6,3,pmrR,0.305,mutant,small_protein,no_stress
6,4,pmrR,0.305,mutant,small_protein,no_stress
6,1,pmrR,0.347,mutant,empty_vector,stress
6,2,pmrR,0.335,mutant,empty_vector,stress
6,3,pmrR,0.351,mutant,empty_vector,stress
6,4,pmrR,0.39,mutant,empty_vector,stress
6,1,pmrR,0.651,mutant,empty_vector,no_stress
6,2,pmrR,0.59,mutant,empty_vector,no_stress
6,3,pmrR,0.71,mutant,empty_vector,no_stress
6,4,pmrR,0.716,mutant,empty_vector,no_stress
6,1,pmrR,0.374,mutant,stop,stress
6,2,pmrR,0.337,mutant,stop,stress
6,3,pmrR,0.351,mutant,stop,stress
6,4,pmrR,0.362,mutant,stop,stress
6,1,pmrR,0.678,mutant,stop,no_stress
6,2,pmrR,0.696,mutant,stop,no_stress
6,3,pmrR,0.704,mutant,stop,no_stress
6,4,pmrR,0.709,mutant,stop,no_stress
7,1,pmrR,0.5,mutant,small_protein,stress
7,2,pmrR,0.51,mutant,small_protein,stress
7,3,pmrR,0.499,mutant,small_protein,stress
7,4,pmrR,0.509,mutant,small_protein,stress
7,1,pmrR,0.326,mutant,small_protein,no_stress
7,2,pmrR,0.332,mutant,small_protein,no_stress
7,3,pmrR,0.305,mutant,small_protein,no_stress
7,4,pmrR,0.305,mutant,small_protein,no_stress
7,1,pmrR,0.377,mutant,empty_vector,stress
7,2,pmrR,0.344,mutant,empty_vector,stress
7,3,pmrR,0.353,mutant,empty_vector,stress
7,4,pmrR,0.409,mutant,empty_vector,stress
7,1,pmrR,0.733,mutant,empty_vector,no_stress
7,2,pmrR,0.63,mutant,empty_vector,no_stress
7,3,pmrR,0.822,mutant,empty_vector,no_stress
7,4,pmrR,0.771,mutant,empty_vector,no_stress
7,1,pmrR,0.394,mutant,stop,stress
7,2,pmrR,0.354,mutant,stop,stress
7,3,pmrR,0.361,mutant,stop,stress
7,4,pmrR,0.386,mutant,stop,stress
7,1,pmrR,0.704,mutant,stop,no_stress
7,2,pmrR,0.8,mutant,stop,no_stress
7,3,pmrR,0.806,mutant,stop,no_stress
7,4,pmrR,0.806,mutant,stop,no_stress
8,1,pmrR,0.51,mutant,small_protein,stress
8,2,pmrR,0.52,mutant,small_protein,stress
8,3,pmrR,0.511,mutant,small_protein,stress
8,4,pmrR,0.523,mutant,small_protein,stress
8,1,pmrR,0.351,mutant,small_protein,no_stress
8,2,pmrR,0.355,mutant,small_protein,no_stress
8,3,pmrR,0.325,mutant,small_protein,no_stress
8,4,pmrR,0.389,mutant,small_protein,no_stress
8,1,pmrR,0.374,mutant,empty_vector,stress
8,2,pmrR,0.341,mutant,empty_vector,stress
8,3,pmrR,0.343,mutant,empty_vector,stress
8,4,pmrR,0.374,mutant,empty_vector,stress
8,1,pmrR,0.775,mutant,empty_vector,no_stress
8,2,pmrR,0.65,mutant,empty_vector,no_stress
8,3,pmrR,0.871,mutant,empty_vector,no_stress
8,4,pmrR,0.818,mutant,empty_vector,no_stress
8,1,pmrR,0.389,mutant,stop,stress
8,2,pmrR,0.349,mutant,stop,stress
8,3,pmrR,0.358,mutant,stop,stress
8,4,pmrR,0.371,mutant,stop,stress
8,1,pmrR,0.808,mutant,stop,no_stress
8,2,pmrR,0.85,mutant,stop,no_stress
8,3,pmrR,0.87,mutant,stop,no_stress
8,4,pmrR,0.87,mutant,stop,no_stress
9,1,pmrR,0.52,mutant,small_protein,stress
9,2,pmrR,0.525,mutant,small_protein,stress
9,3,pmrR,0.531,mutant,small_protein,stress
9,4,pmrR,0.53,mutant,small_protein,stress
9,1,pmrR,0.38,mutant,small_protein,no_stress
9,2,pmrR,0.381,mutant,small_protein,no_stress
9,3,pmrR,0.344,mutant,small_protein,no_stress
9,4,pmrR,0.401,mutant,small_protein,no_stress
9,1,pmrR,0.375,mutant,empty_vector,stress
9,2,pmrR,0.338,mutant,empty_vector,stress
9,3,pmrR,0.345,mutant,empty_vector,stress
9,4,pmrR,0.375,mutant,empty_vector,stress
9,1,pmrR,0.793,mutant,empty_vector,no_stress
9,2,pmrR,0.663,mutant,empty_vector,no_stress
9,3,pmrR,0.88,mutant,empty_vector,no_stress
9,4,pmrR,0.86,mutant,empty_vector,no_stress
9,1,pmrR,0.388,mutant,stop,stress
9,2,pmrR,0.343,mutant,stop,stress
9,3,pmrR,0.357,mutant,stop,stress
9,4,pmrR,0.368,mutant,stop,stress
9,1,pmrR,0.823,mutant,stop,no_stress
9,2,pmrR,0.869,mutant,stop,no_stress
9,3,pmrR,0.823,mutant,stop,no_stress
9,4,pmrR,0.891,mutant,stop,no_stress
10,1,pmrR,0.5,mutant,small_protein,stress
10,2,pmrR,0.49,mutant,small_protein,stress
10,3,pmrR,0.551,mutant,small_protein,stress
10,4,pmrR,0.559,mutant,small_protein,stress
10,1,pmrR,0.401,mutant,small_protein,no_stress
10,2,pmrR,0.4,mutant,small_protein,no_stress
10,3,pmrR,0.409,mutant,small_protein,no_stress
10,4,pmrR,0.413,mutant,small_protein,no_stress
10,1,pmrR,0.38,mutant,empty_vector,stress
10,2,pmrR,0.338,mutant,empty_vector,stress
10,3,pmrR,0.345,mutant,empty_vector,stress
10,4,pmrR,0.379,mutant,empty_vector,stress
10,1,pmrR,0.801,mutant,empty_vector,no_stress
10,2,pmrR,0.672,mutant,empty_vector,no_stress
10,3,pmrR,0.873,mutant,empty_vector,no_stress
10,4,pmrR,0.881,mutant,empty_vector,no_stress
10,1,pmrR,0.383,mutant,stop,stress
10,2,pmrR,0.34,mutant,stop,stress
10,3,pmrR,0.353,mutant,stop,stress
10,4,pmrR,0.364,mutant,stop,stress
10,1,pmrR,0.827,mutant,stop,no_stress
10,2,pmrR,0.873,mutant,stop,no_stress
10,3,pmrR,0.892,mutant,stop,no_stress
10,4,pmrR,0.892,mutant,stop,no_stress
11,1,pmrR,0.511,mutant,small_protein,stress
11,2,pmrR,0.508,mutant,small_protein,stress
11,3,pmrR,0.563,mutant,small_protein,stress
11,4,pmrR,0.566,mutant,small_protein,stress
11,1,pmrR,0.411,mutant,small_protein,no_stress
11,2,pmrR,0.416,mutant,small_protein,no_stress
11,3,pmrR,0.49,mutant,small_protein,no_stress
11,4,pmrR,0.438,mutant,small_protein,no_stress
11,1,pmrR,0.379,mutant,empty_vector,stress
11,2,pmrR,0.336,mutant,empty_vector,stress
11,3,pmrR,0.346,mutant,empty_vector,stress
11,4,pmrR,0.386,mutant,empty_vector,stress
11,1,pmrR,0.809,mutant,empty_vector,no_stress
11,2,pmrR,0.678,mutant,empty_vector,no_stress
11,3,pmrR,0.865,mutant,empty_vector,no_stress
11,4,pmrR,0.89,mutant,empty_vector,no_stress
11,1,pmrR,0.381,mutant,stop,stress
11,2,pmrR,0.339,mutant,stop,stress
11,3,pmrR,0.352,mutant,stop,stress
11,4,pmrR,0.362,mutant,stop,stress
11,1,pmrR,0.832,mutant,stop,no_stress
11,2,pmrR,0.875,mutant,stop,no_stress
11,3,pmrR,0.888,mutant,stop,no_stress
11,4,pmrR,0.888,mutant,stop,no_stress
12,1,pmrR,0.538,mutant,small_protein,stress
12,2,pmrR,0.534,mutant,small_protein,stress
12,3,pmrR,0.568,mutant,small_protein,stress
12,4,pmrR,0.55,mutant,small_protein,stress
12,1,pmrR,0.429,mutant,small_protein,no_stress
12,2,pmrR,0.446,mutant,small_protein,no_stress
12,3,pmrR,0.492,mutant,small_protein,no_stress
12,4,pmrR,0.45,mutant,small_protein,no_stress
12,1,pmrR,0.379,mutant,empty_vector,stress
12,2,pmrR,0.336,mutant,empty_vector,stress
12,3,pmrR,0.349,mutant,empty_vector,stress
12,4,pmrR,0.395,mutant,empty_vector,stress
12,1,pmrR,0.803,mutant,empty_vector,no_stress
12,2,pmrR,0.684,mutant,empty_vector,no_stress
12,3,pmrR,0.857,mutant,empty_vector,no_stress
12,4,pmrR,0.904,mutant,empty_vector,no_stress
12,1,pmrR,0.378,mutant,stop,stress
12,2,pmrR,0.339,mutant,stop,stress
12,3,pmrR,0.351,mutant,stop,stress
12,4,pmrR,0.361,mutant,stop,stress
12,1,pmrR,0.837,mutant,stop,no_stress
12,2,pmrR,0.87,mutant,stop,no_stress
12,3,pmrR,0.881,mutant,stop,no_stress
12,4,pmrR,0.881,mutant,stop,no_stress
13,1,pmrR,0.558,mutant,small_protein,stress
13,2,pmrR,0.548,mutant,small_protein,stress
13,3,pmrR,0.571,mutant,small_protein,stress
13,4,pmrR,0.543,mutant,small_protein,stress
13,1,pmrR,0.45,mutant,small_protein,no_stress
13,2,pmrR,0.459,mutant,small_protein,no_stress
13,3,pmrR,0.485,mutant,small_protein,no_stress
13,4,pmrR,0.479,mutant,small_protein,no_stress
13,1,pmrR,0.378,mutant,empty_vector,stress
13,2,pmrR,0.337,mutant,empty_vector,stress
13,3,pmrR,0.347,mutant,empty_vector,stress
13,4,pmrR,0.402,mutant,empty_vector,stress
13,1,pmrR,0.805,mutant,empty_vector,no_stress
13,2,pmrR,0.694,mutant,empty_vector,no_stress
13,3,pmrR,0.855,mutant,empty_vector,no_stress
13,4,pmrR,0.917,mutant,empty_vector,no_stress
13,1,pmrR,0.374,mutant,stop,stress
13,2,pmrR,0.337,mutant,stop,stress
13,3,pmrR,0.352,mutant,stop,stress
13,4,pmrR,0.361,mutant,stop,stress
13,1,pmrR,0.844,mutant,stop,no_stress
13,2,pmrR,0.867,mutant,stop,no_stress
13,3,pmrR,0.88,mutant,stop,no_stress
13,4,pmrR,0.88,mutant,stop,no_stress
14,1,pmrR,0.576,mutant,small_protein,stress
14,2,pmrR,0.571,mutant,small_protein,stress
14,3,pmrR,0.562,mutant,small_protein,stress
14,4,pmrR,0.536,mutant,small_protein,stress
14,1,pmrR,0.458,mutant,small_protein,no_stress
14,2,pmrR,0.47,mutant,small_protein,no_stress
14,3,pmrR,0.48,mutant,small_protein,no_stress
14,4,pmrR,0.525,mutant,small_protein,no_stress
14,1,pmrR,0.383,mutant,empty_vector,stress
14,2,pmrR,0.337,mutant,empty_vector,stress
14,3,pmrR,0.352,mutant,empty_vector,stress
14,4,pmrR,0.406,mutant,empty_vector,stress
14,1,pmrR,0.81,mutant,empty_vector,no_stress
14,2,pmrR,0.707,mutant,empty_vector,no_stress
14,3,pmrR,0.855,mutant,empty_vector,no_stress
14,4,pmrR,0.924,mutant,empty_vector,no_stress
14,1,pmrR,0.376,mutant,stop,stress
14,2,pmrR,0.339,mutant,stop,stress
14,3,pmrR,0.353,mutant,stop,stress
14,4,pmrR,0.362,mutant,stop,stress
14,1,pmrR,0.846,mutant,stop,no_stress
14,2,pmrR,0.867,mutant,stop,no_stress
14,3,pmrR,0.875,mutant,stop,no_stress
14,4,pmrR,0.875,mutant,stop,no_stress
15,1,pmrR,0.595,mutant,small_protein,stress
15,2,pmrR,0.586,mutant,small_protein,stress
15,3,pmrR,0.553,mutant,small_protein,stress
15,4,pmrR,0.547,mutant,small_protein,stress
15,1,pmrR,0.557,mutant,small_protein,no_stress
15,2,pmrR,0.578,mutant,small_protein,no_stress
15,3,pmrR,0.586,mutant,small_protein,no_stress
15,4,pmrR,0.536,mutant,small_protein,no_stress
15,1,pmrR,0.386,mutant,empty_vector,stress
15,2,pmrR,0.339,mutant,empty_vector,stress
15,3,pmrR,0.356,mutant,empty_vector,stress
15,4,pmrR,0.406,mutant,empty_vector,stress
15,1,pmrR,0.812,mutant,empty_vector,no_stress
15,2,pmrR,0.711,mutant,empty_vector,no_stress
15,3,pmrR,0.863,mutant,empty_vector,no_stress
15,4,pmrR,0.938,mutant,empty_vector,no_stress
15,1,pmrR,0.38,mutant,stop,stress
15,2,pmrR,0.342,mutant,stop,stress
15,3,pmrR,0.357,mutant,stop,stress
15,4,pmrR,0.365,mutant,stop,stress
15,1,pmrR,0.851,mutant,stop,no_stress
15,2,pmrR,0.877,mutant,stop,no_stress
15,3,pmrR,0.881,mutant,stop,no_stress
15,4,pmrR,0.881,mutant,stop,no_stress
16,1,pmrR,0.616,mutant,small_protein,stress
16,2,pmrR,0.601,mutant,small_protein,stress
16,3,pmrR,0.551,mutant,small_protein,stress
16,4,pmrR,0.55,mutant,small_protein,stress
16,1,pmrR,0.56,mutant,small_protein,no_stress
16,2,pmrR,0.594,mutant,small_protein,no_stress
16,3,pmrR,0.609,mutant,small_protein,no_stress
16,4,pmrR,0.645,mutant,small_protein,no_stress
16,1,pmrR,0.395,mutant,empty_vector,stress
16,2,pmrR,0.344,mutant,empty_vector,stress
16,3,pmrR,0.361,mutant,empty_vector,stress
16,4,pmrR,0.421,mutant,empty_vector,stress
16,1,pmrR,0.812,mutant,empty_vector,no_stress
16,2,pmrR,0.71,mutant,empty_vector,no_stress
16,3,pmrR,0.863,mutant,empty_vector,no_stress
16,4,pmrR,0.953,mutant,empty_vector,no_stress
16,1,pmrR,0.383,mutant,stop,stress
16,2,pmrR,0.352,mutant,stop,stress
16,3,pmrR,0.363,mutant,stop,stress
16,4,pmrR,0.369,mutant,stop,stress
16,1,pmrR,0.854,mutant,stop,no_stress
16,2,pmrR,0.876,mutant,stop,no_stress
16,3,pmrR,0.883,mutant,stop,no_stress
16,4,pmrR,0.883,mutant,stop,no_stress
17,1,pmrR,0.631,mutant,small_protein,stress
17,2,pmrR,0.628,mutant,small_protein,stress
17,3,pmrR,0.551,mutant,small_protein,stress
17,4,pmrR,0.558,mutant,small_protein,stress
17,1,pmrR,0.677,mutant,small_protein,no_stress
17,2,pmrR,0.613,mutant,small_protein,no_stress
17,3,pmrR,0.717,mutant,small_protein,no_stress
17,4,pmrR,0.727,mutant,small_protein,no_stress
17,1,pmrR,0.407,mutant,empty_vector,stress
17,2,pmrR,0.35,mutant,empty_vector,stress
17,3,pmrR,0.369,mutant,empty_vector,stress
17,4,pmrR,0.426,mutant,empty_vector,stress
17,1,pmrR,0.815,mutant,empty_vector,no_stress
17,2,pmrR,0.712,mutant,empty_vector,no_stress
17,3,pmrR,0.865,mutant,empty_vector,no_stress
17,4,pmrR,0.968,mutant,empty_vector,no_stress
17,1,pmrR,0.392,mutant,stop,stress
17,2,pmrR,0.366,mutant,stop,stress
17,3,pmrR,0.369,mutant,stop,stress
17,4,pmrR,0.377,mutant,stop,stress
17,1,pmrR,0.854,mutant,stop,no_stress
17,2,pmrR,0.892,mutant,stop,no_stress
17,3,pmrR,0.892,mutant,stop,no_stress
17,4,pmrR,0.892,mutant,stop,no_stress
18,1,pmrR,0.636,mutant,small_protein,stress
18,2,pmrR,0.652,mutant,small_protein,stress
18,3,pmrR,0.582,mutant,small_protein,stress
18,4,pmrR,0.588,mutant,small_protein,stress
18,1,pmrR,0.781,mutant,small_protein,no_stress
18,2,pmrR,0.713,mutant,small_protein,no_stress
18,3,pmrR,0.71,mutant,small_protein,no_stress
18,4,pmrR,0.738,mutant,small_protein,no_stress
18,1,pmrR,0.42,mutant,empty_vector,stress
18,2,pmrR,0.358,mutant,empty_vector,stress
18,3,pmrR,0.374,mutant,empty_vector,stress
18,4,pmrR,0.43,mutant,empty_vector,stress
18,1,pmrR,0.82,mutant,empty_vector,no_stress
18,2,pmrR,0.719,mutant,empty_vector,no_stress
18,3,pmrR,0.874,mutant,empty_vector,no_stress
18,4,pmrR,0.978,mutant,empty_vector,no_stress
18,1,pmrR,0.399,mutant,stop,stress
18,2,pmrR,0.379,mutant,stop,stress
18,3,pmrR,0.378,mutant,stop,stress
18,4,pmrR,0.385,mutant,stop,stress
18,1,pmrR,0.863,mutant,stop,no_stress
18,2,pmrR,0.863,mutant,stop,no_stress
18,3,pmrR,0.892,mutant,stop,no_stress
18,4,pmrR,0.892,mutant,stop,no_stress
19,1,pmrR,0.648,mutant,small_protein,stress
19,2,pmrR,0.674,mutant,small_protein,stress
19,3,pmrR,0.6,mutant,small_protein,stress
19,4,pmrR,0.595,mutant,small_protein,stress
19,1,pmrR,0.79,mutant,small_protein,no_stress
19,2,pmrR,0.733,mutant,small_protein,no_stress
19,3,pmrR,0.717,mutant,small_protein,no_stress
19,4,pmrR,0.72,mutant,small_protein,no_stress
19,1,pmrR,0.431,mutant,empty_vector,stress
19,2,pmrR,0.368,mutant,empty_vector,stress
19,3,pmrR,0.383,mutant,empty_vector,stress
19,4,pmrR,0.445,mutant,empty_vector,stress
19,1,pmrR,0.825,mutant,empty_vector,no_stress
19,2,pmrR,0.746,mutant,empty_vector,no_stress
19,3,pmrR,0.875,mutant,empty_vector,no_stress
19,4,pmrR,0.992,mutant,empty_vector,no_stress
19,1,pmrR,0.404,mutant,stop,stress
19,2,pmrR,0.4,mutant,stop,stress
19,3,pmrR,0.396,mutant,stop,stress
19,4,pmrR,0.395,mutant,stop,stress
19,1,pmrR,0.868,mutant,stop,no_stress
19,2,pmrR,0.868,mutant,stop,no_stress
19,3,pmrR,0.898,mutant,stop,no_stress
19,4,pmrR,0.898,mutant,stop,no_stress
20,1,pmrR,0.667,mutant,small_protein,stress
20,2,pmrR,0.69,mutant,small_protein,stress
20,3,pmrR,0.6,mutant,small_protein,stress
20,4,pmrR,0.68,mutant,small_protein,stress
20,1,pmrR,0.79,mutant,small_protein,no_stress
20,2,pmrR,0.791,mutant,small_protein,no_stress
20,3,pmrR,0.788,mutant,small_protein,no_stress
20,4,pmrR,0.803,mutant,small_protein,no_stress
20,1,pmrR,0.442,mutant,empty_vector,stress
20,2,pmrR,0.379,mutant,empty_vector,stress
20,3,pmrR,0.39,mutant,empty_vector,stress
20,4,pmrR,0.456,mutant,empty_vector,stress
20,1,pmrR,0.827,mutant,empty_vector,no_stress
20,2,pmrR,0.797,mutant,empty_vector,no_stress
20,3,pmrR,0.876,mutant,empty_vector,no_stress
20,4,pmrR,0.876,mutant,empty_vector,no_stress
20,1,pmrR,0.415,mutant,stop,stress
20,2,pmrR,0.422,mutant,stop,stress
20,3,pmrR,0.413,mutant,stop,stress
20,4,pmrR,0.408,mutant,stop,stress
20,1,pmrR,0.854,mutant,stop,no_stress
20,2,pmrR,0.878,mutant,stop,no_stress
20,3,pmrR,0.854,mutant,stop,no_stress
20,4,pmrR,0.878,mutant,stop,no_stress
0,1,pmrR,0.11,wild_type,empty_vector,stress
0,2,pmrR,0.108,wild_type,empty_vector,stress
0,3,pmrR,0.111,wild_type,empty_vector,stress
0,4,pmrR,0.111,wild_type,empty_vector,stress
0,1,pmrR,0.104,wild_type,empty_vector,no_stress
0,2,pmrR,0.107,wild_type,empty_vector,no_stress
0,3,pmrR,0.115,wild_type,empty_vector,no_stress
0,4,pmrR,0.114,wild_type,empty_vector,no_stress
1,1,pmrR,0.141,wild_type,empty_vector,stress
1,2,pmrR,0.139,wild_type,empty_vector,stress
1,3,pmrR,0.148,wild_type,empty_vector,stress
1,4,pmrR,0.146,wild_type,empty_vector,stress
1,1,pmrR,0.134,wild_type,empty_vector,no_stress
1,2,pmrR,0.137,wild_type,empty_vector,no_stress
1,3,pmrR,0.147,wild_type,empty_vector,no_stress
1,4,pmrR,0.154,wild_type,empty_vector,no_stress
2,1,pmrR,0.166,wild_type,empty_vector,stress
2,2,pmrR,0.163,wild_type,empty_vector,stress
2,3,pmrR,0.173,wild_type,empty_vector,stress
2,4,pmrR,0.179,wild_type,empty_vector,stress
2,1,pmrR,0.168,wild_type,empty_vector,no_stress
2,2,pmrR,0.175,wild_type,empty_vector,no_stress
2,3,pmrR,0.184,wild_type,empty_vector,no_stress
2,4,pmrR,0.183,wild_type,empty_vector,no_stress
3,1,pmrR,0.222,wild_type,empty_vector,stress
3,2,pmrR,0.211,wild_type,empty_vector,stress
3,3,pmrR,0.22,wild_type,empty_vector,stress
3,4,pmrR,0.223,wild_type,empty_vector,stress
3,1,pmrR,0.216,wild_type,empty_vector,no_stress
3,2,pmrR,0.222,wild_type,empty_vector,no_stress
3,3,pmrR,0.238,wild_type,empty_vector,no_stress
3,4,pmrR,0.241,wild_type,empty_vector,no_stress
4,1,pmrR,0.324,wild_type,empty_vector,stress
4,2,pmrR,0.332,wild_type,empty_vector,stress
4,3,pmrR,0.337,wild_type,empty_vector,stress
4,4,pmrR,0.34,wild_type,empty_vector,stress
4,1,pmrR,0.363,wild_type,empty_vector,no_stress
4,2,pmrR,0.364,wild_type,empty_vector,no_stress
4,3,pmrR,0.366,wild_type,empty_vector,no_stress
4,4,pmrR,0.378,wild_type,empty_vector,no_stress
5,1,pmrR,0.389,wild_type,empty_vector,stress
5,2,pmrR,0.397,wild_type,empty_vector,stress
5,3,pmrR,0.409,wild_type,empty_vector,stress
5,4,pmrR,0.408,wild_type,empty_vector,stress
5,1,pmrR,0.598,wild_type,empty_vector,no_stress
5,2,pmrR,0.628,wild_type,empty_vector,no_stress
5,3,pmrR,0.63,wild_type,empty_vector,no_stress
5,4,pmrR,0.613,wild_type,empty_vector,no_stress
6,1,pmrR,0.403,wild_type,empty_vector,stress
6,2,pmrR,0.5,wild_type,empty_vector,stress
6,3,pmrR,0.501,wild_type,empty_vector,stress
6,4,pmrR,0.501,wild_type,empty_vector,stress
6,1,pmrR,0.704,wild_type,empty_vector,no_stress
6,2,pmrR,0.717,wild_type,empty_vector,no_stress
6,3,pmrR,0.755,wild_type,empty_vector,no_stress
6,4,pmrR,0.694,wild_type,empty_vector,no_stress
7,1,pmrR,0.45,wild_type,empty_vector,stress
7,2,pmrR,0.52,wild_type,empty_vector,stress
7,3,pmrR,0.541,wild_type,empty_vector,stress
7,4,pmrR,0.551,wild_type,empty_vector,stress
7,1,pmrR,0.748,wild_type,empty_vector,no_stress
7,2,pmrR,0.743,wild_type,empty_vector,no_stress
7,3,pmrR,0.792,wild_type,empty_vector,no_stress
7,4,pmrR,0.719,wild_type,empty_vector,no_stress
8,1,pmrR,0.46,wild_type,empty_vector,stress
8,2,pmrR,0.57,wild_type,empty_vector,stress
8,3,pmrR,0.55,wild_type,empty_vector,stress
8,4,pmrR,0.559,wild_type,empty_vector,stress
8,1,pmrR,0.759,wild_type,empty_vector,no_stress
8,2,pmrR,0.763,wild_type,empty_vector,no_stress
8,3,pmrR,0.791,wild_type,empty_vector,no_stress
8,4,pmrR,0.735,wild_type,empty_vector,no_stress
9,1,pmrR,0.5,wild_type,empty_vector,stress
9,2,pmrR,0.49,wild_type,empty_vector,stress
9,3,pmrR,0.551,wild_type,empty_vector,stress
9,4,pmrR,0.559,wild_type,empty_vector,stress
9,1,pmrR,0.773,wild_type,empty_vector,no_stress
9,2,pmrR,0.786,wild_type,empty_vector,no_stress
9,3,pmrR,0.809,wild_type,empty_vector,no_stress
9,4,pmrR,0.754,wild_type,empty_vector,no_stress
10,1,pmrR,0.49,wild_type,empty_vector,stress
10,2,pmrR,0.5,wild_type,empty_vector,stress
10,3,pmrR,0.595,wild_type,empty_vector,stress
10,4,pmrR,0.599,wild_type,empty_vector,stress
10,1,pmrR,0.792,wild_type,empty_vector,no_stress
10,2,pmrR,0.804,wild_type,empty_vector,no_stress
10,3,pmrR,0.821,wild_type,empty_vector,no_stress
10,4,pmrR,0.777,wild_type,empty_vector,no_stress
11,1,pmrR,0.5,wild_type,empty_vector,stress
11,2,pmrR,0.52,wild_type,empty_vector,stress
11,3,pmrR,0.57,wild_type,empty_vector,stress
11,4,pmrR,0.58,wild_type,empty_vector,stress
11,1,pmrR,0.797,wild_type,empty_vector,no_stress
11,2,pmrR,0.81,wild_type,empty_vector,no_stress
11,3,pmrR,0.826,wild_type,empty_vector,no_stress
11,4,pmrR,0.799,wild_type,empty_vector,no_stress
12,1,pmrR,0.5,wild_type,empty_vector,stress
12,2,pmrR,0.57,wild_type,empty_vector,stress
12,3,pmrR,0.58,wild_type,empty_vector,stress
12,4,pmrR,0.58,wild_type,empty_vector,stress
12,1,pmrR,0.818,wild_type,empty_vector,no_stress
12,2,pmrR,0.832,wild_type,empty_vector,no_stress
12,3,pmrR,0.852,wild_type,empty_vector,no_stress
12,4,pmrR,0.835,wild_type,empty_vector,no_stress
13,1,pmrR,0.52,wild_type,empty_vector,stress
13,2,pmrR,0.595,wild_type,empty_vector,stress
13,3,pmrR,0.595,wild_type,empty_vector,stress
13,4,pmrR,0.597,wild_type,empty_vector,stress
13,1,pmrR,0.822,wild_type,empty_vector,no_stress
13,2,pmrR,0.837,wild_type,empty_vector,no_stress
13,3,pmrR,0.861,wild_type,empty_vector,no_stress
13,4,pmrR,0.863,wild_type,empty_vector,no_stress
14,1,pmrR,0.534,wild_type,empty_vector,stress
14,2,pmrR,0.577,wild_type,empty_vector,stress
14,3,pmrR,0.6,wild_type,empty_vector,stress
14,4,pmrR,0.59,wild_type,empty_vector,stress
14,1,pmrR,0.837,wild_type,empty_vector,no_stress
14,2,pmrR,0.853,wild_type,empty_vector,no_stress
14,3,pmrR,0.885,wild_type,empty_vector,no_stress
14,4,pmrR,0.872,wild_type,empty_vector,no_stress
15,1,pmrR,0.525,wild_type,empty_vector,stress
15,2,pmrR,0.546,wild_type,empty_vector,stress
15,3,pmrR,0.59,wild_type,empty_vector,stress
15,4,pmrR,0.599,wild_type,empty_vector,stress
15,1,pmrR,0.839,wild_type,empty_vector,no_stress
15,2,pmrR,0.854,wild_type,empty_vector,no_stress
15,3,pmrR,0.879,wild_type,empty_vector,no_stress
15,4,pmrR,0.838,wild_type,empty_vector,no_stress
16,1,pmrR,0.531,wild_type,empty_vector,stress
16,2,pmrR,0.546,wild_type,empty_vector,stress
16,3,pmrR,0.59,wild_type,empty_vector,stress
16,4,pmrR,0.608,wild_type,empty_vector,stress
16,1,pmrR,0.848,wild_type,empty_vector,no_stress
16,2,pmrR,0.864,wild_type,empty_vector,no_stress
16,3,pmrR,0.872,wild_type,empty_vector,no_stress
16,4,pmrR,0.831,wild_type,empty_vector,no_stress
17,1,pmrR,0.539,wild_type,empty_vector,stress
17,2,pmrR,0.535,wild_type,empty_vector,stress
17,3,pmrR,0.627,wild_type,empty_vector,stress
17,4,pmrR,0.606,wild_type,empty_vector,stress
17,1,pmrR,0.856,wild_type,empty_vector,no_stress
17,2,pmrR,0.878,wild_type,empty_vector,no_stress
17,3,pmrR,0.875,wild_type,empty_vector,no_stress
17,4,pmrR,0.827,wild_type,empty_vector,no_stress
18,1,pmrR,0.537,wild_type,empty_vector,stress
18,2,pmrR,0.523,wild_type,empty_vector,stress
18,3,pmrR,0.61,wild_type,empty_vector,stress
18,4,pmrR,0.591,wild_type,empty_vector,stress
18,1,pmrR,0.852,wild_type,empty_vector,no_stress
18,2,pmrR,0.871,wild_type,empty_vector,no_stress
18,3,pmrR,0.846,wild_type,empty_vector,no_stress
18,4,pmrR,0.817,wild_type,empty_vector,no_stress
19,1,pmrR,0.56,wild_type,empty_vector,stress
19,2,pmrR,0.536,wild_type,empty_vector,stress
19,3,pmrR,0.62,wild_type,empty_vector,stress
19,4,pmrR,0.603,wild_type,empty_vector,stress
19,1,pmrR,0.864,wild_type,empty_vector,no_stress
19,2,pmrR,0.874,wild_type,empty_vector,no_stress
19,3,pmrR,0.859,wild_type,empty_vector,no_stress
19,4,pmrR,0.821,wild_type,empty_vector,no_stress
20,1,pmrR,0.576,wild_type,empty_vector,stress
20,2,pmrR,0.549,wild_type,empty_vector,stress
20,3,pmrR,0.623,wild_type,empty_vector,stress
20,4,pmrR,0.606,wild_type,empty_vector,stress
20,1,pmrR,0.867,wild_type,empty_vector,no_stress
20,2,pmrR,0.875,wild_type,empty_vector,no_stress
20,3,pmrR,0.866,wild_type,empty_vector,no_stress
20,4,pmrR,0.834,wild_type,empty_vector,no_stress