hour,replicate,strain,wild_type,OD,stress
0,1,Empty_vector,yes,0.14,stress
0,2,Empty_vector,yes,0.137,stress
0,3,Empty_vector,yes,0.142,stress
0,4,Empty_vector,yes,0.14,stress
0,5,Empty_vector,yes,0.143,stress
0,6,Empty_vector,yes,0.142,stress
0,7,Empty_vector,yes,0.139,stress
0,8,Empty_vector,yes,0.14,stress
0,1,Empty_vector,no,0.136,stress
0,2,Empty_vector,no,0.135,stress
0,3,Empty_vector,no,0.138,stress
0,4,Empty_vector,no,0.141,stress
0,5,Empty_vector,no,0.131,stress
0,6,Empty_vector,no,0.133,stress
0,7,Empty_vector,no,0.134,stress
0,8,Empty_vector,no,0.137,stress
0,1,yriA,no,0.139,stress
0,2,yriA,no,0.137,stress
0,3,yriA,no,0.135,stress
0,4,yriA,no,0.136,stress
0,5,yriA,no,0.144,stress
0,6,yriA,no,0.139,stress
0,7,yriA,no,0.133,stress
0,8,yriA,no,0.132,stress
0,1,yriB,no,0.134,stress
0,2,yriB,no,0.133,stress
0,3,yriB,no,0.13,stress
0,4,yriB,no,0.131,stress
0,5,yriB,no,0.123,stress
0,6,yriB,no,0.134,stress
0,7,yriB,no,0.138,stress
0,8,yriB,no,0.135,stress
0,1,yriAB,no,0.134,stress
0,2,yriAB,no,0.137,stress
0,3,yriAB,no,0.132,stress
0,4,yriAB,no,0.13,stress
0,5,yriAB,no,0.134,stress
0,6,yriAB,no,0.131,stress
0,7,yriAB,no,0.134,stress
0,8,yriAB,no,0.133,stress
0,1,yriB(yriA_syn_mut),no,0.132,stress
0,2,yriB(yriA_syn_mut),no,0.132,stress
0,3,yriB(yriA_syn_mut),no,0.133,stress
0,4,yriB(yriA_syn_mut),no,0.13,stress
0,5,yriB(yriA_syn_mut),no,0.131,stress
0,6,yriB(yriA_syn_mut),no,0.13,stress
0,7,yriB(yriA_syn_mut),no,0.128,stress
0,8,yriB(yriA_syn_mut),no,0.133,stress
1,1,Empty_vector,yes,0.19,stress
1,2,Empty_vector,yes,0.185,stress
1,3,Empty_vector,yes,0.191,stress
1,4,Empty_vector,yes,0.188,stress
1,5,Empty_vector,yes,0.189,stress
1,6,Empty_vector,yes,0.186,stress
1,7,Empty_vector,yes,0.187,stress
1,8,Empty_vector,yes,0.192,stress
1,1,Empty_vector,no,0.183,stress
1,2,Empty_vector,no,0.179,stress
1,3,Empty_vector,no,0.187,stress
1,4,Empty_vector,no,0.189,stress
1,5,Empty_vector,no,0.175,stress
1,6,Empty_vector,no,0.176,stress
1,7,Empty_vector,no,0.179,stress
1,8,Empty_vector,no,0.179,stress
1,1,yriA,no,0.189,stress
1,2,yriA,no,0.184,stress
1,3,yriA,no,0.176,stress
1,4,yriA,no,0.179,stress
1,5,yriA,no,0.187,stress
1,6,yriA,no,0.181,stress
1,7,yriA,no,0.165,stress
1,8,yriA,no,0.164,stress
1,1,yriB,no,0.176,stress
1,2,yriB,no,0.172,stress
1,3,yriB,no,0.163,stress
1,4,yriB,no,0.165,stress
1,5,yriB,no,0.158,stress
1,6,yriB,no,0.167,stress
1,7,yriB,no,0.18,stress
1,8,yriB,no,0.177,stress
1,1,yriAB,no,0.179,stress
1,2,yriAB,no,0.177,stress
1,3,yriAB,no,0.17,stress
1,4,yriAB,no,0.168,stress
1,5,yriAB,no,0.177,stress
1,6,yriAB,no,0.174,stress
1,7,yriAB,no,0.174,stress
1,8,yriAB,no,0.174,stress
1,1,yriB(yriA_syn_mut),no,0.172,stress
1,2,yriB(yriA_syn_mut),no,0.172,stress
1,3,yriB(yriA_syn_mut),no,0.175,stress
1,4,yriB(yriA_syn_mut),no,0.172,stress
1,5,yriB(yriA_syn_mut),no,0.172,stress
1,6,yriB(yriA_syn_mut),no,0.17,stress
1,7,yriB(yriA_syn_mut),no,0.167,stress
1,8,yriB(yriA_syn_mut),no,0.17,stress
2,1,Empty_vector,yes,0.244,stress
2,2,Empty_vector,yes,0.239,stress
2,3,Empty_vector,yes,0.243,stress
2,4,Empty_vector,yes,0.243,stress
2,5,Empty_vector,yes,0.244,stress
2,6,Empty_vector,yes,0.241,stress
2,7,Empty_vector,yes,0.236,stress
2,8,Empty_vector,yes,0.237,stress
2,1,Empty_vector,no,0.234,stress
2,2,Empty_vector,no,0.232,stress
2,3,Empty_vector,no,0.245,stress
2,4,Empty_vector,no,0.257,stress
2,5,Empty_vector,no,0.222,stress
2,6,Empty_vector,no,0.231,stress
2,7,Empty_vector,no,0.217,stress
2,8,Empty_vector,no,0.25,stress
2,1,yriA,no,0.24,stress
2,2,yriA,no,0.234,stress
2,3,yriA,no,0.231,stress
2,4,yriA,no,0.235,stress
2,5,yriA,no,0.245,stress
2,6,yriA,no,0.239,stress
2,7,yriA,no,0.213,stress
2,8,yriA,no,0.219,stress
2,1,yriB,no,0.225,stress
2,2,yriB,no,0.216,stress
2,3,yriB,no,0.199,stress
2,4,yriB,no,0.191,stress
2,5,yriB,no,0.179,stress
2,6,yriB,no,0.187,stress
2,7,yriB,no,0.207,stress
2,8,yriB,no,0.248,stress
2,1,yriAB,no,0.22,stress
2,2,yriAB,no,0.224,stress
2,3,yriAB,no,0.222,stress
2,4,yriAB,no,0.219,stress
2,5,yriAB,no,0.225,stress
2,6,yriAB,no,0.212,stress
2,7,yriAB,no,0.213,stress
2,8,yriAB,no,0.227,stress
2,1,yriB(yriA_syn_mut),no,0.203,stress
2,2,yriB(yriA_syn_mut),no,0.206,stress
2,3,yriB(yriA_syn_mut),no,0.237,stress
2,4,yriB(yriA_syn_mut),no,0.23,stress
2,5,yriB(yriA_syn_mut),no,0.214,stress
2,6,yriB(yriA_syn_mut),no,0.204,stress
2,7,yriB(yriA_syn_mut),no,0.2,stress
2,8,yriB(yriA_syn_mut),no,0.22,stress
3,1,Empty_vector,yes,0.3,stress
3,2,Empty_vector,yes,0.308,stress
3,3,Empty_vector,yes,0.316,stress
3,4,Empty_vector,yes,0.329,stress
3,5,Empty_vector,yes,0.323,stress
3,6,Empty_vector,yes,0.318,stress
3,7,Empty_vector,yes,0.304,stress
3,8,Empty_vector,yes,0.292,stress
3,1,Empty_vector,no,0.28,stress
3,2,Empty_vector,no,0.257,stress
3,3,Empty_vector,no,0.303,stress
3,4,Empty_vector,no,0.319,stress
3,5,Empty_vector,no,0.259,stress
3,6,Empty_vector,no,0.246,stress
3,7,Empty_vector,no,0.249,stress
3,8,Empty_vector,no,0.287,stress
3,1,yriA,no,0.282,stress
3,2,yriA,no,0.264,stress
3,3,yriA,no,0.288,stress
3,4,yriA,no,0.281,stress
3,5,yriA,no,0.292,stress
3,6,yriA,no,0.282,stress
3,7,yriA,no,0.245,stress
3,8,yriA,no,0.253,stress
3,1,yriB,no,0.257,stress
3,2,yriB,no,0.253,stress
3,3,yriB,no,0.244,stress
3,4,yriB,no,0.237,stress
3,5,yriB,no,0.196,stress
3,6,yriB,no,0.222,stress
3,7,yriB,no,0.24,stress
3,8,yriB,no,0.323,stress
3,1,yriAB,no,0.277,stress
3,2,yriAB,no,0.283,stress
3,3,yriAB,no,0.295,stress
3,4,yriAB,no,0.27,stress
3,5,yriAB,no,0.303,stress
3,6,yriAB,no,0.26,stress
3,7,yriAB,no,0.244,stress
3,8,yriAB,no,0.263,stress
3,1,yriB(yriA_syn_mut),no,0.26,stress
3,2,yriB(yriA_syn_mut),no,0.253,stress
3,3,yriB(yriA_syn_mut),no,0.314,stress
3,4,yriB(yriA_syn_mut),no,0.297,stress
3,5,yriB(yriA_syn_mut),no,0.26,stress
3,6,yriB(yriA_syn_mut),no,0.25,stress
3,7,yriB(yriA_syn_mut),no,0.21,stress
3,8,yriB(yriA_syn_mut),no,0.261,stress
4,1,Empty_vector,yes,0.462,stress
4,2,Empty_vector,yes,0.456,stress
4,3,Empty_vector,yes,0.46,stress
4,4,Empty_vector,yes,0.459,stress
4,5,Empty_vector,yes,0.461,stress
4,6,Empty_vector,yes,0.464,stress
4,7,Empty_vector,yes,0.457,stress
4,8,Empty_vector,yes,0.462,stress
4,1,Empty_vector,no,0.361,stress
4,2,Empty_vector,no,0.333,stress
4,3,Empty_vector,no,0.404,stress
4,4,Empty_vector,no,0.426,stress
4,5,Empty_vector,no,0.368,stress
4,6,Empty_vector,no,0.351,stress
4,7,Empty_vector,no,0.371,stress
4,8,Empty_vector,no,0.424,stress
4,1,yriA,no,0.355,stress
4,2,yriA,no,0.331,stress
4,3,yriA,no,0.353,stress
4,4,yriA,no,0.36,stress
4,5,yriA,no,0.391,stress
4,6,yriA,no,0.386,stress
4,7,yriA,no,0.312,stress
4,8,yriA,no,0.312,stress
4,1,yriB,no,0.342,stress
4,2,yriB,no,0.338,stress
4,3,yriB,no,0.353,stress
4,4,yriB,no,0.346,stress
4,5,yriB,no,0.258,stress
4,6,yriB,no,0.319,stress
4,7,yriB,no,0.341,stress
4,8,yriB,no,0.483,stress
4,1,yriAB,no,0.396,stress
4,2,yriAB,no,0.397,stress
4,3,yriAB,no,0.44,stress
4,4,yriAB,no,0.391,stress
4,5,yriAB,no,0.443,stress
4,6,yriAB,no,0.375,stress
4,7,yriAB,no,0.37,stress
4,8,yriAB,no,0.39,stress
4,1,yriB(yriA_syn_mut),no,0.41,stress
4,2,yriB(yriA_syn_mut),no,0.383,stress
4,3,yriB(yriA_syn_mut),no,0.467,stress
4,4,yriB(yriA_syn_mut),no,0.447,stress
4,5,yriB(yriA_syn_mut),no,0.395,stress
4,6,yriB(yriA_syn_mut),no,0.35,stress
4,7,yriB(yriA_syn_mut),no,0.279,stress
4,8,yriB(yriA_syn_mut),no,0.392,stress
5,1,Empty_vector,yes,0.56,stress
5,2,Empty_vector,yes,0.555,stress
5,3,Empty_vector,yes,0.546,stress
5,4,Empty_vector,yes,0.551,stress
5,5,Empty_vector,yes,0.547,stress
5,6,Empty_vector,yes,0.548,stress
5,7,Empty_vector,yes,0.586,stress
5,8,Empty_vector,yes,0.602,stress
5,1,Empty_vector,no,0.43,stress
5,2,Empty_vector,no,0.392,stress
5,3,Empty_vector,no,0.437,stress
5,4,Empty_vector,no,0.479,stress
5,5,Empty_vector,no,0.465,stress
5,6,Empty_vector,no,0.435,stress
5,7,Empty_vector,no,0.417,stress
5,8,Empty_vector,no,0.451,stress
5,1,yriA,no,0.381,stress
5,2,yriA,no,0.377,stress
5,3,yriA,no,0.402,stress
5,4,yriA,no,0.421,stress
5,5,yriA,no,0.448,stress
5,6,yriA,no,0.451,stress
5,7,yriA,no,0.372,stress
5,8,yriA,no,0.372,stress
5,1,yriB,no,0.404,stress
5,2,yriB,no,0.408,stress
5,3,yriB,no,0.404,stress
5,4,yriB,no,0.4,stress
5,5,yriB,no,0.332,stress
5,6,yriB,no,0.372,stress
5,7,yriB,no,0.4,stress
5,8,yriB,no,0.56,stress
5,1,yriAB,no,0.533,stress
5,2,yriAB,no,0.535,stress
5,3,yriAB,no,0.522,stress
5,4,yriAB,no,0.475,stress
5,5,yriAB,no,0.507,stress
5,6,yriAB,no,0.455,stress
5,7,yriAB,no,0.462,stress
5,8,yriAB,no,0.469,stress
5,1,yriB(yriA_syn_mut),no,0.463,stress
5,2,yriB(yriA_syn_mut),no,0.441,stress
5,3,yriB(yriA_syn_mut),no,0.52,stress
5,4,yriB(yriA_syn_mut),no,0.525,stress
5,5,yriB(yriA_syn_mut),no,0.488,stress
5,6,yriB(yriA_syn_mut),no,0.433,stress
5,7,yriB(yriA_syn_mut),no,0.368,stress
5,8,yriB(yriA_syn_mut),no,0.493,stress
6,1,Empty_vector,yes,0.596,stress
6,2,Empty_vector,yes,0.582,stress
6,3,Empty_vector,yes,0.562,stress
6,4,Empty_vector,yes,0.57,stress
6,5,Empty_vector,yes,0.567,stress
6,6,Empty_vector,yes,0.569,stress
6,7,Empty_vector,yes,0.608,stress
6,8,Empty_vector,yes,0.629,stress
6,1,Empty_vector,no,0.412,stress
6,2,Empty_vector,no,0.391,stress
6,3,Empty_vector,no,0.441,stress
6,4,Empty_vector,no,0.477,stress
6,5,Empty_vector,no,0.456,stress
6,6,Empty_vector,no,0.433,stress
6,7,Empty_vector,no,0.422,stress
6,8,Empty_vector,no,0.462,stress
6,1,yriA,no,0.389,stress
6,2,yriA,no,0.359,stress
6,3,yriA,no,0.397,stress
6,4,yriA,no,0.414,stress
6,5,yriA,no,0.436,stress
6,6,yriA,no,0.434,stress
6,7,yriA,no,0.372,stress
6,8,yriA,no,0.354,stress
6,1,yriB,no,0.4,stress
6,2,yriB,no,0.404,stress
6,3,yriB,no,0.409,stress
6,4,yriB,no,0.405,stress
6,5,yriB,no,0.341,stress
6,6,yriB,no,0.396,stress
6,7,yriB,no,0.418,stress
6,8,yriB,no,0.588,stress
6,1,yriAB,no,0.564,stress
6,2,yriAB,no,0.568,stress
6,3,yriAB,no,0.538,stress
6,4,yriAB,no,0.486,stress
6,5,yriAB,no,0.517,stress
6,6,yriAB,no,0.463,stress
6,7,yriAB,no,0.465,stress
6,8,yriAB,no,0.489,stress
6,1,yriB(yriA_syn_mut),no,0.481,stress
6,2,yriB(yriA_syn_mut),no,0.449,stress
6,3,yriB(yriA_syn_mut),no,0.532,stress
6,4,yriB(yriA_syn_mut),no,0.53,stress
6,5,yriB(yriA_syn_mut),no,0.499,stress
6,6,yriB(yriA_syn_mut),no,0.442,stress
6,7,yriB(yriA_syn_mut),no,0.4,stress
6,8,yriB(yriA_syn_mut),no,0.548,stress
7,1,Empty_vector,yes,0.607,stress
7,2,Empty_vector,yes,0.592,stress
7,3,Empty_vector,yes,0.586,stress
7,4,Empty_vector,yes,0.589,stress
7,5,Empty_vector,yes,0.581,stress
7,6,Empty_vector,yes,0.586,stress
7,7,Empty_vector,yes,0.617,stress
7,8,Empty_vector,yes,0.653,stress
7,1,Empty_vector,no,0.416,stress
7,2,Empty_vector,no,0.389,stress
7,3,Empty_vector,no,0.449,stress
7,4,Empty_vector,no,0.487,stress
7,5,Empty_vector,no,0.47,stress
7,6,Empty_vector,no,0.444,stress
7,7,Empty_vector,no,0.424,stress
7,8,Empty_vector,no,0.468,stress
7,1,yriA,no,0.393,stress
7,2,yriA,no,0.354,stress
7,3,yriA,no,0.389,stress
7,4,yriA,no,0.407,stress
7,5,yriA,no,0.435,stress
7,6,yriA,no,0.433,stress
7,7,yriA,no,0.367,stress
7,8,yriA,no,0.36,stress
7,1,yriB,no,0.407,stress
7,2,yriB,no,0.405,stress
7,3,yriB,no,0.414,stress
7,4,yriB,no,0.414,stress
7,5,yriB,no,0.349,stress
7,6,yriB,no,0.411,stress
7,7,yriB,no,0.431,stress
7,8,yriB,no,0.609,stress
7,1,yriAB,no,0.586,stress
7,2,yriAB,no,0.582,stress
7,3,yriAB,no,0.548,stress
7,4,yriAB,no,0.493,stress
7,5,yriAB,no,0.522,stress
7,6,yriAB,no,0.469,stress
7,7,yriAB,no,0.468,stress
7,8,yriAB,no,0.5,stress
7,1,yriB(yriA_syn_mut),no,0.489,stress
7,2,yriB(yriA_syn_mut),no,0.455,stress
7,3,yriB(yriA_syn_mut),no,0.536,stress
7,4,yriB(yriA_syn_mut),no,0.53,stress
7,5,yriB(yriA_syn_mut),no,0.506,stress
7,6,yriB(yriA_syn_mut),no,0.454,stress
7,7,yriB(yriA_syn_mut),no,0.41,stress
7,8,yriB(yriA_syn_mut),no,0.577,stress
8,1,Empty_vector,yes,0.632,stress
8,2,Empty_vector,yes,0.608,stress
8,3,Empty_vector,yes,0.603,stress
8,4,Empty_vector,yes,0.61,stress
8,5,Empty_vector,yes,0.599,stress
8,6,Empty_vector,yes,0.606,stress
8,7,Empty_vector,yes,0.631,stress
8,8,Empty_vector,yes,0.661,stress
8,1,Empty_vector,no,0.415,stress
8,2,Empty_vector,no,0.389,stress
8,3,Empty_vector,no,0.452,stress
8,4,Empty_vector,no,0.493,stress
8,5,Empty_vector,no,0.477,stress
8,6,Empty_vector,no,0.45,stress
8,7,Empty_vector,no,0.424,stress
8,8,Empty_vector,no,0.473,stress
8,1,yriA,no,0.378,stress
8,2,yriA,no,0.35,stress
8,3,yriA,no,0.375,stress
8,4,yriA,no,0.392,stress
8,5,yriA,no,0.429,stress
8,6,yriA,no,0.431,stress
8,7,yriA,no,0.353,stress
8,8,yriA,no,0.361,stress
8,1,yriB,no,0.408,stress
8,2,yriB,no,0.401,stress
8,3,yriB,no,0.425,stress
8,4,yriB,no,0.422,stress
8,5,yriB,no,0.351,stress
8,6,yriB,no,0.423,stress
8,7,yriB,no,0.439,stress
8,8,yriB,no,0.618,stress
8,1,yriAB,no,0.606,stress
8,2,yriAB,no,0.599,stress
8,3,yriAB,no,0.55,stress
8,4,yriAB,no,0.496,stress
8,5,yriAB,no,0.521,stress
8,6,yriAB,no,0.468,stress
8,7,yriAB,no,0.469,stress
8,8,yriAB,no,0.508,stress
8,1,yriB(yriA_syn_mut),no,0.49,stress
8,2,yriB(yriA_syn_mut),no,0.456,stress
8,3,yriB(yriA_syn_mut),no,0.535,stress
8,4,yriB(yriA_syn_mut),no,0.528,stress
8,5,yriB(yriA_syn_mut),no,0.513,stress
8,6,yriB(yriA_syn_mut),no,0.469,stress
8,7,yriB(yriA_syn_mut),no,0.428,stress
8,8,yriB(yriA_syn_mut),no,0.597,stress
9,1,Empty_vector,yes,0.657,stress
9,2,Empty_vector,yes,0.62,stress
9,3,Empty_vector,yes,0.625,stress
9,4,Empty_vector,yes,0.627,stress
9,5,Empty_vector,yes,0.618,stress
9,6,Empty_vector,yes,0.625,stress
9,7,Empty_vector,yes,0.645,stress
9,8,Empty_vector,yes,0.689,stress
9,1,Empty_vector,no,0.419,stress
9,2,Empty_vector,no,0.389,stress
9,3,Empty_vector,no,0.458,stress
9,4,Empty_vector,no,0.498,stress
9,5,Empty_vector,no,0.484,stress
9,6,Empty_vector,no,0.458,stress
9,7,Empty_vector,no,0.425,stress
9,8,Empty_vector,no,0.477,stress
9,1,yriA,no,0.372,stress
9,2,yriA,no,0.343,stress
9,3,yriA,no,0.365,stress
9,4,yriA,no,0.384,stress
9,5,yriA,no,0.427,stress
9,6,yriA,no,0.432,stress
9,7,yriA,no,0.36,stress
9,8,yriA,no,0.358,stress
9,1,yriB,no,0.409,stress
9,2,yriB,no,0.399,stress
9,3,yriB,no,0.434,stress
9,4,yriB,no,0.433,stress
9,5,yriB,no,0.354,stress
9,6,yriB,no,0.429,stress
9,7,yriB,no,0.444,stress
9,8,yriB,no,0.624,stress
9,1,yriAB,no,0.632,stress
9,2,yriAB,no,0.629,stress
9,3,yriAB,no,0.551,stress
9,4,yriAB,no,0.5,stress
9,5,yriAB,no,0.518,stress
9,6,yriAB,no,0.467,stress
9,7,yriAB,no,0.475,stress
9,8,yriAB,no,0.518,stress
9,1,yriB(yriA_syn_mut),no,0.489,stress
9,2,yriB(yriA_syn_mut),no,0.458,stress
9,3,yriB(yriA_syn_mut),no,0.534,stress
9,4,yriB(yriA_syn_mut),no,0.527,stress
9,5,yriB(yriA_syn_mut),no,0.517,stress
9,6,yriB(yriA_syn_mut),no,0.478,stress
9,7,yriB(yriA_syn_mut),no,0.441,stress
9,8,yriB(yriA_syn_mut),no,0.609,stress
10,1,Empty_vector,yes,0.663,stress
10,2,Empty_vector,yes,0.628,stress
10,3,Empty_vector,yes,0.628,stress
10,4,Empty_vector,yes,0.63,stress
10,5,Empty_vector,yes,0.629,stress
10,6,Empty_vector,yes,0.636,stress
10,7,Empty_vector,yes,0.652,stress
10,8,Empty_vector,yes,0.693,stress
10,1,Empty_vector,no,0.426,stress
10,2,Empty_vector,no,0.389,stress
10,3,Empty_vector,no,0.463,stress
10,4,Empty_vector,no,0.503,stress
10,5,Empty_vector,no,0.493,stress
10,6,Empty_vector,no,0.468,stress
10,7,Empty_vector,no,0.428,stress
10,8,Empty_vector,no,0.483,stress
10,1,yriA,no,0.374,stress
10,2,yriA,no,0.339,stress
10,3,yriA,no,0.362,stress
10,4,yriA,no,0.379,stress
10,5,yriA,no,0.431,stress
10,6,yriA,no,0.437,stress
10,7,yriA,no,0.365,stress
10,8,yriA,no,0.369,stress
10,1,yriB,no,0.414,stress
10,2,yriB,no,0.396,stress
10,3,yriB,no,0.439,stress
10,4,yriB,no,0.44,stress
10,5,yriB,no,0.353,stress
10,6,yriB,no,0.432,stress
10,7,yriB,no,0.443,stress
10,8,yriB,no,0.627,stress
10,1,yriAB,no,0.649,stress
10,2,yriAB,no,0.638,stress
10,3,yriAB,no,0.551,stress
10,4,yriAB,no,0.501,stress
10,5,yriAB,no,0.515,stress
10,6,yriAB,no,0.462,stress
10,7,yriAB,no,0.478,stress
10,8,yriAB,no,0.524,stress
10,1,yriB(yriA_syn_mut),no,0.489,stress
10,2,yriB(yriA_syn_mut),no,0.456,stress
10,3,yriB(yriA_syn_mut),no,0.53,stress
10,4,yriB(yriA_syn_mut),no,0.522,stress
10,5,yriB(yriA_syn_mut),no,0.518,stress
10,6,yriB(yriA_syn_mut),no,0.482,stress
10,7,yriB(yriA_syn_mut),no,0.439,stress
10,8,yriB(yriA_syn_mut),no,0.61,stress
11,1,Empty_vector,yes,0.683,stress
11,2,Empty_vector,yes,0.637,stress
11,3,Empty_vector,yes,0.636,stress
11,4,Empty_vector,yes,0.643,stress
11,5,Empty_vector,yes,0.637,stress
11,6,Empty_vector,yes,0.644,stress
11,7,Empty_vector,yes,0.657,stress
11,8,Empty_vector,yes,0.707,stress
11,1,Empty_vector,no,0.43,stress
11,2,Empty_vector,no,0.39,stress
11,3,Empty_vector,no,0.466,stress
11,4,Empty_vector,no,0.506,stress
11,5,Empty_vector,no,0.498,stress
11,6,Empty_vector,no,0.476,stress
11,7,Empty_vector,no,0.428,stress
11,8,Empty_vector,no,0.487,stress
11,1,yriA,no,0.374,stress
11,2,yriA,no,0.335,stress
11,3,yriA,no,0.357,stress
11,4,yriA,no,0.374,stress
11,5,yriA,no,0.433,stress
11,6,yriA,no,0.444,stress
11,7,yriA,no,0.372,stress
11,8,yriA,no,0.376,stress
11,1,yriB,no,0.414,stress
11,2,yriB,no,0.394,stress
11,3,yriB,no,0.443,stress
11,4,yriB,no,0.446,stress
11,5,yriB,no,0.351,stress
11,6,yriB,no,0.431,stress
11,7,yriB,no,0.441,stress
11,8,yriB,no,0.625,stress
11,1,yriAB,no,0.664,stress
11,2,yriAB,no,0.641,stress
11,3,yriAB,no,0.549,stress
11,4,yriAB,no,0.501,stress
11,5,yriAB,no,0.511,stress
11,6,yriAB,no,0.459,stress
11,7,yriAB,no,0.474,stress
11,8,yriAB,no,0.525,stress
11,1,yriB(yriA_syn_mut),no,0.492,stress
11,2,yriB(yriA_syn_mut),no,0.453,stress
11,3,yriB(yriA_syn_mut),no,0.526,stress
11,4,yriB(yriA_syn_mut),no,0.519,stress
11,5,yriB(yriA_syn_mut),no,0.516,stress
11,6,yriB(yriA_syn_mut),no,0.481,stress
11,7,yriB(yriA_syn_mut),no,0.438,stress
11,8,yriB(yriA_syn_mut),no,0.608,stress
12,1,Empty_vector,yes,0.694,stress
12,2,Empty_vector,yes,0.643,stress
12,3,Empty_vector,yes,0.649,stress
12,4,Empty_vector,yes,0.659,stress
12,5,Empty_vector,yes,0.649,stress
12,6,Empty_vector,yes,0.653,stress
12,7,Empty_vector,yes,0.662,stress
12,8,Empty_vector,yes,0.717,stress
12,1,Empty_vector,no,0.433,stress
12,2,Empty_vector,no,0.392,stress
12,3,Empty_vector,no,0.466,stress
12,4,Empty_vector,no,0.508,stress
12,5,Empty_vector,no,0.505,stress
12,6,Empty_vector,no,0.481,stress
12,7,Empty_vector,no,0.429,stress
12,8,Empty_vector,no,0.491,stress
12,1,yriA,no,0.374,stress
12,2,yriA,no,0.333,stress
12,3,yriA,no,0.354,stress
12,4,yriA,no,0.371,stress
12,5,yriA,no,0.434,stress
12,6,yriA,no,0.448,stress
12,7,yriA,no,0.377,stress
12,8,yriA,no,0.383,stress
12,1,yriB,no,0.415,stress
12,2,yriB,no,0.392,stress
12,3,yriB,no,0.446,stress
12,4,yriB,no,0.45,stress
12,5,yriB,no,0.351,stress
12,6,yriB,no,0.43,stress
12,7,yriB,no,0.442,stress
12,8,yriB,no,0.623,stress
12,1,yriAB,no,0.675,stress
12,2,yriAB,no,0.646,stress
12,3,yriAB,no,0.549,stress
12,4,yriAB,no,0.501,stress
12,5,yriAB,no,0.508,stress
12,6,yriAB,no,0.455,stress
12,7,yriAB,no,0.466,stress
12,8,yriAB,no,0.528,stress
12,1,yriB(yriA_syn_mut),no,0.49,stress
12,2,yriB(yriA_syn_mut),no,0.451,stress
12,3,yriB(yriA_syn_mut),no,0.523,stress
12,4,yriB(yriA_syn_mut),no,0.517,stress
12,5,yriB(yriA_syn_mut),no,0.515,stress
12,6,yriB(yriA_syn_mut),no,0.481,stress
12,7,yriB(yriA_syn_mut),no,0.436,stress
12,8,yriB(yriA_syn_mut),no,0.607,stress
13,1,Empty_vector,yes,0.707,stress
13,2,Empty_vector,yes,0.661,stress
13,3,Empty_vector,yes,0.666,stress
13,4,Empty_vector,yes,0.675,stress
13,5,Empty_vector,yes,0.665,stress
13,6,Empty_vector,yes,0.669,stress
13,7,Empty_vector,yes,0.679,stress
13,8,Empty_vector,yes,0.74,stress
13,1,Empty_vector,no,0.435,stress
13,2,Empty_vector,no,0.394,stress
13,3,Empty_vector,no,0.468,stress
13,4,Empty_vector,no,0.509,stress
13,5,Empty_vector,no,0.506,stress
13,6,Empty_vector,no,0.487,stress
13,7,Empty_vector,no,0.432,stress
13,8,Empty_vector,no,0.492,stress
13,1,yriA,no,0.371,stress
13,2,yriA,no,0.331,stress
13,3,yriA,no,0.352,stress
13,4,yriA,no,0.368,stress
13,5,yriA,no,0.434,stress
13,6,yriA,no,0.448,stress
13,7,yriA,no,0.384,stress
13,8,yriA,no,0.389,stress
13,1,yriB,no,0.415,stress
13,2,yriB,no,0.39,stress
13,3,yriB,no,0.448,stress
13,4,yriB,no,0.452,stress
13,5,yriB,no,0.35,stress
13,6,yriB,no,0.433,stress
13,7,yriB,no,0.441,stress
13,8,yriB,no,0.622,stress
13,1,yriAB,no,0.686,stress
13,2,yriAB,no,0.661,stress
13,3,yriAB,no,0.547,stress
13,4,yriAB,no,0.504,stress
13,5,yriAB,no,0.506,stress
13,6,yriAB,no,0.454,stress
13,7,yriAB,no,0.466,stress
13,8,yriAB,no,0.527,stress
13,1,yriB(yriA_syn_mut),no,0.491,stress
13,2,yriB(yriA_syn_mut),no,0.45,stress
13,3,yriB(yriA_syn_mut),no,0.521,stress
13,4,yriB(yriA_syn_mut),no,0.516,stress
13,5,yriB(yriA_syn_mut),no,0.513,stress
13,6,yriB(yriA_syn_mut),no,0.483,stress
13,7,yriB(yriA_syn_mut),no,0.438,stress
13,8,yriB(yriA_syn_mut),no,0.607,stress
14,1,Empty_vector,yes,0.701,stress
14,2,Empty_vector,yes,0.669,stress
14,3,Empty_vector,yes,0.671,stress
14,4,Empty_vector,yes,0.683,stress
14,5,Empty_vector,yes,0.667,stress
14,6,Empty_vector,yes,0.673,stress
14,7,Empty_vector,yes,0.682,stress
14,8,Empty_vector,yes,0.725,stress
14,1,Empty_vector,no,0.438,stress
14,2,Empty_vector,no,0.394,stress
14,3,Empty_vector,no,0.469,stress
14,4,Empty_vector,no,0.51,stress
14,5,Empty_vector,no,0.507,stress
14,6,Empty_vector,no,0.49,stress
14,7,Empty_vector,no,0.435,stress
14,8,Empty_vector,no,0.492,stress
14,1,yriA,no,0.372,stress
14,2,yriA,no,0.331,stress
14,3,yriA,no,0.349,stress
14,4,yriA,no,0.366,stress
14,5,yriA,no,0.434,stress
14,6,yriA,no,0.446,stress
14,7,yriA,no,0.387,stress
14,8,yriA,no,0.396,stress
14,1,yriB,no,0.417,stress
14,2,yriB,no,0.389,stress
14,3,yriB,no,0.451,stress
14,4,yriB,no,0.454,stress
14,5,yriB,no,0.351,stress
14,6,yriB,no,0.436,stress
14,7,yriB,no,0.441,stress
14,8,yriB,no,0.621,stress
14,1,yriAB,no,0.688,stress
14,2,yriAB,no,0.655,stress
14,3,yriAB,no,0.544,stress
14,4,yriAB,no,0.505,stress
14,5,yriAB,no,0.506,stress
14,6,yriAB,no,0.454,stress
14,7,yriAB,no,0.465,stress
14,8,yriAB,no,0.528,stress
14,1,yriB(yriA_syn_mut),no,0.493,stress
14,2,yriB(yriA_syn_mut),no,0.448,stress
14,3,yriB(yriA_syn_mut),no,0.521,stress
14,4,yriB(yriA_syn_mut),no,0.512,stress
14,5,yriB(yriA_syn_mut),no,0.511,stress
14,6,yriB(yriA_syn_mut),no,0.486,stress
14,7,yriB(yriA_syn_mut),no,0.439,stress
14,8,yriB(yriA_syn_mut),no,0.606,stress
15,1,Empty_vector,yes,0.715,stress
15,2,Empty_vector,yes,0.681,stress
15,3,Empty_vector,yes,0.681,stress
15,4,Empty_vector,yes,0.689,stress
15,5,Empty_vector,yes,0.676,stress
15,6,Empty_vector,yes,0.681,stress
15,7,Empty_vector,yes,0.694,stress
15,8,Empty_vector,yes,0.73,stress
15,1,Empty_vector,no,0.439,stress
15,2,Empty_vector,no,0.396,stress
15,3,Empty_vector,no,0.469,stress
15,4,Empty_vector,no,0.51,stress
15,5,Empty_vector,no,0.508,stress
15,6,Empty_vector,no,0.493,stress
15,7,Empty_vector,no,0.439,stress
15,8,Empty_vector,no,0.494,stress
15,1,yriA,no,0.371,stress
15,2,yriA,no,0.329,stress
15,3,yriA,no,0.348,stress
15,4,yriA,no,0.364,stress
15,5,yriA,no,0.434,stress
15,6,yriA,no,0.445,stress
15,7,yriA,no,0.39,stress
15,8,yriA,no,0.402,stress
15,1,yriB,no,0.417,stress
15,2,yriB,no,0.388,stress
15,3,yriB,no,0.454,stress
15,4,yriB,no,0.457,stress
15,5,yriB,no,0.353,stress
15,6,yriB,no,0.441,stress
15,7,yriB,no,0.44,stress
15,8,yriB,no,0.622,stress
15,1,yriAB,no,0.689,stress
15,2,yriAB,no,0.667,stress
15,3,yriAB,no,0.543,stress
15,4,yriAB,no,0.507,stress
15,5,yriAB,no,0.506,stress
15,6,yriAB,no,0.456,stress
15,7,yriAB,no,0.467,stress
15,8,yriAB,no,0.53,stress
15,1,yriB(yriA_syn_mut),no,0.494,stress
15,2,yriB(yriA_syn_mut),no,0.448,stress
15,3,yriB(yriA_syn_mut),no,0.521,stress
15,4,yriB(yriA_syn_mut),no,0.514,stress
15,5,yriB(yriA_syn_mut),no,0.512,stress
15,6,yriB(yriA_syn_mut),no,0.488,stress
15,7,yriB(yriA_syn_mut),no,0.44,stress
15,8,yriB(yriA_syn_mut),no,0.606,stress
16,1,Empty_vector,yes,0.724,stress
16,2,Empty_vector,yes,0.694,stress
16,3,Empty_vector,yes,0.692,stress
16,4,Empty_vector,yes,0.703,stress
16,5,Empty_vector,yes,0.686,stress
16,6,Empty_vector,yes,0.695,stress
16,7,Empty_vector,yes,0.698,stress
16,8,Empty_vector,yes,0.745,stress
16,1,Empty_vector,no,0.441,stress
16,2,Empty_vector,no,0.398,stress
16,3,Empty_vector,no,0.469,stress
16,4,Empty_vector,no,0.51,stress
16,5,Empty_vector,no,0.507,stress
16,6,Empty_vector,no,0.494,stress
16,7,Empty_vector,no,0.444,stress
16,8,Empty_vector,no,0.496,stress
16,1,yriA,no,0.371,stress
16,2,yriA,no,0.327,stress
16,3,yriA,no,0.346,stress
16,4,yriA,no,0.363,stress
16,5,yriA,no,0.433,stress
16,6,yriA,no,0.446,stress
16,7,yriA,no,0.394,stress
16,8,yriA,no,0.404,stress
16,1,yriB,no,0.418,stress
16,2,yriB,no,0.389,stress
16,3,yriB,no,0.456,stress
16,4,yriB,no,0.462,stress
16,5,yriB,no,0.355,stress
16,6,yriB,no,0.449,stress
16,7,yriB,no,0.441,stress
16,8,yriB,no,0.623,stress
16,1,yriAB,no,0.687,stress
16,2,yriAB,no,0.683,stress
16,3,yriAB,no,0.54,stress
16,4,yriAB,no,0.507,stress
16,5,yriAB,no,0.504,stress
16,6,yriAB,no,0.455,stress
16,7,yriAB,no,0.471,stress
16,8,yriAB,no,0.529,stress
16,1,yriB(yriA_syn_mut),no,0.489,stress
16,2,yriB(yriA_syn_mut),no,0.449,stress
16,3,yriB(yriA_syn_mut),no,0.523,stress
16,4,yriB(yriA_syn_mut),no,0.517,stress
16,5,yriB(yriA_syn_mut),no,0.513,stress
16,6,yriB(yriA_syn_mut),no,0.497,stress
16,7,yriB(yriA_syn_mut),no,0.441,stress
16,8,yriB(yriA_syn_mut),no,0.605,stress
17,1,Empty_vector,yes,0.715,stress
17,2,Empty_vector,yes,0.69,stress
17,3,Empty_vector,yes,0.695,stress
17,4,Empty_vector,yes,0.705,stress
17,5,Empty_vector,yes,0.695,stress
17,6,Empty_vector,yes,0.698,stress
17,7,Empty_vector,yes,0.689,stress
17,8,Empty_vector,yes,0.739,stress
17,1,Empty_vector,no,0.446,stress
17,2,Empty_vector,no,0.401,stress
17,3,Empty_vector,no,0.47,stress
17,4,Empty_vector,no,0.512,stress
17,5,Empty_vector,no,0.506,stress
17,6,Empty_vector,no,0.497,stress
17,7,Empty_vector,no,0.449,stress
17,8,Empty_vector,no,0.498,stress
17,1,yriA,no,0.372,stress
17,2,yriA,no,0.325,stress
17,3,yriA,no,0.345,stress
17,4,yriA,no,0.362,stress
17,5,yriA,no,0.434,stress
17,6,yriA,no,0.448,stress
17,7,yriA,no,0.394,stress
17,8,yriA,no,0.405,stress
17,1,yriB,no,0.418,stress
17,2,yriB,no,0.387,stress
17,3,yriB,no,0.457,stress
17,4,yriB,no,0.467,stress
17,5,yriB,no,0.358,stress
17,6,yriB,no,0.462,stress
17,7,yriB,no,0.442,stress
17,8,yriB,no,0.622,stress
17,1,yriAB,no,0.67,stress
17,2,yriAB,no,0.69,stress
17,3,yriAB,no,0.538,stress
17,4,yriAB,no,0.499,stress
17,5,yriAB,no,0.505,stress
17,6,yriAB,no,0.459,stress
17,7,yriAB,no,0.475,stress
17,8,yriAB,no,0.53,stress
17,1,yriB(yriA_syn_mut),no,0.488,stress
17,2,yriB(yriA_syn_mut),no,0.447,stress
17,3,yriB(yriA_syn_mut),no,0.523,stress
17,4,yriB(yriA_syn_mut),no,0.518,stress
17,5,yriB(yriA_syn_mut),no,0.513,stress
17,6,yriB(yriA_syn_mut),no,0.501,stress
17,7,yriB(yriA_syn_mut),no,0.444,stress
17,8,yriB(yriA_syn_mut),no,0.605,stress
18,1,Empty_vector,yes,0.705,stress
18,2,Empty_vector,yes,0.674,stress
18,3,Empty_vector,yes,0.693,stress
18,4,Empty_vector,yes,0.702,stress
18,5,Empty_vector,yes,0.691,stress
18,6,Empty_vector,yes,0.69,stress
18,7,Empty_vector,yes,0.686,stress
18,8,Empty_vector,yes,0.754,stress
18,1,Empty_vector,no,0.448,stress
18,2,Empty_vector,no,0.402,stress
18,3,Empty_vector,no,0.471,stress
18,4,Empty_vector,no,0.513,stress
18,5,Empty_vector,no,0.507,stress
18,6,Empty_vector,no,0.5,stress
18,7,Empty_vector,no,0.455,stress
18,8,Empty_vector,no,0.498,stress
18,1,yriA,no,0.371,stress
18,2,yriA,no,0.324,stress
18,3,yriA,no,0.344,stress
18,4,yriA,no,0.361,stress
18,5,yriA,no,0.434,stress
18,6,yriA,no,0.448,stress
18,7,yriA,no,0.394,stress
18,8,yriA,no,0.406,stress
18,1,yriB,no,0.416,stress
18,2,yriB,no,0.385,stress
18,3,yriB,no,0.457,stress
18,4,yriB,no,0.465,stress
18,5,yriB,no,0.362,stress
18,6,yriB,no,0.467,stress
18,7,yriB,no,0.443,stress
18,8,yriB,no,0.623,stress
18,1,yriAB,no,0.652,stress
18,2,yriAB,no,0.665,stress
18,3,yriAB,no,0.536,stress
18,4,yriAB,no,0.49,stress
18,5,yriAB,no,0.505,stress
18,6,yriAB,no,0.466,stress
18,7,yriAB,no,0.482,stress
18,8,yriAB,no,0.53,stress
18,1,yriB(yriA_syn_mut),no,0.489,stress
18,2,yriB(yriA_syn_mut),no,0.445,stress
18,3,yriB(yriA_syn_mut),no,0.526,stress
18,4,yriB(yriA_syn_mut),no,0.516,stress
18,5,yriB(yriA_syn_mut),no,0.512,stress
18,6,yriB(yriA_syn_mut),no,0.507,stress
18,7,yriB(yriA_syn_mut),no,0.445,stress
18,8,yriB(yriA_syn_mut),no,0.604,stress
19,1,Empty_vector,yes,0.7,stress
19,2,Empty_vector,yes,0.682,stress
19,3,Empty_vector,yes,0.703,stress
19,4,Empty_vector,yes,0.707,stress
19,5,Empty_vector,yes,0.695,stress
19,6,Empty_vector,yes,0.692,stress
19,7,Empty_vector,yes,0.702,stress
19,8,Empty_vector,yes,0.783,stress
19,1,Empty_vector,no,0.45,stress
19,2,Empty_vector,no,0.406,stress
19,3,Empty_vector,no,0.47,stress
19,4,Empty_vector,no,0.512,stress
19,5,Empty_vector,no,0.507,stress
19,6,Empty_vector,no,0.501,stress
19,7,Empty_vector,no,0.464,stress
19,8,Empty_vector,no,0.501,stress
19,1,yriA,no,0.368,stress
19,2,yriA,no,0.323,stress
19,3,yriA,no,0.344,stress
19,4,yriA,no,0.36,stress
19,5,yriA,no,0.436,stress
19,6,yriA,no,0.45,stress
19,7,yriA,no,0.388,stress
19,8,yriA,no,0.407,stress
19,1,yriB,no,0.412,stress
19,2,yriB,no,0.384,stress
19,3,yriB,no,0.458,stress
19,4,yriB,no,0.47,stress
19,5,yriB,no,0.369,stress
19,6,yriB,no,0.467,stress
19,7,yriB,no,0.446,stress
19,8,yriB,no,0.622,stress
19,1,yriAB,no,0.644,stress
19,2,yriAB,no,0.68,stress
19,3,yriAB,no,0.531,stress
19,4,yriAB,no,0.482,stress
19,5,yriAB,no,0.507,stress
19,6,yriAB,no,0.47,stress
19,7,yriAB,no,0.492,stress
19,8,yriAB,no,0.529,stress
19,1,yriB(yriA_syn_mut),no,0.489,stress
19,2,yriB(yriA_syn_mut),no,0.445,stress
19,3,yriB(yriA_syn_mut),no,0.531,stress
19,4,yriB(yriA_syn_mut),no,0.518,stress
19,5,yriB(yriA_syn_mut),no,0.512,stress
19,6,yriB(yriA_syn_mut),no,0.509,stress
19,7,yriB(yriA_syn_mut),no,0.453,stress
19,8,yriB(yriA_syn_mut),no,0.601,stress
20,1,Empty_vector,yes,0.687,stress
20,2,Empty_vector,yes,0.67,stress
20,3,Empty_vector,yes,0.681,stress
20,4,Empty_vector,yes,0.695,stress
20,5,Empty_vector,yes,0.688,stress
20,6,Empty_vector,yes,0.689,stress
20,7,Empty_vector,yes,0.702,stress
20,8,Empty_vector,yes,0.776,stress
20,1,Empty_vector,no,0.452,stress
20,2,Empty_vector,no,0.409,stress
20,3,Empty_vector,no,0.473,stress
20,4,Empty_vector,no,0.514,stress
20,5,Empty_vector,no,0.506,stress
20,6,Empty_vector,no,0.506,stress
20,7,Empty_vector,no,0.473,stress
20,8,Empty_vector,no,0.503,stress
20,1,yriA,no,0.365,stress
20,2,yriA,no,0.323,stress
20,3,yriA,no,0.344,stress
20,4,yriA,no,0.36,stress
20,5,yriA,no,0.436,stress
20,6,yriA,no,0.448,stress
20,7,yriA,no,0.374,stress
20,8,yriA,no,0.403,stress
20,1,yriB,no,0.421,stress
20,2,yriB,no,0.385,stress
20,3,yriB,no,0.462,stress
20,4,yriB,no,0.473,stress
20,5,yriB,no,0.372,stress
20,6,yriB,no,0.465,stress
20,7,yriB,no,0.454,stress
20,8,yriB,no,0.625,stress
20,1,yriAB,no,0.631,stress
20,2,yriAB,no,0.668,stress
20,3,yriAB,no,0.528,stress
20,4,yriAB,no,0.472,stress
20,5,yriAB,no,0.507,stress
20,6,yriAB,no,0.478,stress
20,7,yriAB,no,0.503,stress
20,8,yriAB,no,0.532,stress
20,1,yriB(yriA_syn_mut),no,0.497,stress
20,2,yriB(yriA_syn_mut),no,0.447,stress
20,3,yriB(yriA_syn_mut),no,0.538,stress
20,4,yriB(yriA_syn_mut),no,0.521,stress
20,5,yriB(yriA_syn_mut),no,0.518,stress
20,6,yriB(yriA_syn_mut),no,0.51,stress
20,7,yriB(yriA_syn_mut),no,0.458,stress
20,8,yriB(yriA_syn_mut),no,0.6,stress
0,1,Empty_vector,no,0.134,no_stress
0,1,Empty_vector,no,0.126,no_stress
0,2,Empty_vector,no,0.126,no_stress
0,2,Empty_vector,no,0.124,no_stress
0,3,Empty_vector,no,0.127,no_stress
0,3,Empty_vector,no,0.125,no_stress
0,4,Empty_vector,no,0.128,no_stress
0,4,Empty_vector,no,0.133,no_stress
0,1,yriAB,no,0.136,no_stress
0,1,yriAB,no,0.13,no_stress
0,2,yriAB,no,0.123,no_stress
0,2,yriAB,no,0.122,no_stress
0,3,yriAB,no,0.124,no_stress
0,3,yriAB,no,0.124,no_stress
0,4,yriAB,no,0.121,no_stress
0,4,yriAB,no,0.124,no_stress
0,1,yriB(yriA_syn_mut),no,0.13,no_stress
0,1,yriB(yriA_syn_mut),no,0.128,no_stress
0,2,yriB(yriA_syn_mut),no,0.131,no_stress
0,2,yriB(yriA_syn_mut),no,0.128,no_stress
0,3,yriB(yriA_syn_mut),no,0.143,no_stress
0,3,yriB(yriA_syn_mut),no,0.141,no_stress
0,4,yriB(yriA_syn_mut),no,0.141,no_stress
0,4,yriB(yriA_syn_mut),no,0.144,no_stress
1,1,Empty_vector,no,0.164,no_stress
1,1,Empty_vector,no,0.151,no_stress
1,2,Empty_vector,no,0.15,no_stress
1,2,Empty_vector,no,0.143,no_stress
1,3,Empty_vector,no,0.149,no_stress
1,3,Empty_vector,no,0.147,no_stress
1,4,Empty_vector,no,0.15,no_stress
1,4,Empty_vector,no,0.161,no_stress
1,1,yriAB,no,0.158,no_stress
1,1,yriAB,no,0.148,no_stress
1,2,yriAB,no,0.146,no_stress
1,2,yriAB,no,0.143,no_stress
1,3,yriAB,no,0.148,no_stress
1,3,yriAB,no,0.142,no_stress
1,4,yriAB,no,0.144,no_stress
1,4,yriAB,no,0.144,no_stress
1,1,yriB(yriA_syn_mut),no,0.155,no_stress
1,1,yriB(yriA_syn_mut),no,0.151,no_stress
1,2,yriB(yriA_syn_mut),no,0.158,no_stress
1,2,yriB(yriA_syn_mut),no,0.146,no_stress
1,3,yriB(yriA_syn_mut),no,0.178,no_stress
1,3,yriB(yriA_syn_mut),no,0.178,no_stress
1,4,yriB(yriA_syn_mut),no,0.18,no_stress
1,4,yriB(yriA_syn_mut),no,0.181,no_stress
2,1,Empty_vector,no,0.223,no_stress
2,1,Empty_vector,no,0.214,no_stress
2,2,Empty_vector,no,0.217,no_stress
2,2,Empty_vector,no,0.203,no_stress
2,3,Empty_vector,no,0.219,no_stress
2,3,Empty_vector,no,0.212,no_stress
2,4,Empty_vector,no,0.216,no_stress
2,4,Empty_vector,no,0.228,no_stress
2,1,yriAB,no,0.194,no_stress
2,1,yriAB,no,0.18,no_stress
2,2,yriAB,no,0.197,no_stress
2,2,yriAB,no,0.195,no_stress
2,3,yriAB,no,0.197,no_stress
2,3,yriAB,no,0.19,no_stress
2,4,yriAB,no,0.188,no_stress
2,4,yriAB,no,0.201,no_stress
2,1,yriB(yriA_syn_mut),no,0.191,no_stress
2,1,yriB(yriA_syn_mut),no,0.18,no_stress
2,2,yriB(yriA_syn_mut),no,0.191,no_stress
2,2,yriB(yriA_syn_mut),no,0.172,no_stress
2,3,yriB(yriA_syn_mut),no,0.23,no_stress
2,3,yriB(yriA_syn_mut),no,0.229,no_stress
2,4,yriB(yriA_syn_mut),no,0.225,no_stress
2,4,yriB(yriA_syn_mut),no,0.241,no_stress
3,1,Empty_vector,no,0.309,no_stress
3,1,Empty_vector,no,0.334,no_stress
3,2,Empty_vector,no,0.34,no_stress
3,2,Empty_vector,no,0.312,no_stress
3,3,Empty_vector,no,0.348,no_stress
3,3,Empty_vector,no,0.326,no_stress
3,4,Empty_vector,no,0.317,no_stress
3,4,Empty_vector,no,0.343,no_stress
3,1,yriAB,no,0.267,no_stress
3,1,yriAB,no,0.242,no_stress
3,2,yriAB,no,0.316,no_stress
3,2,yriAB,no,0.287,no_stress
3,3,yriAB,no,0.291,no_stress
3,3,yriAB,no,0.282,no_stress
3,4,yriAB,no,0.28,no_stress
3,4,yriAB,no,0.289,no_stress
3,1,yriB(yriA_syn_mut),no,0.231,no_stress
3,1,yriB(yriA_syn_mut),no,0.218,no_stress
3,2,yriB(yriA_syn_mut),no,0.233,no_stress
3,2,yriB(yriA_syn_mut),no,0.204,no_stress
3,3,yriB(yriA_syn_mut),no,0.293,no_stress
3,3,yriB(yriA_syn_mut),no,0.292,no_stress
3,4,yriB(yriA_syn_mut),no,0.286,no_stress
3,4,yriB(yriA_syn_mut),no,0.322,no_stress
4,1,Empty_vector,no,0.436,no_stress
4,1,Empty_vector,no,0.445,no_stress
4,2,Empty_vector,no,0.497,no_stress
4,2,Empty_vector,no,0.471,no_stress
4,3,Empty_vector,no,0.508,no_stress
4,3,Empty_vector,no,0.486,no_stress
4,4,Empty_vector,no,0.473,no_stress
4,4,Empty_vector,no,0.511,no_stress
4,1,yriAB,no,0.382,no_stress
4,1,yriAB,no,0.355,no_stress
4,2,yriAB,no,0.489,no_stress
4,2,yriAB,no,0.429,no_stress
4,3,yriAB,no,0.458,no_stress
4,3,yriAB,no,0.427,no_stress
4,4,yriAB,no,0.409,no_stress
4,4,yriAB,no,0.428,no_stress
4,1,yriB(yriA_syn_mut),no,0.326,no_stress
4,1,yriB(yriA_syn_mut),no,0.307,no_stress
4,2,yriB(yriA_syn_mut),no,0.323,no_stress
4,2,yriB(yriA_syn_mut),no,0.278,no_stress
4,3,yriB(yriA_syn_mut),no,0.392,no_stress
4,3,yriB(yriA_syn_mut),no,0.397,no_stress
4,4,yriB(yriA_syn_mut),no,0.391,no_stress
4,4,yriB(yriA_syn_mut),no,0.422,no_stress
5,1,Empty_vector,no,0.539,no_stress
5,1,Empty_vector,no,0.553,no_stress
5,2,Empty_vector,no,0.593,no_stress
5,2,Empty_vector,no,0.61,no_stress
5,3,Empty_vector,no,0.618,no_stress
5,3,Empty_vector,no,0.614,no_stress
5,4,Empty_vector,no,0.593,no_stress
5,4,Empty_vector,no,0.621,no_stress
5,1,yriAB,no,0.495,no_stress
5,1,yriAB,no,0.474,no_stress
5,2,yriAB,no,0.615,no_stress
5,2,yriAB,no,0.566,no_stress
5,3,yriAB,no,0.595,no_stress
5,3,yriAB,no,0.573,no_stress
5,4,yriAB,no,0.561,no_stress
5,4,yriAB,no,0.583,no_stress
5,1,yriB(yriA_syn_mut),no,0.435,no_stress
5,1,yriB(yriA_syn_mut),no,0.418,no_stress
5,2,yriB(yriA_syn_mut),no,0.453,no_stress
5,2,yriB(yriA_syn_mut),no,0.377,no_stress
5,3,yriB(yriA_syn_mut),no,0.524,no_stress
5,3,yriB(yriA_syn_mut),no,0.525,no_stress
5,4,yriB(yriA_syn_mut),no,0.581,no_stress
5,4,yriB(yriA_syn_mut),no,0.61,no_stress
6,1,Empty_vector,no,0.541,no_stress
6,1,Empty_vector,no,0.572,no_stress
6,2,Empty_vector,no,0.605,no_stress
6,2,Empty_vector,no,0.616,no_stress
6,3,Empty_vector,no,0.63,no_stress
6,3,Empty_vector,no,0.634,no_stress
6,4,Empty_vector,no,0.606,no_stress
6,4,Empty_vector,no,0.634,no_stress
6,1,yriAB,no,0.654,no_stress
6,1,yriAB,no,0.665,no_stress
6,2,yriAB,no,0.628,no_stress
6,2,yriAB,no,0.611,no_stress
6,3,yriAB,no,0.607,no_stress
6,3,yriAB,no,0.587,no_stress
6,4,yriAB,no,0.58,no_stress
6,4,yriAB,no,0.688,no_stress
6,1,yriB(yriA_syn_mut),no,0.628,no_stress
6,1,yriB(yriA_syn_mut),no,0.617,no_stress
6,2,yriB(yriA_syn_mut),no,0.655,no_stress
6,2,yriB(yriA_syn_mut),no,0.594,no_stress
6,3,yriB(yriA_syn_mut),no,0.622,no_stress
6,3,yriB(yriA_syn_mut),no,0.626,no_stress
6,4,yriB(yriA_syn_mut),no,0.699,no_stress
6,4,yriB(yriA_syn_mut),no,0.767,no_stress
7,1,Empty_vector,no,0.548,no_stress
7,1,Empty_vector,no,0.585,no_stress
7,2,Empty_vector,no,0.616,no_stress
7,2,Empty_vector,no,0.628,no_stress
7,3,Empty_vector,no,0.641,no_stress
7,3,Empty_vector,no,0.65,no_stress
7,4,Empty_vector,no,0.622,no_stress
7,4,Empty_vector,no,0.65,no_stress
7,1,yriAB,no,0.697,no_stress
7,1,yriAB,no,0.694,no_stress
7,2,yriAB,no,0.644,no_stress
7,2,yriAB,no,0.626,no_stress
7,3,yriAB,no,0.622,no_stress
7,3,yriAB,no,0.603,no_stress
7,4,yriAB,no,0.594,no_stress
7,4,yriAB,no,0.712,no_stress
7,1,yriB(yriA_syn_mut),no,0.695,no_stress
7,1,yriB(yriA_syn_mut),no,0.659,no_stress
7,2,yriB(yriA_syn_mut),no,0.683,no_stress
7,2,yriB(yriA_syn_mut),no,0.668,no_stress
7,3,yriB(yriA_syn_mut),no,0.668,no_stress
7,3,yriB(yriA_syn_mut),no,0.686,no_stress
7,4,yriB(yriA_syn_mut),no,0.698,no_stress
7,4,yriB(yriA_syn_mut),no,0.787,no_stress
8,1,Empty_vector,no,0.555,no_stress
8,1,Empty_vector,no,0.595,no_stress
8,2,Empty_vector,no,0.623,no_stress
8,2,Empty_vector,no,0.638,no_stress
8,3,Empty_vector,no,0.648,no_stress
8,3,Empty_vector,no,0.661,no_stress
8,4,Empty_vector,no,0.638,no_stress
8,4,Empty_vector,no,0.663,no_stress
8,1,yriAB,no,0.707,no_stress
8,1,yriAB,no,0.701,no_stress
8,2,yriAB,no,0.653,no_stress
8,2,yriAB,no,0.64,no_stress
8,3,yriAB,no,0.636,no_stress
8,3,yriAB,no,0.617,no_stress
8,4,yriAB,no,0.604,no_stress
8,4,yriAB,no,0.73,no_stress
8,1,yriB(yriA_syn_mut),no,0.696,no_stress
8,1,yriB(yriA_syn_mut),no,0.662,no_stress
8,2,yriB(yriA_syn_mut),no,0.688,no_stress
8,2,yriB(yriA_syn_mut),no,0.669,no_stress
8,3,yriB(yriA_syn_mut),no,0.69,no_stress
8,3,yriB(yriA_syn_mut),no,0.702,no_stress
8,4,yriB(yriA_syn_mut),no,0.717,no_stress
8,4,yriB(yriA_syn_mut),no,0.787,no_stress
9,1,Empty_vector,no,0.562,no_stress
9,1,Empty_vector,no,0.601,no_stress
9,2,Empty_vector,no,0.63,no_stress
9,2,Empty_vector,no,0.647,no_stress
9,3,Empty_vector,no,0.655,no_stress
9,3,Empty_vector,no,0.672,no_stress
9,4,Empty_vector,no,0.653,no_stress
9,4,Empty_vector,no,0.68,no_stress
9,1,yriAB,no,0.73,no_stress
9,1,yriAB,no,0.718,no_stress
9,2,yriAB,no,0.663,no_stress
9,2,yriAB,no,0.647,no_stress
9,3,yriAB,no,0.644,no_stress
9,3,yriAB,no,0.622,no_stress
9,4,yriAB,no,0.622,no_stress
9,4,yriAB,no,0.755,no_stress
9,1,yriB(yriA_syn_mut),no,0.696,no_stress
9,1,yriB(yriA_syn_mut),no,0.69,no_stress
9,2,yriB(yriA_syn_mut),no,0.709,no_stress
9,2,yriB(yriA_syn_mut),no,0.685,no_stress
9,3,yriB(yriA_syn_mut),no,0.719,no_stress
9,3,yriB(yriA_syn_mut),no,0.732,no_stress
9,4,yriB(yriA_syn_mut),no,0.745,no_stress
9,4,yriB(yriA_syn_mut),no,0.803,no_stress
10,1,Empty_vector,no,0.572,no_stress
10,1,Empty_vector,no,0.608,no_stress
10,2,Empty_vector,no,0.635,no_stress
10,2,Empty_vector,no,0.653,no_stress
10,3,Empty_vector,no,0.664,no_stress
10,3,Empty_vector,no,0.681,no_stress
10,4,Empty_vector,no,0.667,no_stress
10,4,Empty_vector,no,0.696,no_stress
10,1,yriAB,no,0.755,no_stress
10,1,yriAB,no,0.731,no_stress
10,2,yriAB,no,0.668,no_stress
10,2,yriAB,no,0.652,no_stress
10,3,yriAB,no,0.648,no_stress
10,3,yriAB,no,0.631,no_stress
10,4,yriAB,no,0.635,no_stress
10,4,yriAB,no,0.77,no_stress
10,1,yriB(yriA_syn_mut),no,0.691,no_stress
10,1,yriB(yriA_syn_mut),no,0.715,no_stress
10,2,yriB(yriA_syn_mut),no,0.723,no_stress
10,2,yriB(yriA_syn_mut),no,0.701,no_stress
10,3,yriB(yriA_syn_mut),no,0.75,no_stress
10,3,yriB(yriA_syn_mut),no,0.764,no_stress
10,4,yriB(yriA_syn_mut),no,0.772,no_stress
10,4,yriB(yriA_syn_mut),no,0.807,no_stress
11,1,Empty_vector,no,0.578,no_stress
11,1,Empty_vector,no,0.618,no_stress
11,2,Empty_vector,no,0.64,no_stress
11,2,Empty_vector,no,0.659,no_stress
11,3,Empty_vector,no,0.674,no_stress
11,3,Empty_vector,no,0.695,no_stress
11,4,Empty_vector,no,0.684,no_stress
11,4,Empty_vector,no,0.706,no_stress
11,1,yriAB,no,0.777,no_stress
11,1,yriAB,no,0.752,no_stress
11,2,yriAB,no,0.674,no_stress
11,2,yriAB,no,0.658,no_stress
11,3,yriAB,no,0.655,no_stress
11,3,yriAB,no,0.642,no_stress
11,4,yriAB,no,0.648,no_stress
11,4,yriAB,no,0.781,no_stress
11,1,yriB(yriA_syn_mut),no,0.71,no_stress
11,1,yriB(yriA_syn_mut),no,0.725,no_stress
11,2,yriB(yriA_syn_mut),no,0.748,no_stress
11,2,yriB(yriA_syn_mut),no,0.717,no_stress
11,3,yriB(yriA_syn_mut),no,0.787,no_stress
11,3,yriB(yriA_syn_mut),no,0.796,no_stress
11,4,yriB(yriA_syn_mut),no,0.794,no_stress
11,4,yriB(yriA_syn_mut),no,0.837,no_stress
12,1,Empty_vector,no,0.584,no_stress
12,1,Empty_vector,no,0.623,no_stress
12,2,Empty_vector,no,0.647,no_stress
12,2,Empty_vector,no,0.665,no_stress
12,3,Empty_vector,no,0.681,no_stress
12,3,Empty_vector,no,0.701,no_stress
12,4,Empty_vector,no,0.693,no_stress
12,4,Empty_vector,no,0.715,no_stress
12,1,yriAB,no,0.757,no_stress
12,1,yriAB,no,0.765,no_stress
12,2,yriAB,no,0.678,no_stress
12,2,yriAB,no,0.66,no_stress
12,3,yriAB,no,0.659,no_stress
12,3,yriAB,no,0.645,no_stress
12,4,yriAB,no,0.653,no_stress
12,4,yriAB,no,0.788,no_stress
12,1,yriB(yriA_syn_mut),no,0.72,no_stress
12,1,yriB(yriA_syn_mut),no,0.69,no_stress
12,2,yriB(yriA_syn_mut),no,0.761,no_stress
12,2,yriB(yriA_syn_mut),no,0.733,no_stress
12,3,yriB(yriA_syn_mut),no,0.772,no_stress
12,3,yriB(yriA_syn_mut),no,0.773,no_stress
12,4,yriB(yriA_syn_mut),no,0.763,no_stress
12,4,yriB(yriA_syn_mut),no,0.838,no_stress
13,1,Empty_vector,no,0.589,no_stress
13,1,Empty_vector,no,0.627,no_stress
13,2,Empty_vector,no,0.65,no_stress
13,2,Empty_vector,no,0.669,no_stress
13,3,Empty_vector,no,0.686,no_stress
13,3,Empty_vector,no,0.713,no_stress
13,4,Empty_vector,no,0.701,no_stress
13,4,Empty_vector,no,0.725,no_stress
13,1,yriAB,no,0.708,no_stress
13,1,yriAB,no,0.793,no_stress
13,2,yriAB,no,0.68,no_stress
13,2,yriAB,no,0.664,no_stress
13,3,yriAB,no,0.658,no_stress
13,3,yriAB,no,0.648,no_stress
13,4,yriAB,no,0.661,no_stress
13,4,yriAB,no,0.79,no_stress
13,1,yriB(yriA_syn_mut),no,0.739,no_stress
13,1,yriB(yriA_syn_mut),no,0.671,no_stress
13,2,yriB(yriA_syn_mut),no,0.753,no_stress
13,2,yriB(yriA_syn_mut),no,0.762,no_stress
13,3,yriB(yriA_syn_mut),no,0.758,no_stress
13,3,yriB(yriA_syn_mut),no,0.761,no_stress
13,4,yriB(yriA_syn_mut),no,0.748,no_stress
13,4,yriB(yriA_syn_mut),no,0.845,no_stress
14,1,Empty_vector,no,0.591,no_stress
14,1,Empty_vector,no,0.633,no_stress
14,2,Empty_vector,no,0.654,no_stress
14,2,Empty_vector,no,0.672,no_stress
14,3,Empty_vector,no,0.691,no_stress
14,3,Empty_vector,no,0.72,no_stress
14,4,Empty_vector,no,0.71,no_stress
14,4,Empty_vector,no,0.731,no_stress
14,1,yriAB,no,0.678,no_stress
14,1,yriAB,no,0.805,no_stress
14,2,yriAB,no,0.685,no_stress
14,2,yriAB,no,0.667,no_stress
14,3,yriAB,no,0.665,no_stress
14,3,yriAB,no,0.652,no_stress
14,4,yriAB,no,0.665,no_stress
14,4,yriAB,no,0.801,no_stress
14,1,yriB(yriA_syn_mut),no,0.759,no_stress
14,1,yriB(yriA_syn_mut),no,0.663,no_stress
14,2,yriB(yriA_syn_mut),no,0.738,no_stress
14,2,yriB(yriA_syn_mut),no,0.756,no_stress
14,3,yriB(yriA_syn_mut),no,0.749,no_stress
14,3,yriB(yriA_syn_mut),no,0.748,no_stress
14,4,yriB(yriA_syn_mut),no,0.749,no_stress
14,4,yriB(yriA_syn_mut),no,0.855,no_stress
15,1,Empty_vector,no,0.599,no_stress
15,1,Empty_vector,no,0.637,no_stress
15,2,Empty_vector,no,0.658,no_stress
15,2,Empty_vector,no,0.676,no_stress
15,3,Empty_vector,no,0.695,no_stress
15,3,Empty_vector,no,0.722,no_stress
15,4,Empty_vector,no,0.718,no_stress
15,4,Empty_vector,no,0.738,no_stress
15,1,yriAB,no,0.661,no_stress
15,1,yriAB,no,0.8,no_stress
15,2,yriAB,no,0.685,no_stress
15,2,yriAB,no,0.669,no_stress
15,3,yriAB,no,0.666,no_stress
15,3,yriAB,no,0.653,no_stress
15,4,yriAB,no,0.669,no_stress
15,4,yriAB,no,0.814,no_stress
15,1,yriB(yriA_syn_mut),no,0.777,no_stress
15,1,yriB(yriA_syn_mut),no,0.662,no_stress
15,2,yriB(yriA_syn_mut),no,0.72,no_stress
15,2,yriB(yriA_syn_mut),no,0.735,no_stress
15,3,yriB(yriA_syn_mut),no,0.744,no_stress
15,3,yriB(yriA_syn_mut),no,0.746,no_stress
15,4,yriB(yriA_syn_mut),no,0.751,no_stress
15,4,yriB(yriA_syn_mut),no,0.87,no_stress
16,1,Empty_vector,no,0.6,no_stress
16,1,Empty_vector,no,0.64,no_stress
16,2,Empty_vector,no,0.661,no_stress
16,2,Empty_vector,no,0.68,no_stress
16,3,Empty_vector,no,0.698,no_stress
16,3,Empty_vector,no,0.723,no_stress
16,4,Empty_vector,no,0.719,no_stress
16,4,Empty_vector,no,0.743,no_stress
16,1,yriAB,no,0.655,no_stress
16,1,yriAB,no,0.793,no_stress
16,2,yriAB,no,0.686,no_stress
16,2,yriAB,no,0.67,no_stress
16,3,yriAB,no,0.668,no_stress
16,3,yriAB,no,0.654,no_stress
16,4,yriAB,no,0.674,no_stress
16,4,yriAB,no,0.824,no_stress
16,1,yriB(yriA_syn_mut),no,0.789,no_stress
16,1,yriB(yriA_syn_mut),no,0.666,no_stress
16,2,yriB(yriA_syn_mut),no,0.711,no_stress
16,2,yriB(yriA_syn_mut),no,0.716,no_stress
16,3,yriB(yriA_syn_mut),no,0.742,no_stress
16,3,yriB(yriA_syn_mut),no,0.747,no_stress
16,4,yriB(yriA_syn_mut),no,0.754,no_stress
16,4,yriB(yriA_syn_mut),no,0.876,no_stress
17,1,Empty_vector,no,0.607,no_stress
17,1,Empty_vector,no,0.643,no_stress
17,2,Empty_vector,no,0.663,no_stress
17,2,Empty_vector,no,0.682,no_stress
17,3,Empty_vector,no,0.7,no_stress
17,3,Empty_vector,no,0.724,no_stress
17,4,Empty_vector,no,0.722,no_stress
17,4,Empty_vector,no,0.747,no_stress
17,1,yriAB,no,0.645,no_stress
17,1,yriAB,no,0.798,no_stress
17,2,yriAB,no,0.687,no_stress
17,2,yriAB,no,0.666,no_stress
17,3,yriAB,no,0.669,no_stress
17,3,yriAB,no,0.655,no_stress
17,4,yriAB,no,0.677,no_stress
17,4,yriAB,no,0.835,no_stress
17,1,yriB(yriA_syn_mut),no,0.804,no_stress
17,1,yriB(yriA_syn_mut),no,0.669,no_stress
17,2,yriB(yriA_syn_mut),no,0.706,no_stress
17,2,yriB(yriA_syn_mut),no,0.705,no_stress
17,3,yriB(yriA_syn_mut),no,0.744,no_stress
17,3,yriB(yriA_syn_mut),no,0.746,no_stress
17,4,yriB(yriA_syn_mut),no,0.757,no_stress
17,4,yriB(yriA_syn_mut),no,0.883,no_stress
18,1,Empty_vector,no,0.616,no_stress
18,1,Empty_vector,no,0.648,no_stress
18,2,Empty_vector,no,0.665,no_stress
18,2,Empty_vector,no,0.683,no_stress
18,3,Empty_vector,no,0.701,no_stress
18,3,Empty_vector,no,0.724,no_stress
18,4,Empty_vector,no,0.727,no_stress
18,4,Empty_vector,no,0.753,no_stress
18,1,yriAB,no,0.643,no_stress
18,1,yriAB,no,0.789,no_stress
18,2,yriAB,no,0.692,no_stress
18,2,yriAB,no,0.666,no_stress
18,3,yriAB,no,0.671,no_stress
18,3,yriAB,no,0.656,no_stress
18,4,yriAB,no,0.682,no_stress
18,4,yriAB,no,0.846,no_stress
18,1,yriB(yriA_syn_mut),no,0.817,no_stress
18,1,yriB(yriA_syn_mut),no,0.674,no_stress
18,2,yriB(yriA_syn_mut),no,0.704,no_stress
18,2,yriB(yriA_syn_mut),no,0.706,no_stress
18,3,yriB(yriA_syn_mut),no,0.747,no_stress
18,3,yriB(yriA_syn_mut),no,0.748,no_stress
18,4,yriB(yriA_syn_mut),no,0.765,no_stress
18,4,yriB(yriA_syn_mut),no,0.887,no_stress
19,1,Empty_vector,no,0.619,no_stress
19,1,Empty_vector,no,0.648,no_stress
19,2,Empty_vector,no,0.666,no_stress
19,2,Empty_vector,no,0.688,no_stress
19,3,Empty_vector,no,0.703,no_stress
19,3,Empty_vector,no,0.728,no_stress
19,4,Empty_vector,no,0.727,no_stress
19,4,Empty_vector,no,0.756,no_stress
19,1,yriAB,no,0.642,no_stress
19,1,yriAB,no,0.784,no_stress
19,2,yriAB,no,0.689,no_stress
19,2,yriAB,no,0.664,no_stress
19,3,yriAB,no,0.671,no_stress
19,3,yriAB,no,0.659,no_stress
19,4,yriAB,no,0.683,no_stress
19,4,yriAB,no,0.854,no_stress
19,1,yriB(yriA_syn_mut),no,0.828,no_stress
19,1,yriB(yriA_syn_mut),no,0.677,no_stress
19,2,yriB(yriA_syn_mut),no,0.704,no_stress
19,2,yriB(yriA_syn_mut),no,0.707,no_stress
19,3,yriB(yriA_syn_mut),no,0.752,no_stress
19,3,yriB(yriA_syn_mut),no,0.755,no_stress
19,4,yriB(yriA_syn_mut),no,0.775,no_stress
19,4,yriB(yriA_syn_mut),no,0.892,no_stress
20,1,Empty_vector,no,0.623,no_stress
20,1,Empty_vector,no,0.652,no_stress
20,2,Empty_vector,no,0.668,no_stress
20,2,Empty_vector,no,0.69,no_stress
20,3,Empty_vector,no,0.704,no_stress
20,3,Empty_vector,no,0.732,no_stress
20,4,Empty_vector,no,0.727,no_stress
20,4,Empty_vector,no,0.762,no_stress
20,1,yriAB,no,0.636,no_stress
20,1,yriAB,no,0.768,no_stress
20,2,yriAB,no,0.689,no_stress
20,2,yriAB,no,0.666,no_stress
20,3,yriAB,no,0.669,no_stress
20,3,yriAB,no,0.66,no_stress
20,4,yriAB,no,0.685,no_stress
20,4,yriAB,no,0.859,no_stress
20,1,yriB(yriA_syn_mut),no,0.838,no_stress
20,1,yriB(yriA_syn_mut),no,0.678,no_stress
20,2,yriB(yriA_syn_mut),no,0.702,no_stress
20,2,yriB(yriA_syn_mut),no,0.705,no_stress
20,3,yriB(yriA_syn_mut),no,0.749,no_stress
20,3,yriB(yriA_syn_mut),no,0.755,no_stress
20,4,yriB(yriA_syn_mut),no,0.776,no_stress
20,4,yriB(yriA_syn_mut),no,0.898,no_stress
0,1,yriB,no,0.141,no_stress
0,1,yriB,no,0.14,no_stress
0,2,yriB,no,0.142,no_stress
0,2,yriB,no,0.141,no_stress
0,3,yriB,no,0.142,no_stress
0,3,yriB,no,0.142,no_stress
0,4,yriB,no,0.14,no_stress
0,4,yriB,no,0.137,no_stress
1,1,yriB,no,0.186,no_stress
1,1,yriB,no,0.186,no_stress
1,2,yriB,no,0.189,no_stress
1,2,yriB,no,0.189,no_stress
1,3,yriB,no,0.187,no_stress
1,3,yriB,no,0.173,no_stress
1,4,yriB,no,0.184,no_stress
1,4,yriB,no,0.186,no_stress
2,1,yriB,no,0.236,no_stress
2,1,yriB,no,0.234,no_stress
2,2,yriB,no,0.235,no_stress
2,2,yriB,no,0.229,no_stress
2,3,yriB,no,0.238,no_stress
2,3,yriB,no,0.236,no_stress
2,4,yriB,no,0.223,no_stress
2,4,yriB,no,0.24,no_stress
3,1,yriB,no,0.301,no_stress
3,1,yriB,no,0.31,no_stress
3,2,yriB,no,0.331,no_stress
3,2,yriB,no,0.336,no_stress
3,3,yriB,no,0.326,no_stress
3,3,yriB,no,0.328,no_stress
3,4,yriB,no,0.314,no_stress
3,4,yriB,no,0.305,no_stress
4,1,yriB,no,0.451,no_stress
4,1,yriB,no,0.441,no_stress
4,2,yriB,no,0.505,no_stress
4,2,yriB,no,0.451,no_stress
4,3,yriB,no,0.541,no_stress
4,3,yriB,no,0.508,no_stress
4,4,yriB,no,0.479,no_stress
4,4,yriB,no,0.474,no_stress
5,1,yriB,no,0.595,no_stress
5,1,yriB,no,0.59,no_stress
5,2,yriB,no,0.611,no_stress
5,2,yriB,no,0.569,no_stress
5,3,yriB,no,0.6,no_stress
5,3,yriB,no,0.6,no_stress
5,4,yriB,no,0.529,no_stress
5,4,yriB,no,0.61,no_stress
6,1,yriB,no,0.637,no_stress
6,1,yriB,no,0.629,no_stress
6,2,yriB,no,0.662,no_stress
6,2,yriB,no,0.635,no_stress
6,3,yriB,no,0.64,no_stress
6,3,yriB,no,0.647,no_stress
6,4,yriB,no,0.621,no_stress
6,4,yriB,no,0.627,no_stress
7,1,yriB,no,0.673,no_stress
7,1,yriB,no,0.657,no_stress
7,2,yriB,no,0.698,no_stress
7,2,yriB,no,0.687,no_stress
7,3,yriB,no,0.679,no_stress
7,3,yriB,no,0.689,no_stress
7,4,yriB,no,0.669,no_stress
7,4,yriB,no,0.659,no_stress
8,1,yriB,no,0.71,no_stress
8,1,yriB,no,0.688,no_stress
8,2,yriB,no,0.693,no_stress
8,2,yriB,no,0.716,no_stress
8,3,yriB,no,0.707,no_stress
8,3,yriB,no,0.723,no_stress
8,4,yriB,no,0.696,no_stress
8,4,yriB,no,0.7,no_stress
9,1,yriB,no,0.706,no_stress
9,1,yriB,no,0.695,no_stress
9,2,yriB,no,0.67,no_stress
9,2,yriB,no,0.702,no_stress
9,3,yriB,no,0.721,no_stress
9,3,yriB,no,0.74,no_stress
9,4,yriB,no,0.698,no_stress
9,4,yriB,no,0.711,no_stress
10,1,yriB,no,0.719,no_stress
10,1,yriB,no,0.685,no_stress
10,2,yriB,no,0.674,no_stress
10,2,yriB,no,0.684,no_stress
10,3,yriB,no,0.725,no_stress
10,3,yriB,no,0.734,no_stress
10,4,yriB,no,0.702,no_stress
10,4,yriB,no,0.734,no_stress
11,1,yriB,no,0.733,no_stress
11,1,yriB,no,0.685,no_stress
11,2,yriB,no,0.687,no_stress
11,2,yriB,no,0.691,no_stress
11,3,yriB,no,0.714,no_stress
11,3,yriB,no,0.726,no_stress
11,4,yriB,no,0.715,no_stress
11,4,yriB,no,0.743,no_stress
12,1,yriB,no,0.716,no_stress
12,1,yriB,no,0.683,no_stress
12,2,yriB,no,0.688,no_stress
12,2,yriB,no,0.693,no_stress
12,3,yriB,no,0.701,no_stress
12,3,yriB,no,0.723,no_stress
12,4,yriB,no,0.726,no_stress
12,4,yriB,no,0.709,no_stress
13,1,yriB,no,0.701,no_stress
13,1,yriB,no,0.69,no_stress
13,2,yriB,no,0.705,no_stress
13,2,yriB,no,0.704,no_stress
13,3,yriB,no,0.711,no_stress
13,3,yriB,no,0.735,no_stress
13,4,yriB,no,0.734,no_stress
13,4,yriB,no,0.722,no_stress
14,1,yriB,no,0.716,no_stress
14,1,yriB,no,0.686,no_stress
14,2,yriB,no,0.709,no_stress
14,2,yriB,no,0.716,no_stress
14,3,yriB,no,0.716,no_stress
14,3,yriB,no,0.745,no_stress
14,4,yriB,no,0.733,no_stress
14,4,yriB,no,0.713,no_stress
15,1,yriB,no,0.733,no_stress
15,1,yriB,no,0.698,no_stress
15,2,yriB,no,0.711,no_stress
15,2,yriB,no,0.724,no_stress
15,3,yriB,no,0.718,no_stress
15,3,yriB,no,0.753,no_stress
15,4,yriB,no,0.744,no_stress
15,4,yriB,no,0.742,no_stress
16,1,yriB,no,0.73,no_stress
16,1,yriB,no,0.699,no_stress
16,2,yriB,no,0.712,no_stress
16,2,yriB,no,0.728,no_stress
16,3,yriB,no,0.723,no_stress
16,3,yriB,no,0.747,no_stress
16,4,yriB,no,0.75,no_stress
16,4,yriB,no,0.726,no_stress
17,1,yriB,no,0.733,no_stress
17,1,yriB,no,0.712,no_stress
17,2,yriB,no,0.719,no_stress
17,2,yriB,no,0.731,no_stress
17,3,yriB,no,0.735,no_stress
17,3,yriB,no,0.761,no_stress
17,4,yriB,no,0.763,no_stress
17,4,yriB,no,0.721,no_stress
18,1,yriB,no,0.721,no_stress
18,1,yriB,no,0.723,no_stress
18,2,yriB,no,0.72,no_stress
18,2,yriB,no,0.721,no_stress
18,3,yriB,no,0.729,no_stress
18,3,yriB,no,0.758,no_stress
18,4,yriB,no,0.766,no_stress
18,4,yriB,no,0.714,no_stress
19,1,yriB,no,0.746,no_stress
19,1,yriB,no,0.737,no_stress
19,2,yriB,no,0.727,no_stress
19,2,yriB,no,0.735,no_stress
19,3,yriB,no,0.739,no_stress
19,3,yriB,no,0.768,no_stress
19,4,yriB,no,0.774,no_stress
19,4,yriB,no,0.727,no_stress
20,1,yriB,no,0.705,no_stress
20,1,yriB,no,0.728,no_stress
20,2,yriB,no,0.72,no_stress
20,2,yriB,no,0.73,no_stress
20,3,yriB,no,0.734,no_stress
20,3,yriB,no,0.763,no_stress
20,4,yriB,no,0.77,no_stress
20,4,yriB,no,0.717,no_stress
0,1,yriA,no,0.138,no_stress
0,1,yriA,no,0.139,no_stress
0,2,yriA,no,0.139,no_stress
0,2,yriA,no,0.14,no_stress
0,3,yriA,no,0.141,no_stress
0,3,yriA,no,0.143,no_stress
0,4,yriA,no,0.144,no_stress
0,4,yriA,no,0.143,no_stress
1,1,yriA,no,0.175,no_stress
1,1,yriA,no,0.177,no_stress
1,2,yriA,no,0.182,no_stress
1,2,yriA,no,0.188,no_stress
1,3,yriA,no,0.185,no_stress
1,3,yriA,no,0.182,no_stress
1,4,yriA,no,0.178,no_stress
1,4,yriA,no,0.192,no_stress
2,1,yriA,no,0.224,no_stress
2,1,yriA,no,0.223,no_stress
2,2,yriA,no,0.225,no_stress
2,2,yriA,no,0.231,no_stress
2,3,yriA,no,0.241,no_stress
2,3,yriA,no,0.24,no_stress
2,4,yriA,no,0.231,no_stress
2,4,yriA,no,0.234,no_stress
3,1,yriA,no,0.289,no_stress
3,1,yriA,no,0.301,no_stress
3,2,yriA,no,0.313,no_stress
3,2,yriA,no,0.316,no_stress
3,3,yriA,no,0.324,no_stress
3,3,yriA,no,0.322,no_stress
3,4,yriA,no,0.313,no_stress
3,4,yriA,no,0.304,no_stress
4,1,yriA,no,0.457,no_stress
4,1,yriA,no,0.446,no_stress
4,2,yriA,no,0.438,no_stress
4,2,yriA,no,0.421,no_stress
4,3,yriA,no,0.495,no_stress
4,3,yriA,no,0.496,no_stress
4,4,yriA,no,0.471,no_stress
4,4,yriA,no,0.477,no_stress
5,1,yriA,no,0.608,no_stress
5,1,yriA,no,0.603,no_stress
5,2,yriA,no,0.57,no_stress
5,2,yriA,no,0.597,no_stress
5,3,yriA,no,0.595,no_stress
5,3,yriA,no,0.584,no_stress
5,4,yriA,no,0.551,no_stress
5,4,yriA,no,0.655,no_stress
6,1,yriA,no,0.641,no_stress
6,1,yriA,no,0.655,no_stress
6,2,yriA,no,0.628,no_stress
6,2,yriA,no,0.665,no_stress
6,3,yriA,no,0.657,no_stress
6,3,yriA,no,0.65,no_stress
6,4,yriA,no,0.635,no_stress
6,4,yriA,no,0.71,no_stress
7,1,yriA,no,0.669,no_stress
7,1,yriA,no,0.689,no_stress
7,2,yriA,no,0.678,no_stress
7,2,yriA,no,0.719,no_stress
7,3,yriA,no,0.7,no_stress
7,3,yriA,no,0.699,no_stress
7,4,yriA,no,0.714,no_stress
7,4,yriA,no,0.765,no_stress
8,1,yriA,no,0.709,no_stress
8,1,yriA,no,0.725,no_stress
8,2,yriA,no,0.711,no_stress
8,2,yriA,no,0.728,no_stress
8,3,yriA,no,0.721,no_stress
8,3,yriA,no,0.725,no_stress
8,4,yriA,no,0.739,no_stress
8,4,yriA,no,0.806,no_stress
9,1,yriA,no,0.726,no_stress
9,1,yriA,no,0.73,no_stress
9,2,yriA,no,0.706,no_stress
9,2,yriA,no,0.705,no_stress
9,3,yriA,no,0.698,no_stress
9,3,yriA,no,0.715,no_stress
9,4,yriA,no,0.718,no_stress
9,4,yriA,no,0.804,no_stress
10,1,yriA,no,0.73,no_stress
10,1,yriA,no,0.719,no_stress
10,2,yriA,no,0.684,no_stress
10,2,yriA,no,0.697,no_stress
10,3,yriA,no,0.695,no_stress
10,3,yriA,no,0.706,no_stress
10,4,yriA,no,0.724,no_stress
10,4,yriA,no,0.787,no_stress
11,1,yriA,no,0.712,no_stress
11,1,yriA,no,0.699,no_stress
11,2,yriA,no,0.678,no_stress
11,2,yriA,no,0.718,no_stress
11,3,yriA,no,0.71,no_stress
11,3,yriA,no,0.729,no_stress
11,4,yriA,no,0.746,no_stress
11,4,yriA,no,0.777,no_stress
12,1,yriA,no,0.708,no_stress
12,1,yriA,no,0.692,no_stress
12,2,yriA,no,0.68,no_stress
12,2,yriA,no,0.722,no_stress
12,3,yriA,no,0.72,no_stress
12,3,yriA,no,0.728,no_stress
12,4,yriA,no,0.743,no_stress
12,4,yriA,no,0.783,no_stress
13,1,yriA,no,0.671,no_stress
13,1,yriA,no,0.703,no_stress
13,2,yriA,no,0.687,no_stress
13,2,yriA,no,0.726,no_stress
13,3,yriA,no,0.72,no_stress
13,3,yriA,no,0.731,no_stress
13,4,yriA,no,0.733,no_stress
13,4,yriA,no,0.785,no_stress
14,1,yriA,no,0.663,no_stress
14,1,yriA,no,0.707,no_stress
14,2,yriA,no,0.691,no_stress
14,2,yriA,no,0.734,no_stress
14,3,yriA,no,0.729,no_stress
14,3,yriA,no,0.74,no_stress
14,4,yriA,no,0.743,no_stress
14,4,yriA,no,0.787,no_stress
15,1,yriA,no,0.631,no_stress
15,1,yriA,no,0.708,no_stress
15,2,yriA,no,0.706,no_stress
15,2,yriA,no,0.733,no_stress
15,3,yriA,no,0.735,no_stress
15,3,yriA,no,0.739,no_stress
15,4,yriA,no,0.749,no_stress
15,4,yriA,no,0.792,no_stress
16,1,yriA,no,0.615,no_stress
16,1,yriA,no,0.713,no_stress
16,2,yriA,no,0.704,no_stress
16,2,yriA,no,0.735,no_stress
16,3,yriA,no,0.736,no_stress
16,3,yriA,no,0.741,no_stress
16,4,yriA,no,0.756,no_stress
16,4,yriA,no,0.794,no_stress
17,1,yriA,no,0.605,no_stress
17,1,yriA,no,0.739,no_stress
17,2,yriA,no,0.713,no_stress
17,2,yriA,no,0.744,no_stress
17,3,yriA,no,0.739,no_stress
17,3,yriA,no,0.742,no_stress
17,4,yriA,no,0.77,no_stress
17,4,yriA,no,0.802,no_stress
18,1,yriA,no,0.609,no_stress
18,1,yriA,no,0.742,no_stress
18,2,yriA,no,0.714,no_stress
18,2,yriA,no,0.74,no_stress
18,3,yriA,no,0.739,no_stress
18,3,yriA,no,0.751,no_stress
18,4,yriA,no,0.777,no_stress
18,4,yriA,no,0.781,no_stress
19,1,yriA,no,0.611,no_stress
19,1,yriA,no,0.755,no_stress
19,2,yriA,no,0.736,no_stress
19,2,yriA,no,0.744,no_stress
19,3,yriA,no,0.748,no_stress
19,3,yriA,no,0.759,no_stress
19,4,yriA,no,0.792,no_stress
19,4,yriA,no,0.803,no_stress
20,1,yriA,no,0.623,no_stress
20,1,yriA,no,0.752,no_stress
20,2,yriA,no,0.727,no_stress
20,2,yriA,no,0.741,no_stress
20,3,yriA,no,0.743,no_stress
20,3,yriA,no,0.764,no_stress
20,4,yriA,no,0.786,no_stress
20,4,yriA,no,0.782,no_stress
0,1,yriB(yriA_TAA),no,0.13,stress
0,2,yriB(yriA_TAA),no,0.127,stress
0,3,yriB(yriA_TAA),no,0.126,stress
0,4,yriB(yriA_TAA),no,0.125,stress
0,5,yriB(yriA_TAA),no,0.132,stress
0,6,yriB(yriA_TAA),no,0.131,stress
0,7,yriB(yriA_TAA),no,0.129,stress
0,8,yriB(yriA_TAA),no,0.126,stress
1,1,yriB(yriA_TAA),no,0.173,stress
1,2,yriB(yriA_TAA),no,0.167,stress
1,3,yriB(yriA_TAA),no,0.163,stress
1,4,yriB(yriA_TAA),no,0.157,stress
1,5,yriB(yriA_TAA),no,0.171,stress
1,6,yriB(yriA_TAA),no,0.166,stress
1,7,yriB(yriA_TAA),no,0.162,stress
1,8,yriB(yriA_TAA),no,0.16,stress
2,1,yriB(yriA_TAA),no,0.224,stress
2,2,yriB(yriA_TAA),no,0.233,stress
2,3,yriB(yriA_TAA),no,0.208,stress
2,4,yriB(yriA_TAA),no,0.22,stress
2,5,yriB(yriA_TAA),no,0.24,stress
2,6,yriB(yriA_TAA),no,0.234,stress
2,7,yriB(yriA_TAA),no,0.217,stress
2,8,yriB(yriA_TAA),no,0.214,stress
3,1,yriB(yriA_TAA),no,0.29,stress
3,2,yriB(yriA_TAA),no,0.293,stress
3,3,yriB(yriA_TAA),no,0.273,stress
3,4,yriB(yriA_TAA),no,0.29,stress
3,5,yriB(yriA_TAA),no,0.302,stress
3,6,yriB(yriA_TAA),no,0.295,stress
3,7,yriB(yriA_TAA),no,0.27,stress
3,8,yriB(yriA_TAA),no,0.307,stress
4,1,yriB(yriA_TAA),no,0.372,stress
4,2,yriB(yriA_TAA),no,0.38,stress
4,3,yriB(yriA_TAA),no,0.36,stress
4,4,yriB(yriA_TAA),no,0.376,stress
4,5,yriB(yriA_TAA),no,0.397,stress
4,6,yriB(yriA_TAA),no,0.39,stress
4,7,yriB(yriA_TAA),no,0.359,stress
4,8,yriB(yriA_TAA),no,0.386,stress
5,1,yriB(yriA_TAA),no,0.437,stress
5,2,yriB(yriA_TAA),no,0.447,stress
5,3,yriB(yriA_TAA),no,0.434,stress
5,4,yriB(yriA_TAA),no,0.474,stress
5,5,yriB(yriA_TAA),no,0.46,stress
5,6,yriB(yriA_TAA),no,0.458,stress
5,7,yriB(yriA_TAA),no,0.462,stress
5,8,yriB(yriA_TAA),no,0.486,stress
6,1,yriB(yriA_TAA),no,0.484,stress
6,2,yriB(yriA_TAA),no,0.471,stress
6,3,yriB(yriA_TAA),no,0.47,stress
6,4,yriB(yriA_TAA),no,0.522,stress
6,5,yriB(yriA_TAA),no,0.505,stress
6,6,yriB(yriA_TAA),no,0.514,stress
6,7,yriB(yriA_TAA),no,0.518,stress
6,8,yriB(yriA_TAA),no,0.548,stress
7,1,yriB(yriA_TAA),no,0.538,stress
7,2,yriB(yriA_TAA),no,0.538,stress
7,3,yriB(yriA_TAA),no,0.524,stress
7,4,yriB(yriA_TAA),no,0.528,stress
7,5,yriB(yriA_TAA),no,0.595,stress
7,6,yriB(yriA_TAA),no,0.62,stress
7,7,yriB(yriA_TAA),no,0.584,stress
7,8,yriB(yriA_TAA),no,0.563,stress
8,1,yriB(yriA_TAA),no,0.589,stress
8,2,yriB(yriA_TAA),no,0.587,stress
8,3,yriB(yriA_TAA),no,0.559,stress
8,4,yriB(yriA_TAA),no,0.539,stress
8,5,yriB(yriA_TAA),no,0.663,stress
8,6,yriB(yriA_TAA),no,0.712,stress
8,7,yriB(yriA_TAA),no,0.608,stress
8,8,yriB(yriA_TAA),no,0.572,stress
9,1,yriB(yriA_TAA),no,0.648,stress
9,2,yriB(yriA_TAA),no,0.645,stress
9,3,yriB(yriA_TAA),no,0.635,stress
9,4,yriB(yriA_TAA),no,0.548,stress
9,5,yriB(yriA_TAA),no,0.729,stress
9,6,yriB(yriA_TAA),no,0.768,stress
9,7,yriB(yriA_TAA),no,0.696,stress
9,8,yriB(yriA_TAA),no,0.606,stress
10,1,yriB(yriA_TAA),no,0.667,stress
10,2,yriB(yriA_TAA),no,0.671,stress
10,3,yriB(yriA_TAA),no,0.706,stress
10,4,yriB(yriA_TAA),no,0.57,stress
10,5,yriB(yriA_TAA),no,0.769,stress
10,6,yriB(yriA_TAA),no,0.817,stress
10,7,yriB(yriA_TAA),no,0.761,stress
10,8,yriB(yriA_TAA),no,0.676,stress
11,1,yriB(yriA_TAA),no,0.691,stress
11,2,yriB(yriA_TAA),no,0.674,stress
11,3,yriB(yriA_TAA),no,0.732,stress
11,4,yriB(yriA_TAA),no,0.596,stress
11,5,yriB(yriA_TAA),no,0.795,stress
11,6,yriB(yriA_TAA),no,0.837,stress
11,7,yriB(yriA_TAA),no,0.794,stress
11,8,yriB(yriA_TAA),no,0.749,stress
12,1,yriB(yriA_TAA),no,0.727,stress
12,2,yriB(yriA_TAA),no,0.676,stress
12,3,yriB(yriA_TAA),no,0.73,stress
12,4,yriB(yriA_TAA),no,0.625,stress
12,5,yriB(yriA_TAA),no,0.797,stress
12,6,yriB(yriA_TAA),no,0.83,stress
12,7,yriB(yriA_TAA),no,0.789,stress
12,8,yriB(yriA_TAA),no,0.804,stress
13,1,yriB(yriA_TAA),no,0.75,stress
13,2,yriB(yriA_TAA),no,0.687,stress
13,3,yriB(yriA_TAA),no,0.745,stress
13,4,yriB(yriA_TAA),no,0.659,stress
13,5,yriB(yriA_TAA),no,0.825,stress
13,6,yriB(yriA_TAA),no,0.845,stress
13,7,yriB(yriA_TAA),no,0.805,stress
13,8,yriB(yriA_TAA),no,0.862,stress
14,1,yriB(yriA_TAA),no,0.755,stress
14,2,yriB(yriA_TAA),no,0.724,stress
14,3,yriB(yriA_TAA),no,0.764,stress
14,4,yriB(yriA_TAA),no,0.706,stress
14,5,yriB(yriA_TAA),no,0.885,stress
14,6,yriB(yriA_TAA),no,0.903,stress
14,7,yriB(yriA_TAA),no,0.835,stress
14,8,yriB(yriA_TAA),no,0.913,stress
15,1,yriB(yriA_TAA),no,0.753,stress
15,2,yriB(yriA_TAA),no,0.726,stress
15,3,yriB(yriA_TAA),no,0.757,stress
15,4,yriB(yriA_TAA),no,0.734,stress
15,5,yriB(yriA_TAA),no,0.867,stress
15,6,yriB(yriA_TAA),no,0.894,stress
15,7,yriB(yriA_TAA),no,0.83,stress
15,8,yriB(yriA_TAA),no,0.929,stress
16,1,yriB(yriA_TAA),no,0.768,stress
16,2,yriB(yriA_TAA),no,0.702,stress
16,3,yriB(yriA_TAA),no,0.731,stress
16,4,yriB(yriA_TAA),no,0.737,stress
16,5,yriB(yriA_TAA),no,0.829,stress
16,6,yriB(yriA_TAA),no,0.85,stress
16,7,yriB(yriA_TAA),no,0.813,stress
16,8,yriB(yriA_TAA),no,0.911,stress
17,1,yriB(yriA_TAA),no,0.771,stress
17,2,yriB(yriA_TAA),no,0.739,stress
17,3,yriB(yriA_TAA),no,0.766,stress
17,4,yriB(yriA_TAA),no,0.802,stress
17,5,yriB(yriA_TAA),no,0.87,stress
17,6,yriB(yriA_TAA),no,0.9,stress
17,7,yriB(yriA_TAA),no,0.861,stress
17,8,yriB(yriA_TAA),no,0.958,stress
18,1,yriB(yriA_TAA),no,0.788,stress
18,2,yriB(yriA_TAA),no,0.74,stress
18,3,yriB(yriA_TAA),no,0.768,stress
18,4,yriB(yriA_TAA),no,0.809,stress
18,5,yriB(yriA_TAA),no,0.863,stress
18,6,yriB(yriA_TAA),no,0.891,stress
18,7,yriB(yriA_TAA),no,0.866,stress
18,8,yriB(yriA_TAA),no,0.992,stress
19,1,yriB(yriA_TAA),no,0.789,stress
19,2,yriB(yriA_TAA),no,0.757,stress
19,3,yriB(yriA_TAA),no,0.778,stress
19,4,yriB(yriA_TAA),no,0.826,stress
19,5,yriB(yriA_TAA),no,0.869,stress
19,6,yriB(yriA_TAA),no,0.9,stress
19,7,yriB(yriA_TAA),no,0.882,stress
19,8,yriB(yriA_TAA),no,0.988,stress
20,1,yriB(yriA_TAA),no,0.809,stress
20,2,yriB(yriA_TAA),no,0.764,stress
20,3,yriB(yriA_TAA),no,0.783,stress
20,4,yriB(yriA_TAA),no,0.833,stress
20,5,yriB(yriA_TAA),no,0.874,stress
20,6,yriB(yriA_TAA),no,0.901,stress
20,7,yriB(yriA_TAA),no,0.891,stress
20,8,yriB(yriA_TAA),no,0.975,stress
0,1,yriB(yriA_TAA),no,0.13,no_stress
0,1,yriB(yriA_TAA),no,0.128,no_stress
0,2,yriB(yriA_TAA),no,0.131,no_stress
0,2,yriB(yriA_TAA),no,0.128,no_stress
0,3,yriB(yriA_TAA),no,0.143,no_stress
0,3,yriB(yriA_TAA),no,0.141,no_stress
0,4,yriB(yriA_TAA),no,0.141,no_stress
0,4,yriB(yriA_TAA),no,0.144,no_stress
1,1,yriB(yriA_TAA),no,0.155,no_stress
1,1,yriB(yriA_TAA),no,0.151,no_stress
1,2,yriB(yriA_TAA),no,0.158,no_stress
1,2,yriB(yriA_TAA),no,0.146,no_stress
1,3,yriB(yriA_TAA),no,0.178,no_stress
1,3,yriB(yriA_TAA),no,0.178,no_stress
1,4,yriB(yriA_TAA),no,0.18,no_stress
1,4,yriB(yriA_TAA),no,0.181,no_stress
2,1,yriB(yriA_TAA),no,0.191,no_stress
2,1,yriB(yriA_TAA),no,0.18,no_stress
2,2,yriB(yriA_TAA),no,0.191,no_stress
2,2,yriB(yriA_TAA),no,0.172,no_stress
2,3,yriB(yriA_TAA),no,0.23,no_stress
2,3,yriB(yriA_TAA),no,0.229,no_stress
2,4,yriB(yriA_TAA),no,0.225,no_stress
2,4,yriB(yriA_TAA),no,0.241,no_stress
3,1,yriB(yriA_TAA),no,0.231,no_stress
3,1,yriB(yriA_TAA),no,0.218,no_stress
3,2,yriB(yriA_TAA),no,0.233,no_stress
3,2,yriB(yriA_TAA),no,0.204,no_stress
3,3,yriB(yriA_TAA),no,0.293,no_stress
3,3,yriB(yriA_TAA),no,0.292,no_stress
3,4,yriB(yriA_TAA),no,0.286,no_stress
3,4,yriB(yriA_TAA),no,0.322,no_stress
4,1,yriB(yriA_TAA),no,0.326,no_stress
4,1,yriB(yriA_TAA),no,0.307,no_stress
4,2,yriB(yriA_TAA),no,0.323,no_stress
4,2,yriB(yriA_TAA),no,0.278,no_stress
4,3,yriB(yriA_TAA),no,0.392,no_stress
4,3,yriB(yriA_TAA),no,0.397,no_stress
4,4,yriB(yriA_TAA),no,0.391,no_stress
4,4,yriB(yriA_TAA),no,0.422,no_stress
5,1,yriB(yriA_TAA),no,0.435,no_stress
5,1,yriB(yriA_TAA),no,0.418,no_stress
5,2,yriB(yriA_TAA),no,0.453,no_stress
5,2,yriB(yriA_TAA),no,0.377,no_stress
5,3,yriB(yriA_TAA),no,0.524,no_stress
5,3,yriB(yriA_TAA),no,0.525,no_stress
5,4,yriB(yriA_TAA),no,0.581,no_stress
5,4,yriB(yriA_TAA),no,0.61,no_stress
6,1,yriB(yriA_TAA),no,0.628,no_stress
6,1,yriB(yriA_TAA),no,0.617,no_stress
6,2,yriB(yriA_TAA),no,0.655,no_stress
6,2,yriB(yriA_TAA),no,0.594,no_stress
6,3,yriB(yriA_TAA),no,0.622,no_stress
6,3,yriB(yriA_TAA),no,0.626,no_stress
6,4,yriB(yriA_TAA),no,0.699,no_stress
6,4,yriB(yriA_TAA),no,0.767,no_stress
7,1,yriB(yriA_TAA),no,0.695,no_stress
7,1,yriB(yriA_TAA),no,0.659,no_stress
7,2,yriB(yriA_TAA),no,0.683,no_stress
7,2,yriB(yriA_TAA),no,0.668,no_stress
7,3,yriB(yriA_TAA),no,0.668,no_stress
7,3,yriB(yriA_TAA),no,0.686,no_stress
7,4,yriB(yriA_TAA),no,0.698,no_stress
7,4,yriB(yriA_TAA),no,0.787,no_stress
8,1,yriB(yriA_TAA),no,0.696,no_stress
8,1,yriB(yriA_TAA),no,0.662,no_stress
8,2,yriB(yriA_TAA),no,0.688,no_stress
8,2,yriB(yriA_TAA),no,0.669,no_stress
8,3,yriB(yriA_TAA),no,0.69,no_stress
8,3,yriB(yriA_TAA),no,0.702,no_stress
8,4,yriB(yriA_TAA),no,0.717,no_stress
8,4,yriB(yriA_TAA),no,0.787,no_stress
9,1,yriB(yriA_TAA),no,0.696,no_stress
9,1,yriB(yriA_TAA),no,0.69,no_stress
9,2,yriB(yriA_TAA),no,0.709,no_stress
9,2,yriB(yriA_TAA),no,0.685,no_stress
9,3,yriB(yriA_TAA),no,0.719,no_stress
9,3,yriB(yriA_TAA),no,0.732,no_stress
9,4,yriB(yriA_TAA),no,0.745,no_stress
9,4,yriB(yriA_TAA),no,0.803,no_stress
10,1,yriB(yriA_TAA),no,0.691,no_stress
10,1,yriB(yriA_TAA),no,0.715,no_stress
10,2,yriB(yriA_TAA),no,0.723,no_stress
10,2,yriB(yriA_TAA),no,0.701,no_stress
10,3,yriB(yriA_TAA),no,0.75,no_stress
10,3,yriB(yriA_TAA),no,0.764,no_stress
10,4,yriB(yriA_TAA),no,0.772,no_stress
10,4,yriB(yriA_TAA),no,0.807,no_stress
11,1,yriB(yriA_TAA),no,0.71,no_stress
11,1,yriB(yriA_TAA),no,0.725,no_stress
11,2,yriB(yriA_TAA),no,0.748,no_stress
11,2,yriB(yriA_TAA),no,0.717,no_stress
11,3,yriB(yriA_TAA),no,0.787,no_stress
11,3,yriB(yriA_TAA),no,0.796,no_stress
11,4,yriB(yriA_TAA),no,0.794,no_stress
11,4,yriB(yriA_TAA),no,0.837,no_stress
12,1,yriB(yriA_TAA),no,0.72,no_stress
12,1,yriB(yriA_TAA),no,0.69,no_stress
12,2,yriB(yriA_TAA),no,0.761,no_stress
12,2,yriB(yriA_TAA),no,0.733,no_stress
12,3,yriB(yriA_TAA),no,0.772,no_stress
12,3,yriB(yriA_TAA),no,0.773,no_stress
12,4,yriB(yriA_TAA),no,0.763,no_stress
12,4,yriB(yriA_TAA),no,0.838,no_stress
13,1,yriB(yriA_TAA),no,0.739,no_stress
13,1,yriB(yriA_TAA),no,0.671,no_stress
13,2,yriB(yriA_TAA),no,0.753,no_stress
13,2,yriB(yriA_TAA),no,0.762,no_stress
13,3,yriB(yriA_TAA),no,0.758,no_stress
13,3,yriB(yriA_TAA),no,0.761,no_stress
13,4,yriB(yriA_TAA),no,0.748,no_stress
13,4,yriB(yriA_TAA),no,0.845,no_stress
14,1,yriB(yriA_TAA),no,0.759,no_stress
14,1,yriB(yriA_TAA),no,0.663,no_stress
14,2,yriB(yriA_TAA),no,0.738,no_stress
14,2,yriB(yriA_TAA),no,0.756,no_stress
14,3,yriB(yriA_TAA),no,0.749,no_stress
14,3,yriB(yriA_TAA),no,0.748,no_stress
14,4,yriB(yriA_TAA),no,0.749,no_stress
14,4,yriB(yriA_TAA),no,0.855,no_stress
15,1,yriB(yriA_TAA),no,0.777,no_stress
15,1,yriB(yriA_TAA),no,0.662,no_stress
15,2,yriB(yriA_TAA),no,0.72,no_stress
15,2,yriB(yriA_TAA),no,0.735,no_stress
15,3,yriB(yriA_TAA),no,0.744,no_stress
15,3,yriB(yriA_TAA),no,0.746,no_stress
15,4,yriB(yriA_TAA),no,0.751,no_stress
15,4,yriB(yriA_TAA),no,0.87,no_stress
16,1,yriB(yriA_TAA),no,0.789,no_stress
16,1,yriB(yriA_TAA),no,0.666,no_stress
16,2,yriB(yriA_TAA),no,0.711,no_stress
16,2,yriB(yriA_TAA),no,0.716,no_stress
16,3,yriB(yriA_TAA),no,0.742,no_stress
16,3,yriB(yriA_TAA),no,0.747,no_stress
16,4,yriB(yriA_TAA),no,0.754,no_stress
16,4,yriB(yriA_TAA),no,0.876,no_stress
17,1,yriB(yriA_TAA),no,0.804,no_stress
17,1,yriB(yriA_TAA),no,0.669,no_stress
17,2,yriB(yriA_TAA),no,0.706,no_stress
17,2,yriB(yriA_TAA),no,0.705,no_stress
17,3,yriB(yriA_TAA),no,0.744,no_stress
17,3,yriB(yriA_TAA),no,0.746,no_stress
17,4,yriB(yriA_TAA),no,0.757,no_stress
17,4,yriB(yriA_TAA),no,0.883,no_stress
18,1,yriB(yriA_TAA),no,0.817,no_stress
18,1,yriB(yriA_TAA),no,0.674,no_stress
18,2,yriB(yriA_TAA),no,0.704,no_stress
18,2,yriB(yriA_TAA),no,0.706,no_stress
18,3,yriB(yriA_TAA),no,0.747,no_stress
18,3,yriB(yriA_TAA),no,0.748,no_stress
18,4,yriB(yriA_TAA),no,0.765,no_stress
18,4,yriB(yriA_TAA),no,0.887,no_stress
19,1,yriB(yriA_TAA),no,0.828,no_stress
19,1,yriB(yriA_TAA),no,0.677,no_stress
19,2,yriB(yriA_TAA),no,0.704,no_stress
19,2,yriB(yriA_TAA),no,0.707,no_stress
19,3,yriB(yriA_TAA),no,0.752,no_stress
19,3,yriB(yriA_TAA),no,0.755,no_stress
19,4,yriB(yriA_TAA),no,0.775,no_stress
19,4,yriB(yriA_TAA),no,0.892,no_stress
20,1,yriB(yriA_TAA),no,0.838,no_stress
20,1,yriB(yriA_TAA),no,0.678,no_stress
20,2,yriB(yriA_TAA),no,0.702,no_stress
20,2,yriB(yriA_TAA),no,0.705,no_stress
20,3,yriB(yriA_TAA),no,0.749,no_stress
20,3,yriB(yriA_TAA),no,0.755,no_stress
20,4,yriB(yriA_TAA),no,0.776,no_stress
20,4,yriB(yriA_TAA),no,0.898,no_stress